# Apple ModelIO OBJ File: monkey3
mtllib monkey3.mtl
g 
v 0.131295 0.69322 0.268787
v 0.139766 0.707717 0.245157
v 0.123866 0.724347 0.25287
v 0.116443 0.711501 0.273778
v 0.111781 0.737609 0.259152
v 0.105186 0.726009 0.277985
v 0.142711 0.723977 0.221277
v 0.12643 0.738796 0.231667
v 0.11404 0.75069 0.239981
v 0.104427 0.700623 0.29362
v 0.117664 0.680913 0.291266
v 0.0880838 0.69208 0.311627
v 0.0992348 0.671222 0.311693
v 0.0944318 0.716214 0.295824
v 0.0796998 0.708548 0.312009
v 0.132655 0.658235 0.288075
v 0.148067 0.672149 0.262673
v 0.147914 0.633738 0.283359
v 0.16508 0.649267 0.255097
v 0.111903 0.647258 0.311191
v 0.124843 0.621476 0.309103
v 0.15768 0.688504 0.236019
v 0.161037 0.706802 0.209145
v 0.175807 0.667491 0.225465
v 0.179561 0.687837 0.195609
v -0.849871 0.69322 0.268787
v -0.866643 0.672149 0.262673
v -0.851231 0.658235 0.288075
v -0.83624 0.680913 0.291266
v -0.830479 0.647258 0.311191
v -0.817811 0.671222 0.311693
v -0.883656 0.649267 0.255097
v -0.86649 0.633738 0.283359
v -0.843419 0.621476 0.309103
v -0.823003 0.700623 0.29362
v -0.835019 0.711501 0.273778
v -0.813008 0.716214 0.295824
v -0.823762 0.726009 0.277985
v -0.80666 0.69208 0.311627
v -0.798276 0.708548 0.312009
v -0.842442 0.724347 0.25287
v -0.858342 0.707717 0.245157
v -0.845006 0.738796 0.231667
v -0.861287 0.723977 0.221277
v -0.830357 0.737609 0.259152
v -0.832616 0.75069 0.239981
v -0.876256 0.688504 0.236019
v -0.894383 0.667491 0.225465
v -0.879613 0.706802 0.209145
v -0.898137 0.687837 0.195609
v 0.195163 0.601218 0.234998
v 0.207698 0.622664 0.200483
v 0.192348 0.645459 0.213502
v 0.18066 0.625554 0.245722
v 0.212077 0.646539 0.165602
v 0.196437 0.667647 0.181006
v 0.161952 0.608574 0.276437
v 0.175075 0.582908 0.267857
v 0.136806 0.595157 0.304413
v 0.148036 0.568437 0.297771
v 0.187587 0.556909 0.258173
v 0.208949 0.576468 0.223374
v 0.199794 0.530743 0.247937
v 0.222377 0.551511 0.2113
v 0.158778 0.541449 0.28983
v 0.169276 0.514328 0.281237
v 0.222255 0.59936 0.186762
v 0.226894 0.624819 0.149664
v 0.236415 0.575802 0.172687
v 0.241298 0.602793 0.133458
v -0.913739 0.601218 0.234998
v -0.927525 0.576468 0.223374
v -0.906163 0.556909 0.258173
v -0.893651 0.582908 0.267857
v -0.877354 0.541449 0.28983
v -0.866612 0.568437 0.297771
v -0.940953 0.551511 0.2113
v -0.91837 0.530743 0.247937
v -0.887852 0.514328 0.281237
v -0.880528 0.608574 0.276437
v -0.899236 0.625554 0.245722
v -0.855382 0.595157 0.304413
v -0.910924 0.645459 0.213502
v -0.926274 0.622664 0.200483
v -0.915013 0.667647 0.181006
v -0.930653 0.646539 0.165602
v -0.940831 0.59936 0.186762
v -0.954991 0.575802 0.172687
v -0.94547 0.624819 0.149664
v -0.959874 0.602793 0.133458
v 0.0765048 0.553172 0.344116
v 0.11465 0.55851 0.323455
v 0.1058 0.585945 0.328421
v 0.0704068 0.580988 0.347727
v 0.0963998 0.613052 0.331178
v 0.0639488 0.608519 0.348918
v 0.0320998 0.580333 0.361593
v 0.0351898 0.552466 0.358966
v -0.00764921 0.584031 0.369286
v -0.00770622 0.556438 0.367213
v 0.0288498 0.607928 0.361657
v -0.00753522 0.611332 0.368726
v 0.0381728 0.524418 0.354631
v 0.0823618 0.525166 0.338896
v 0.0411028 0.496279 0.349441
v 0.0880998 0.497065 0.332869
v -0.00772622 0.52865 0.363384
v -0.00772622 0.500766 0.358677
v 0.123134 0.530856 0.317016
v 0.131435 0.503091 0.30984
v -0.795081 0.553172 0.344116
v -0.800938 0.525166 0.338896
v -0.756749 0.524418 0.354631
v -0.753766 0.552466 0.358966
v -0.71085 0.52865 0.363384
v -0.71087 0.556438 0.367213
v -0.806676 0.497065 0.332869
v -0.759679 0.496279 0.349441
v -0.71085 0.500766 0.358677
v -0.750676 0.580333 0.361593
v -0.788983 0.580988 0.347727
v -0.747426 0.607928 0.361657
v -0.782525 0.608519 0.348918
v -0.710927 0.584031 0.369286
v -0.711041 0.611332 0.368726
v -0.824376 0.585945 0.328421
v -0.833226 0.55851 0.323455
v -0.814976 0.613052 0.331178
v -0.84171 0.530856 0.317016
v -0.850011 0.503091 0.30984
v 0.0502478 0.661017 0.343191
v 0.0763728 0.664574 0.329167
v 0.0676828 0.686237 0.327026
v 0.0443218 0.683139 0.33939
v 0.0611678 0.703334 0.325878
v 0.0398898 0.700611 0.337041
v 0.0190988 0.68283 0.348291
v 0.0220288 0.660603 0.353269
v -0.00688621 0.685356 0.3533
v -0.00711522 0.663381 0.358902
v 0.0169168 0.700414 0.345107
v -0.00669622 0.702781 0.349683
v 0.0253858 0.63516 0.358303
v 0.0570098 0.63567 0.346888
v -0.00734422 0.638244 0.364653
v 0.0862688 0.639719 0.330989
v -0.768824 0.661017 0.343191
v -0.775586 0.63567 0.346888
v -0.743962 0.63516 0.358303
v -0.740605 0.660603 0.353269
v -0.711232 0.638244 0.364653
v -0.711461 0.663381 0.358902
v -0.737675 0.68283 0.348291
v -0.762898 0.683139 0.33939
v -0.735493 0.700414 0.345107
v -0.758466 0.700611 0.337041
v -0.71169 0.685356 0.3533
v -0.71188 0.702781 0.349683
v -0.786259 0.686237 0.327026
v -0.794949 0.664574 0.329167
v -0.779744 0.703334 0.325878
v -0.804845 0.639719 0.330989
v -0.0636872 0.678213 0.355549
v -0.0360152 0.669401 0.359592
v -0.0325362 0.69076 0.35399
v -0.0570112 0.698634 0.350526
v -0.0298972 0.707749 0.350378
v -0.0519612 0.714938 0.347337
v -0.0794722 0.708565 0.343073
v -0.0891462 0.689368 0.346986
v -0.0990802 0.720145 0.331796
v -0.111409 0.702416 0.334111
v -0.0721632 0.723965 0.340705
v -0.0897802 0.734451 0.330625
v -0.100041 0.667401 0.350883
v -0.0712022 0.654857 0.360677
v -0.111012 0.643695 0.353199
v -0.0787702 0.629747 0.364175
v -0.125294 0.682114 0.33624
v -0.139264 0.660092 0.336855
v -0.0399222 0.644974 0.365356
v -0.0438432 0.618782 0.369458
v -0.654889 0.678213 0.355549
v -0.647374 0.654857 0.360677
v -0.618535 0.667401 0.350883
v -0.62943 0.689368 0.346986
v -0.593282 0.682114 0.33624
v -0.607167 0.702416 0.334111
v -0.639806 0.629747 0.364175
v -0.607564 0.643695 0.353199
v -0.579312 0.660092 0.336855
v -0.639104 0.708565 0.343073
v -0.661565 0.698634 0.350526
v -0.646413 0.723965 0.340705
v -0.666615 0.714938 0.347337
v -0.619496 0.720145 0.331796
v -0.628796 0.734451 0.330625
v -0.68604 0.69076 0.35399
v -0.682561 0.669401 0.359592
v -0.688679 0.707749 0.350378
v -0.678654 0.644974 0.365356
v -0.674733 0.618782 0.369458
v -0.0918932 0.577956 0.361927
v -0.0505952 0.56513 0.368067
v -0.0473682 0.592129 0.37007
v -0.0856062 0.604065 0.364312
v -0.120915 0.619277 0.352376
v -0.130017 0.594326 0.349195
v -0.151845 0.6372 0.334627
v -0.163384 0.613655 0.330267
v -0.138585 0.56902 0.344443
v -0.0978132 0.551558 0.357863
v -0.146886 0.543535 0.338906
v -0.103551 0.525019 0.352958
v -0.174229 0.589675 0.324487
v -0.184727 0.565477 0.317996
v -0.0536242 0.537899 0.364319
v -0.0565542 0.510554 0.359699
v -0.626683 0.577956 0.361927
v -0.620763 0.551558 0.357863
v -0.579991 0.56902 0.344443
v -0.588559 0.594326 0.349195
v -0.544347 0.589675 0.324487
v -0.555192 0.613655 0.330267
v -0.615025 0.525019 0.352958
v -0.57169 0.543535 0.338906
v -0.533849 0.565477 0.317996
v -0.597661 0.619277 0.352376
v -0.63297 0.604065 0.364312
v -0.566731 0.6372 0.334627
v -0.671208 0.592129 0.37007
v -0.667981 0.56513 0.368067
v -0.664952 0.537899 0.364319
v -0.662022 0.510554 0.359699
v -0.210494 0.658763 0.276353
v -0.190411 0.635352 0.305547
v -0.176945 0.65727 0.311433
v -0.19563 0.678915 0.284071
v -0.162221 0.678407 0.315461
v -0.17933 0.698152 0.290229
v -0.20731 0.701564 0.253823
v -0.223027 0.683231 0.24401
v -0.2114 0.724645 0.221968
v -0.227406 0.708097 0.209841
v -0.190038 0.718838 0.262366
v -0.193791 0.739978 0.233081
v -0.237706 0.66419 0.233352
v -0.2244 0.638001 0.267595
v -0.251866 0.644795 0.222269
v -0.237828 0.616934 0.258317
v -0.242345 0.690738 0.197037
v -0.256749 0.672975 0.183895
v -0.203038 0.612916 0.298423
v -0.215245 0.590219 0.29068
v -0.508082 0.658763 0.276353
v -0.494176 0.638001 0.267595
v -0.48087 0.66419 0.233352
v -0.495549 0.683231 0.24401
v -0.476231 0.690738 0.197037
v -0.49117 0.708097 0.209841
v -0.480748 0.616934 0.258317
v -0.46671 0.644795 0.222269
v -0.461827 0.672975 0.183895
v -0.511266 0.701564 0.253823
v -0.522946 0.678915 0.284071
v -0.528538 0.718838 0.262366
v -0.539246 0.698152 0.290229
v -0.507176 0.724645 0.221968
v -0.524785 0.739978 0.233081
v -0.541631 0.65727 0.311433
v -0.528165 0.635352 0.305547
v -0.556355 0.678407 0.315461
v -0.515538 0.612916 0.298423
v -0.503331 0.590219 0.29068
v -0.14296 0.732519 0.297029
v -0.129491 0.716908 0.317135
v -0.114995 0.732964 0.316862
v -0.126843 0.74676 0.299117
v -0.104085 0.746014 0.31724
v -0.114739 0.758445 0.301296
v -0.134251 0.761272 0.279407
v -0.151387 0.748917 0.274765
v -0.136845 0.776241 0.258578
v -0.15434 0.765778 0.251317
v -0.121403 0.771535 0.283533
v -0.123738 0.785075 0.264692
v -0.170689 0.734697 0.269216
v -0.161114 0.716168 0.294307
v -0.174046 0.75369 0.242842
v -0.145818 0.698505 0.317015
v -0.575616 0.732519 0.297029
v -0.557462 0.716168 0.294307
v -0.547887 0.734697 0.269216
v -0.567189 0.748917 0.274765
v -0.54453 0.75369 0.242842
v -0.564236 0.765778 0.251317
v -0.584325 0.761272 0.279407
v -0.591733 0.74676 0.299117
v -0.597173 0.771535 0.283533
v -0.603837 0.758445 0.301296
v -0.581731 0.776241 0.258578
v -0.594838 0.785075 0.264692
v -0.603581 0.732964 0.316862
v -0.589085 0.716908 0.317135
v -0.614491 0.746014 0.31724
v -0.572758 0.698505 0.317015
v -0.14296 0.798976 0.204554
v -0.151387 0.782774 0.227655
v -0.134251 0.791405 0.237477
v -0.126843 0.805901 0.216823
v -0.121403 0.798855 0.245517
v -0.114739 0.812059 0.226693
v -0.114995 0.81886 0.19734
v -0.129491 0.813459 0.182786
v -0.0990802 0.829417 0.179747
v -0.111409 0.825296 0.163126
v -0.104085 0.823869 0.208907
v -0.0897802 0.833468 0.192844
v -0.145818 0.807038 0.165994
v -0.161114 0.790853 0.190384
v -0.162221 0.798961 0.147714
v -0.17933 0.781096 0.174814
v -0.125294 0.820299 0.143958
v -0.139264 0.813621 0.123223
v -0.170689 0.772739 0.216282
v -0.190038 0.761083 0.203584
v -0.575616 0.798976 0.204554
v -0.557462 0.790853 0.190384
v -0.572758 0.807038 0.165994
v -0.589085 0.813459 0.182786
v -0.593282 0.820299 0.143958
v -0.607167 0.825296 0.163126
v -0.539246 0.781096 0.174814
v -0.556355 0.798961 0.147714
v -0.579312 0.813621 0.123223
v -0.603581 0.81886 0.19734
v -0.591733 0.805901 0.216823
v -0.614491 0.823869 0.208907
v -0.603837 0.812059 0.226693
v -0.619496 0.829417 0.179747
v -0.628796 0.833468 0.192844
v -0.584325 0.791405 0.237477
v -0.567189 0.782774 0.227655
v -0.597173 0.798855 0.245517
v -0.547887 0.772739 0.216282
v -0.528538 0.761083 0.203584
v -0.210494 0.7559 0.14119
v -0.223027 0.732706 0.175166
v -0.20731 0.747584 0.189787
v -0.19563 0.769272 0.15834
v -0.176945 0.788598 0.128691
v -0.190411 0.776521 0.109114
v -0.151845 0.80445 0.101901
v -0.163384 0.793412 0.0801391
v -0.203038 0.763301 0.0891652
v -0.2244 0.741493 0.123588
v -0.215245 0.74951 0.0690316
v -0.237828 0.72657 0.105761
v -0.174229 0.781129 0.0580834
v -0.184727 0.768222 0.0358804
v -0.237706 0.716906 0.159998
v -0.251866 0.700646 0.144554
v -0.508082 0.7559 0.14119
v -0.494176 0.741493 0.123588
v -0.515538 0.763301 0.0891652
v -0.528165 0.776521 0.109114
v -0.544347 0.781129 0.0580834
v -0.555192 0.793412 0.0801391
v -0.480748 0.72657 0.105761
v -0.503331 0.74951 0.0690316
v -0.533849 0.768222 0.0358804
v -0.541631 0.788598 0.128691
v -0.522946 0.769272 0.15834
v -0.566731 0.80445 0.101901
v -0.511266 0.747584 0.189787
v -0.495549 0.732706 0.175166
v -0.48087 0.716906 0.159998
v -0.46671 0.700646 0.144554
v -0.0918932 0.812377 0.0357344
v -0.130017 0.805415 0.0554684
v -0.120915 0.815718 0.0790327
v -0.0856062 0.82226 0.0606979
v -0.111012 0.824017 0.102284
v -0.0787702 0.830039 0.0854729
v -0.0473682 0.82394 0.0475106
v -0.0505952 0.814145 0.0215683
v -0.00764921 0.820615 0.0400852
v -0.00770622 0.810564 0.0136022
v -0.0438432 0.831572 0.0733649
v -0.00753522 0.828503 0.0665366
v -0.0536242 0.802907 -0.00443388
v -0.0978132 0.801089 0.0106454
v -0.0565542 0.790949 -0.030465
v -0.103551 0.789101 -0.0145065
v -0.00772622 0.799072 -0.0129029
v -0.00772622 0.78686 -0.039417
v -0.138585 0.793778 0.031697
v -0.146886 0.781473 0.00782144
v -0.626683 0.812377 0.0357344
v -0.620763 0.801089 0.0106454
v -0.664952 0.802907 -0.00443388
v -0.667981 0.814145 0.0215683
v -0.71085 0.799072 -0.0129029
v -0.71087 0.810564 0.0136022
v -0.615025 0.789101 -0.0145065
v -0.662022 0.790949 -0.030465
v -0.71085 0.78686 -0.039417
v -0.671208 0.82394 0.0475106
v -0.63297 0.82226 0.0606979
v -0.674733 0.831572 0.0733649
v -0.639806 0.830039 0.0854729
v -0.710927 0.820615 0.0400852
v -0.711041 0.828503 0.0665366
v -0.597661 0.815718 0.0790327
v -0.588559 0.805415 0.0554684
v -0.607564 0.824017 0.102284
v -0.579991 0.793778 0.031697
v -0.57169 0.781473 0.00782144
v -0.0636872 0.83823 0.13289
v -0.0891462 0.83356 0.146347
v -0.0794722 0.836706 0.164768
v -0.0570112 0.84075 0.152774
v -0.0721632 0.84004 0.179189
v -0.0519612 0.843628 0.168267
v -0.0325362 0.841572 0.144139
v -0.0360152 0.839287 0.123198
v -0.00688621 0.839195 0.139236
v -0.00711522 0.836714 0.117713
v -0.0298972 0.844278 0.160401
v -0.00669622 0.842035 0.155914
v -0.0399222 0.836321 0.0991002
v -0.0712022 0.835011 0.109996
v -0.00734422 0.833509 0.0929456
v -0.100041 0.829647 0.125121
v -0.654889 0.83823 0.13289
v -0.647374 0.835011 0.109996
v -0.678654 0.836321 0.0991002
v -0.682561 0.839287 0.123198
v -0.711232 0.833509 0.0929456
v -0.711461 0.836714 0.117713
v -0.68604 0.841572 0.144139
v -0.661565 0.84075 0.152774
v -0.688679 0.844278 0.160401
v -0.666615 0.843628 0.168267
v -0.71169 0.839195 0.139236
v -0.71188 0.842035 0.155914
v -0.639104 0.836706 0.164768
v -0.62943 0.83356 0.146347
v -0.646413 0.84004 0.179189
v -0.618535 0.829647 0.125121
v 0.0502478 0.821034 0.120532
v 0.0220288 0.830489 0.116876
v 0.0190988 0.833642 0.138439
v 0.0443218 0.825255 0.141638
v 0.0169168 0.836943 0.15513
v 0.0398898 0.829301 0.157971
v 0.0676828 0.814377 0.148721
v 0.0763728 0.808765 0.128528
v 0.0880838 0.801351 0.159578
v 0.0992348 0.794102 0.140708
v 0.0611678 0.819409 0.164363
v 0.0796998 0.807565 0.174229
v 0.0862688 0.801965 0.105227
v 0.0570098 0.815824 0.0962075
v 0.0963998 0.793375 0.0802627
v 0.0639488 0.808811 0.0702167
v 0.111903 0.785444 0.118909
v 0.124843 0.775004 0.0954714
v 0.0253858 0.826507 0.0920475
v 0.0288498 0.820718 0.0655641
v -0.768824 0.821034 0.120532
v -0.775586 0.815824 0.0962075
v -0.804845 0.801965 0.105227
v -0.794949 0.808765 0.128528
v -0.830479 0.785444 0.118909
v -0.817811 0.794102 0.140708
v -0.782525 0.808811 0.0702167
v -0.814976 0.793375 0.0802627
v -0.843419 0.775004 0.0954714
v -0.786259 0.814377 0.148721
v -0.762898 0.825255 0.141638
v -0.779744 0.819409 0.164363
v -0.758466 0.829301 0.157971
v -0.80666 0.801351 0.159578
v -0.798276 0.807565 0.174229
v -0.737675 0.833642 0.138439
v -0.740605 0.830489 0.116876
v -0.735493 0.836943 0.15513
v -0.743962 0.826507 0.0920475
v -0.747426 0.820718 0.0655641
v 0.0765048 0.787594 0.0179233
v 0.0351898 0.801481 0.0124673
v 0.0320998 0.812144 0.0390328
v 0.0704068 0.799183 0.0441129
v 0.1058 0.782386 0.0550782
v 0.11465 0.769599 0.0297287
v 0.136806 0.762408 0.0716872
v 0.148036 0.748194 0.0476432
v 0.123134 0.755614 0.00427018
v 0.0823618 0.774697 -0.00832172
v 0.131435 0.741028 -0.0212441
v 0.0880998 0.761147 -0.0345959
v 0.158778 0.732903 0.0234259
v 0.169276 0.717073 -0.000878579
v 0.0381728 0.789426 -0.0141226
v 0.0411028 0.776675 -0.0407233
v -0.795081 0.787594 0.0179233
v -0.800938 0.774697 -0.00832172
v -0.84171 0.755614 0.00427018
v -0.833226 0.769599 0.0297287
v -0.877354 0.732903 0.0234259
v -0.866612 0.748194 0.0476432
v -0.806676 0.761147 -0.0345959
v -0.850011 0.741028 -0.0212441
v -0.887852 0.717073 -0.000878579
v -0.824376 0.782386 0.0550782
v -0.788983 0.799183 0.0441129
v -0.855382 0.762408 0.0716872
v -0.750676 0.812144 0.0390328
v -0.753766 0.801481 0.0124673
v -0.756749 0.789426 -0.0141226
v -0.759679 0.776675 -0.0407233
v 0.195163 0.698355 0.0998347
v 0.175075 0.724076 0.0714238
v 0.161952 0.739902 0.0936955
v 0.18066 0.715911 0.119992
v 0.147914 0.754292 0.115612
v 0.16508 0.732211 0.139682
v 0.192348 0.691479 0.149466
v 0.207698 0.67214 0.13164
v 0.175807 0.709735 0.166682
v 0.222255 0.652077 0.113407
v 0.208949 0.67996 0.079367
v 0.236415 0.631653 0.0949715
v 0.222377 0.661147 0.0587435
v 0.187587 0.707294 0.0489152
v 0.199794 0.690033 0.0262885
v -0.913739 0.698355 0.0998347
v -0.927525 0.67996 0.079367
v -0.940831 0.652077 0.113407
v -0.926274 0.67214 0.13164
v -0.940953 0.661147 0.0587435
v -0.954991 0.631653 0.0949715
v -0.910924 0.691479 0.149466
v -0.899236 0.715911 0.119992
v -0.894383 0.709735 0.166682
v -0.883656 0.732211 0.139682
v -0.880528 0.739902 0.0936955
v -0.893651 0.724076 0.0714238
v -0.86649 0.754292 0.115612
v -0.906163 0.707294 0.0489152
v -0.91837 0.690033 0.0262885
v 0.131295 0.759678 0.176312
v 0.117664 0.777464 0.156918
v 0.104427 0.786519 0.174098
v 0.116443 0.770642 0.191484
v 0.0944318 0.794069 0.187491
v 0.105186 0.779623 0.203382
v 0.123866 0.754481 0.21094
v 0.139766 0.741573 0.198046
v 0.111781 0.764929 0.221136
v 0.15768 0.726546 0.183084
v 0.148067 0.746834 0.15875
v 0.132655 0.766767 0.137054
v -0.849871 0.759678 0.176312
v -0.866643 0.746834 0.15875
v -0.876256 0.726546 0.183084
v -0.858342 0.741573 0.198046
v -0.842442 0.754481 0.21094
v -0.835019 0.770642 0.191484
v -0.830357 0.764929 0.221136
v -0.823762 0.779623 0.203382
v -0.823003 0.786519 0.174098
v -0.83624 0.777464 0.156918
v -0.813008 0.794069 0.187491
v -0.851231 0.766767 0.137054
v 0.0958588 0.791767 0.216393
v 0.101588 0.778269 0.232824
v 0.105312 0.772581 0.228006
v 0.0991998 0.786518 0.211124
v 0.10347 0.765208 0.250219
v 0.107387 0.759096 0.245881
v 0.0891678 0.800249 0.195991
v 0.0861968 0.805121 0.201741
v 0.0753278 0.813117 0.183366
v 0.0728048 0.817713 0.18951
v 0.0830848 0.808745 0.206882
v 0.0925318 0.795811 0.220874
v 0.0773928 0.811183 0.213557
v 0.0865928 0.799089 0.226256
v 0.0699668 0.82106 0.195175
v 0.0646488 0.822862 0.202878
v 0.0977428 0.782828 0.236861
v 0.0992888 0.770221 0.253845
v 0.0909068 0.78709 0.241389
v 0.0918428 0.775332 0.257612
v -0.814435 0.791767 0.216393
v -0.811108 0.795811 0.220874
v -0.801661 0.808745 0.206882
v -0.804773 0.805121 0.201741
v -0.788543 0.82106 0.195175
v -0.791381 0.817713 0.18951
v -0.805169 0.799089 0.226256
v -0.795969 0.811183 0.213557
v -0.783225 0.822862 0.202878
v -0.807744 0.800249 0.195991
v -0.817776 0.786518 0.211124
v -0.793904 0.813117 0.183366
v -0.823888 0.772581 0.228006
v -0.820164 0.778269 0.232824
v -0.825963 0.759096 0.245881
v -0.822046 0.765208 0.250219
v -0.816319 0.782828 0.236861
v -0.809483 0.78709 0.241389
v -0.817865 0.770221 0.253845
v -0.810419 0.775332 0.257612
v 0.0363718 0.838389 0.174437
v 0.0558828 0.828929 0.180343
v 0.0577958 0.824465 0.174009
v 0.0376078 0.833985 0.16798
v 0.0158038 0.841369 0.165338
v 0.0152108 0.845715 0.171994
v -0.00658122 0.846312 0.166147
v -0.00653723 0.850627 0.172918
v 0.0145928 0.848775 0.178026
v 0.0350728 0.841599 0.180123
v 0.0134028 0.849341 0.186362
v 0.0326048 0.842698 0.187809
v -0.00655621 0.853579 0.179211
v -0.00663221 0.853767 0.188009
v 0.0537468 0.832186 0.186048
v 0.0497038 0.83362 0.193805
v -0.754948 0.838389 0.174437
v -0.753649 0.841599 0.180123
v -0.733169 0.848775 0.178026
v -0.733787 0.845715 0.171994
v -0.71202 0.853579 0.179211
v -0.712039 0.850627 0.172918
v -0.751181 0.842698 0.187809
v -0.731979 0.849341 0.186362
v -0.711944 0.853767 0.188009
v -0.73438 0.841369 0.165338
v -0.756184 0.833985 0.16798
v -0.711995 0.846312 0.166147
v -0.776372 0.824465 0.174009
v -0.774459 0.828929 0.180343
v -0.772323 0.832186 0.186048
v -0.76828 0.83362 0.193805
v -0.0479622 0.852291 0.184428
v -0.0278092 0.852844 0.177117
v -0.0285082 0.848506 0.170468
v -0.0493212 0.847918 0.177993
v -0.0683642 0.844513 0.188417
v -0.0663522 0.848891 0.194689
v -0.0849812 0.838259 0.201435
v -0.0824492 0.842708 0.207473
v -0.0644072 0.851937 0.200242
v -0.0467522 0.855417 0.190053
v -0.0608062 0.852417 0.207313
v -0.0445632 0.855968 0.197345
v -0.0799502 0.845739 0.212911
v -0.0752512 0.846271 0.219701
v -0.0272362 0.855878 0.183131
v -0.0262292 0.856197 0.191289
v -0.670614 0.852291 0.184428
v -0.671824 0.855417 0.190053
v -0.654169 0.851937 0.200242
v -0.652224 0.848891 0.194689
v -0.638626 0.845739 0.212911
v -0.636127 0.842708 0.207473
v -0.674013 0.855968 0.197345
v -0.65777 0.852417 0.207313
v -0.643325 0.846271 0.219701
v -0.650212 0.844513 0.188417
v -0.669255 0.847918 0.177993
v -0.633595 0.838259 0.201435
v -0.690068 0.848506 0.170468
v -0.690767 0.852844 0.177117
v -0.69134 0.855878 0.183131
v -0.692347 0.856197 0.191289
v -0.105675 0.822903 0.238769
v -0.0957202 0.833806 0.222356
v -0.0985152 0.82912 0.21674
v -0.108624 0.817885 0.233666
v -0.114964 0.805343 0.25155
v -0.111821 0.810721 0.256146
v -0.117192 0.792279 0.269728
v -0.113942 0.798034 0.273809
v -0.108861 0.814846 0.259871
v -0.103067 0.826637 0.243028
v -0.102971 0.817572 0.263296
v -0.0979792 0.828611 0.247472
v -0.110722 0.80252 0.277057
v -0.104268 0.805921 0.279595
v -0.0931342 0.83712 0.227275
v -0.0881902 0.838256 0.233014
v -0.612901 0.822903 0.238769
v -0.615509 0.826637 0.243028
v -0.609715 0.814847 0.259872
v -0.606755 0.810721 0.256146
v -0.607854 0.80252 0.277057
v -0.604634 0.798034 0.273809
v -0.620597 0.828611 0.247472
v -0.615605 0.817572 0.263296
v -0.614308 0.805921 0.279595
v -0.603612 0.805343 0.25155
v -0.609952 0.817885 0.233666
v -0.601384 0.792279 0.269728
v -0.620061 0.82912 0.21674
v -0.622856 0.833806 0.222356
v -0.625442 0.83712 0.227275
v -0.630386 0.838256 0.233014
v -0.105675 0.773652 0.3073
v -0.111821 0.785615 0.291081
v -0.114964 0.779483 0.287534
v -0.108624 0.767132 0.304288
v -0.0985152 0.755405 0.319311
v -0.0957202 0.762331 0.321811
v -0.0849812 0.744482 0.331924
v -0.0824492 0.751755 0.334033
v -0.0931342 0.767983 0.323477
v -0.103067 0.778839 0.309538
v -0.0881902 0.773554 0.323046
v -0.0979792 0.783524 0.310209
v -0.0799502 0.757788 0.335291
v -0.0752512 0.7641 0.33404
v -0.108861 0.790436 0.293839
v -0.102971 0.794443 0.295479
v -0.612901 0.773652 0.3073
v -0.615509 0.778839 0.309538
v -0.625442 0.767983 0.323477
v -0.622856 0.762331 0.321811
v -0.638626 0.757788 0.335291
v -0.636127 0.751755 0.334033
v -0.620597 0.783524 0.310209
v -0.630386 0.773554 0.323046
v -0.643325 0.7641 0.33404
v -0.620061 0.755405 0.319311
v -0.609952 0.767132 0.304288
v -0.633595 0.744482 0.331924
v -0.603612 0.779483 0.287534
v -0.606755 0.785615 0.291081
v -0.609715 0.790435 0.293838
v -0.615605 0.794443 0.295479
v -0.0479622 0.733599 0.349586
v -0.0663522 0.742029 0.343385
v -0.0683642 0.734539 0.341445
v -0.0493212 0.725944 0.347717
v -0.0285082 0.719066 0.350581
v -0.0278092 0.726912 0.352349
v -0.00658122 0.714271 0.349879
v -0.00653723 0.722222 0.35159
v -0.0272362 0.73349 0.353432
v -0.0467522 0.739847 0.350866
v -0.0262292 0.741004 0.351578
v -0.0445632 0.746636 0.349478
v -0.00655621 0.72903 0.352518
v -0.00663221 0.73709 0.350363
v -0.0644072 0.748178 0.34462
v -0.0608062 0.754731 0.343241
v -0.670614 0.733599 0.349586
v -0.671824 0.739847 0.350866
v -0.69134 0.73349 0.353432
v -0.690767 0.726912 0.352349
v -0.71202 0.72903 0.352518
v -0.712039 0.722222 0.35159
v -0.674013 0.746636 0.349478
v -0.692347 0.741004 0.351578
v -0.711944 0.73709 0.350363
v -0.690068 0.719066 0.350581
v -0.669255 0.725944 0.347717
v -0.711995 0.714271 0.349879
v -0.650212 0.734539 0.341445
v -0.652224 0.742029 0.343385
v -0.654169 0.748178 0.34462
v -0.65777 0.754731 0.343241
v 0.0363718 0.719696 0.339595
v 0.0152108 0.719783 0.347226
v 0.0158038 0.711929 0.345452
v 0.0376078 0.712011 0.337703
v 0.0577958 0.71449 0.327036
v 0.0558828 0.722067 0.32904
v 0.0753278 0.71934 0.313855
v 0.0728048 0.72676 0.31607
v 0.0537468 0.728427 0.330426
v 0.0350728 0.726029 0.340936
v 0.0497038 0.735934 0.329733
v 0.0326048 0.733366 0.339942
v 0.0699668 0.73311 0.317556
v 0.0646488 0.740691 0.317217
v 0.0145928 0.726386 0.348326
v 0.0134028 0.734148 0.346651
v -0.754948 0.719696 0.339595
v -0.753649 0.726029 0.340936
v -0.772323 0.728427 0.330426
v -0.774459 0.722067 0.32904
v -0.788543 0.73311 0.317556
v -0.791381 0.72676 0.31607
v -0.751181 0.733366 0.339942
v -0.76828 0.735934 0.329733
v -0.783225 0.740691 0.317217
v -0.776372 0.71449 0.327036
v -0.756184 0.712011 0.337703
v -0.793904 0.71934 0.313855
v -0.73438 0.711929 0.345452
v -0.733787 0.719783 0.347226
v -0.733169 0.726386 0.348326
v -0.731979 0.734148 0.346651
v 0.0958588 0.742516 0.284924
v 0.0861968 0.733647 0.301196
v 0.0891678 0.726535 0.298563
v 0.0991998 0.735765 0.281746
v 0.105312 0.746721 0.26399
v 0.101588 0.753164 0.267759
v 0.0977428 0.758417 0.270829
v 0.0925318 0.748013 0.287385
v 0.0909068 0.763961 0.273573
v 0.0865928 0.754002 0.288993
v 0.0830848 0.739608 0.303085
v 0.0773928 0.74648 0.303589
v -0.814435 0.742516 0.284924
v -0.811108 0.748013 0.287385
v -0.816319 0.758417 0.270829
v -0.820164 0.753164 0.267759
v -0.805169 0.754002 0.288993
v -0.809483 0.763961 0.273573
v -0.823888 0.746721 0.26399
v -0.817776 0.735765 0.281746
v -0.807744 0.726535 0.298563
v -0.804773 0.733647 0.301196
v -0.801661 0.739608 0.303085
v -0.795969 0.74648 0.303589
v 0.0637408 0.769637 0.289266
v 0.0608218 0.778445 0.280559
v 0.0399018 0.783548 0.287525
v 0.0533828 0.768793 0.297167
v 0.0217648 0.782973 0.298191
v 0.0403158 0.76604 0.307654
v 0.0584538 0.789124 0.2678
v 0.0331168 0.797196 0.273588
v -0.00715321 0.807811 0.281243
v 0.0666868 0.756322 0.302069
v 0.0754118 0.762234 0.289612
v 0.0546878 0.751807 0.313957
v 0.0782118 0.771277 0.276362
v 0.0781308 0.781734 0.262369
v -0.782317 0.769637 0.289266
v -0.779398 0.778445 0.280559
v -0.796788 0.771277 0.276362
v -0.793988 0.762234 0.289612
v -0.77703 0.789124 0.2678
v -0.796707 0.781734 0.262369
v -0.785263 0.756322 0.302069
v -0.771959 0.768793 0.297167
v -0.773264 0.751807 0.313957
v -0.758892 0.76604 0.307654
v -0.758478 0.783548 0.287525
v -0.751693 0.797196 0.273588
v -0.740341 0.782973 0.298191
v -0.711423 0.807811 0.281243
v 0.0228768 0.754 0.328225
v 0.0100658 0.758941 0.328951
v 0.0110938 0.745477 0.340099
v 0.0278608 0.744069 0.334834
v -0.00688621 0.763736 0.329928
v -0.00675923 0.748799 0.342824
v 0.0420688 0.74695 0.325499
v 0.0300168 0.759874 0.319495
v 0.0127208 0.773104 0.313491
v -0.00696322 0.781482 0.311701
v -0.741453 0.754 0.328225
v -0.728642 0.758941 0.328951
v -0.731297 0.773104 0.313491
v -0.748593 0.759874 0.319495
v -0.71169 0.763736 0.329928
v -0.711613 0.781482 0.311701
v -0.760645 0.74695 0.325499
v -0.746437 0.744069 0.334834
v -0.72967 0.745477 0.340099
v -0.711817 0.748799 0.342824
v -0.0356662 0.764184 0.335544
v -0.0234622 0.764814 0.333172
v -0.0261782 0.779845 0.318336
v -0.0425822 0.77242 0.328511
v -0.0352012 0.792556 0.305077
v -0.0527112 0.781795 0.318977
v -0.0538272 0.76343 0.337342
v -0.0402622 0.755913 0.343345
v -0.0661162 0.772206 0.328617
v -0.0242252 0.751656 0.34454
v -0.68291 0.764184 0.335544
v -0.695114 0.764814 0.333172
v -0.694351 0.751656 0.34454
v -0.678314 0.755913 0.343345
v -0.664749 0.76343 0.337342
v -0.675994 0.77242 0.328511
v -0.65246 0.772206 0.328617
v -0.665865 0.781795 0.318977
v -0.692398 0.779845 0.318336
v -0.683375 0.792556 0.305077
v -0.0764282 0.792359 0.305595
v -0.0659172 0.788484 0.311318
v -0.0533592 0.798748 0.298448
v -0.0741422 0.800062 0.296095
v -0.0470422 0.810083 0.282849
v -0.0721432 0.809854 0.282698
v -0.0910382 0.79814 0.295668
v -0.0875852 0.788542 0.308519
v -0.0913132 0.808415 0.281544
v -0.0783232 0.780237 0.319255
v -0.642148 0.792359 0.305595
v -0.652659 0.788484 0.311318
v -0.640253 0.780237 0.319255
v -0.630991 0.788542 0.308519
v -0.627538 0.79814 0.295668
v -0.644434 0.800062 0.296095
v -0.627263 0.808415 0.281544
v -0.646433 0.809854 0.282698
v -0.665217 0.798748 0.298448
v -0.671534 0.810083 0.282849
v -0.0764282 0.826599 0.25795
v -0.0741422 0.819653 0.268835
v -0.0533592 0.821545 0.266727
v -0.0659172 0.831022 0.252127
v -0.0352012 0.826156 0.258323
v -0.0527112 0.836541 0.2428
v -0.0783232 0.836409 0.241094
v -0.0875852 0.828349 0.253127
v -0.0661162 0.843225 0.229796
v -0.0910382 0.818752 0.266987
v -0.642148 0.826599 0.25795
v -0.644434 0.819653 0.268835
v -0.627538 0.818752 0.266987
v -0.630991 0.828349 0.253127
v -0.640253 0.836409 0.241094
v -0.652659 0.831022 0.252127
v -0.65246 0.843225 0.229796
v -0.665865 0.836541 0.2428
v -0.665217 0.821545 0.266727
v -0.683375 0.826156 0.258323
v -0.0356662 0.847384 0.219773
v -0.0425822 0.843015 0.23028
v -0.0261782 0.835222 0.24128
v -0.0234622 0.845159 0.221373
v -0.00696322 0.829212 0.245286
v -0.00688621 0.841618 0.221558
v -0.0242252 0.852387 0.204373
v -0.0402622 0.852616 0.208785
v -0.00675923 0.849792 0.202295
v -0.0538272 0.849095 0.218141
v -0.68291 0.847384 0.219773
v -0.675994 0.843015 0.23028
v -0.664749 0.849095 0.218141
v -0.678314 0.852616 0.208785
v -0.694351 0.852387 0.204373
v -0.695114 0.845159 0.221373
v -0.711817 0.849792 0.202295
v -0.71169 0.841618 0.221558
v -0.692398 0.835222 0.24128
v -0.711613 0.829212 0.245286
v 0.0228768 0.8372 0.212454
v 0.0100658 0.839286 0.217153
v 0.0127208 0.828481 0.236436
v 0.0300168 0.830469 0.221263
v 0.0217648 0.816574 0.251436
v 0.0403158 0.820786 0.231477
v 0.0420688 0.832615 0.206298
v 0.0278608 0.840772 0.200273
v 0.0546878 0.822826 0.215135
v 0.0110938 0.846209 0.199933
v -0.741453 0.8372 0.212454
v -0.728642 0.839286 0.217153
v -0.72967 0.846209 0.199933
v -0.746437 0.840772 0.200273
v -0.760645 0.832615 0.206298
v -0.748593 0.830469 0.221263
v -0.773264 0.822826 0.215135
v -0.758892 0.820786 0.231477
v -0.731297 0.828481 0.236436
v -0.740341 0.816574 0.251436
v 0.0637408 0.803878 0.241621
v 0.0533828 0.811331 0.237976
v 0.0399018 0.806345 0.255804
v 0.0608218 0.798036 0.253299
v 0.0782118 0.791889 0.247682
v 0.0754118 0.802041 0.234221
v 0.0666868 0.812494 0.223907
v -0.782317 0.803878 0.241621
v -0.771959 0.811331 0.237976
v -0.785263 0.812494 0.223907
v -0.793988 0.802041 0.234221
v -0.796788 0.791889 0.247682
v -0.779398 0.798036 0.253299
v -0.758478 0.806345 0.255804
v -0.275214 -0.0702654 1.12607
v -0.273137 -0.0905381 1.12055
v -0.231969 -0.0917109 1.11496
v -0.235547 -0.0708713 1.12114
v -0.193089 -0.0930487 1.10832
v -0.198724 -0.0714654 1.11536
v -0.27245 -0.111158 1.11138
v -0.230443 -0.112686 1.10511
v -0.190129 -0.11452 1.09761
v -0.241643 -0.0502495 1.12446
v -0.279065 -0.0503445 1.12875
v -0.250722 -0.0299248 1.12573
v -0.285073 -0.0307806 1.12941
v -0.207448 -0.0499299 1.11947
v -0.219678 -0.0285997 1.1214
v -0.318639 -0.0503195 1.13178
v -0.316777 -0.0697883 1.12953
v -0.359288 -0.0502772 1.13297
v -0.359288 -0.0695813 1.13089
v -0.321629 -0.0312375 1.132
v -0.359288 -0.031367 1.13301
v -0.315831 -0.0896983 1.12445
v -0.315587 -0.110108 1.11572
v -0.359288 -0.0893621 1.12597
v -0.359288 -0.109701 1.1174
v -0.443362 -0.0702654 1.12607
v -0.401799 -0.0697883 1.12953
v -0.399937 -0.0503195 1.13178
v -0.439511 -0.0503445 1.12875
v -0.396947 -0.0312375 1.132
v -0.433503 -0.0307806 1.12941
v -0.476933 -0.0502495 1.12446
v -0.483029 -0.0708713 1.12114
v -0.511128 -0.0499299 1.11947
v -0.519852 -0.0714654 1.11536
v -0.467854 -0.0299248 1.12573
v -0.498898 -0.0285997 1.1214
v -0.486607 -0.0917109 1.11496
v -0.445439 -0.0905381 1.12055
v -0.488133 -0.112686 1.10511
v -0.446126 -0.111158 1.11138
v -0.525487 -0.0930487 1.10832
v -0.528447 -0.11452 1.09761
v -0.402745 -0.0896983 1.12445
v -0.402989 -0.110108 1.11572
v -0.136693 -0.0712736 1.10276
v -0.12518 -0.0947608 1.09366
v -0.0975392 -0.0932348 1.08508
v -0.111966 -0.0686531 1.09525
v -0.0750322 -0.0888558 1.07529
v -0.0917522 -0.0631262 1.08647
v -0.117478 -0.11757 1.08075
v -0.0875442 -0.116712 1.07076
v -0.0634732 -0.112886 1.0593
v -0.130284 -0.0434037 1.10176
v -0.151868 -0.0474091 1.10859
v -0.151952 -0.0179255 1.10505
v -0.170556 -0.0234656 1.11164
v -0.112706 -0.0363676 1.09338
v -0.136967 -0.00925095 1.09657
v -0.177556 -0.0492837 1.11433
v -0.165692 -0.0719052 1.10935
v -0.193043 -0.0267353 1.11689
v -0.157262 -0.0943822 1.10131
v -0.152074 -0.116494 1.08959
v -0.581883 -0.0712736 1.10276
v -0.552884 -0.0719052 1.10935
v -0.54102 -0.0492837 1.11433
v -0.566708 -0.0474091 1.10859
v -0.525533 -0.0267353 1.11689
v -0.54802 -0.0234656 1.11164
v -0.588292 -0.0434037 1.10176
v -0.60661 -0.0686531 1.09525
v -0.60587 -0.0363676 1.09338
v -0.626824 -0.0631262 1.08647
v -0.566624 -0.0179255 1.10505
v -0.581609 -0.00925095 1.09657
v -0.621037 -0.0932348 1.08508
v -0.593396 -0.0947608 1.09366
v -0.631032 -0.116712 1.07076
v -0.601098 -0.11757 1.08075
v -0.643544 -0.0888558 1.07529
v -0.655103 -0.112886 1.0593
v -0.561314 -0.0943822 1.10131
v -0.566502 -0.116494 1.08959
v -0.0651602 -0.0407001 1.06356
v -0.0468112 -0.0685288 1.05063
v -0.0397082 -0.0522662 1.03439
v -0.0579352 -0.0239973 1.04846
v -0.0363512 -0.0317285 1.01466
v -0.0541922 -0.00376587 1.03029
v -0.0354622 -0.0929901 1.03042
v -0.0293932 -0.0764627 1.01174
v -0.0271962 -0.0552455 0.989411
v -0.0823412 0.00652006 1.05556
v -0.0890012 -0.0109516 1.07042
v -0.111195 0.0374611 1.0573
v -0.11683 0.0192701 1.07242
v -0.0787862 0.0265612 1.03826
v -0.108197 0.0571683 1.0405
v -0.0990342 -0.0253991 1.08298
v -0.0762912 -0.053776 1.07607
v -0.12534 0.00342358 1.0856
v -0.0583542 -0.0806729 1.06404
v -0.0464682 -0.105055 1.04607
v -0.653416 -0.0407001 1.06356
v -0.642285 -0.053776 1.07607
v -0.619542 -0.0253991 1.08298
v -0.629575 -0.0109516 1.07042
v -0.593236 0.00342358 1.0856
v -0.601746 0.0192701 1.07242
v -0.636235 0.00652006 1.05556
v -0.660641 -0.0239973 1.04846
v -0.63979 0.0265612 1.03826
v -0.664384 -0.00376587 1.03029
v -0.607381 0.0374611 1.0573
v -0.610379 0.0571683 1.0405
v -0.678868 -0.0522662 1.03439
v -0.671765 -0.0685288 1.05063
v -0.689183 -0.0764627 1.01174
v -0.683114 -0.0929901 1.03042
v -0.682225 -0.0317285 1.01466
v -0.69138 -0.0552455 0.989411
v -0.660222 -0.0806729 1.06404
v -0.672108 -0.105055 1.04607
v -0.0554822 0.0468132 0.982724
v -0.0383502 0.0219529 0.962457
v -0.0428212 0.053716 0.929646
v -0.0597052 0.0768105 0.952209
v -0.0490162 0.0878413 0.892124
v -0.0657742 0.109715 0.916464
v -0.0307742 0.000892931 0.932037
v -0.0356492 0.0337107 0.897268
v -0.0419812 0.0682919 0.858626
v -0.0838672 0.101086 0.966959
v -0.0798692 0.0734157 0.994951
v -0.112874 0.124634 0.975896
v -0.109212 0.0997024 1.00125
v -0.0897412 0.132157 0.933424
v -0.118405 0.153411 0.944781
v -0.0780692 0.0487171 1.01839
v -0.0535092 0.0198958 1.00857
v -0.107594 0.0775652 1.0223
v -0.0360462 -0.0067591 0.990735
v -0.0278062 -0.0291101 0.962796
v -0.663094 0.0468132 0.982724
v -0.665067 0.0198958 1.00857
v -0.640507 0.0487171 1.01839
v -0.638707 0.0734157 0.994951
v -0.610982 0.0775652 1.0223
v -0.609364 0.0997024 1.00125
v -0.634709 0.101086 0.966959
v -0.658871 0.0768105 0.952209
v -0.628835 0.132157 0.933424
v -0.652802 0.109715 0.916464
v -0.605702 0.124634 0.975896
v -0.600171 0.153411 0.944781
v -0.675755 0.053716 0.929646
v -0.680226 0.0219529 0.962457
v -0.682927 0.0337107 0.897268
v -0.687802 0.000892931 0.932037
v -0.66956 0.0878413 0.892124
v -0.676595 0.0682919 0.858626
v -0.68253 -0.0067591 0.990735
v -0.69077 -0.0291101 0.962796
v -0.0819252 0.181629 0.830499
v -0.0650452 0.159317 0.805099
v -0.0744672 0.193096 0.760959
v -0.0913822 0.216464 0.786058
v -0.0845542 0.223188 0.719976
v -0.101342 0.247765 0.744496
v -0.0575652 0.138121 0.772514
v -0.0666092 0.170436 0.729792
v -0.0763522 0.199059 0.690459
v -0.114964 0.23889 0.805746
v -0.105725 0.203423 0.849791
v -0.142827 0.25873 0.82068
v -0.133965 0.223062 0.86405
v -0.124455 0.271097 0.764252
v -0.151631 0.291492 0.779472
v -0.0971732 0.167057 0.893359
v -0.0732852 0.145351 0.874932
v -0.12563 0.187088 0.906457
v -0.0564932 0.123636 0.849715
v -0.0493212 0.103585 0.816251
v -0.636651 0.181629 0.830499
v -0.645291 0.145351 0.874932
v -0.621403 0.167057 0.893359
v -0.612851 0.203423 0.849791
v -0.592946 0.187088 0.906457
v -0.584611 0.223062 0.86405
v -0.603612 0.23889 0.805746
v -0.627194 0.216464 0.786058
v -0.594121 0.271097 0.764252
v -0.617234 0.247765 0.744496
v -0.575749 0.25873 0.82068
v -0.566945 0.291492 0.779472
v -0.644109 0.193096 0.760959
v -0.653531 0.159317 0.805099
v -0.651967 0.170436 0.729792
v -0.661011 0.138121 0.772514
v -0.634022 0.223188 0.719976
v -0.642224 0.199059 0.690459
v -0.662083 0.123636 0.849715
v -0.669255 0.103585 0.816251
v -0.0647062 0.453725 0.469661
v -0.115409 0.456878 0.490885
v -0.101506 0.411503 0.479276
v -0.0536472 0.411738 0.460672
v -0.0914202 0.373795 0.465255
v -0.0446482 0.376019 0.448447
v -0.153001 0.454015 0.510385
v -0.137013 0.407465 0.496216
v -0.126294 0.369089 0.48055
v 0.00149077 0.410926 0.440754
v -0.00772622 0.449461 0.447544
v 0.0588328 0.411826 0.419867
v 0.0509138 0.447206 0.424844
v 0.0090898 0.377802 0.430291
v 0.0648608 0.38119 0.410947
v -0.0169422 0.488827 0.44965
v -0.0762022 0.497324 0.47355
v -0.0245412 0.524439 0.446062
v -0.0843172 0.536617 0.469252
v 0.0421098 0.48331 0.425899
v 0.0334268 0.516118 0.423048
v -0.132766 0.506189 0.4979
v -0.17487 0.505669 0.520917
v -0.144444 0.550665 0.493238
v -0.210098 0.564959 0.522684
v -0.65387 0.453725 0.469661
v -0.642374 0.497324 0.47355
v -0.701634 0.488827 0.44965
v -0.71085 0.449461 0.447544
v -0.760686 0.48331 0.425899
v -0.76949 0.447206 0.424844
v -0.634259 0.536617 0.469252
v -0.694035 0.524439 0.446062
v -0.752003 0.516118 0.423048
v -0.720067 0.410926 0.440754
v -0.664929 0.411738 0.460672
v -0.727666 0.377802 0.430291
v -0.673928 0.376019 0.448447
v -0.777409 0.411826 0.419867
v -0.783437 0.38119 0.410947
v -0.61707 0.411503 0.479276
v -0.603167 0.456878 0.490885
v -0.581563 0.407465 0.496216
v -0.565575 0.454015 0.510385
v -0.627156 0.373795 0.465255
v -0.592282 0.369089 0.48055
v -0.58581 0.506189 0.4979
v -0.574132 0.550665 0.493238
v -0.543706 0.505669 0.520917
v -0.508478 0.564959 0.522684
v 0.15923 0.456924 0.377513
v 0.106593 0.450076 0.401874
v 0.113307 0.417193 0.398357
v 0.165103 0.425875 0.374954
v 0.117732 0.388226 0.390581
v 0.168182 0.397896 0.367883
v 0.214412 0.436718 0.348389
v 0.208743 0.466601 0.350642
v 0.261424 0.448568 0.317388
v 0.25505 0.477956 0.320141
v 0.216686 0.409184 0.341547
v 0.263721 0.421075 0.310267
v 0.199489 0.496117 0.350189
v 0.1506 0.488008 0.377056
v 0.186458 0.522553 0.348911
v 0.139247 0.516089 0.375083
v 0.244441 0.506663 0.320506
v 0.229442 0.532115 0.320467
v 0.0980478 0.483388 0.401996
v 0.0881298 0.51364 0.399592
v -0.877806 0.456924 0.377513
v -0.869176 0.488008 0.377056
v -0.918065 0.496117 0.350189
v -0.927319 0.466601 0.350642
v -0.963017 0.506663 0.320506
v -0.973626 0.477956 0.320141
v -0.857823 0.516089 0.375083
v -0.905034 0.522553 0.348911
v -0.948018 0.532115 0.320467
v -0.932988 0.436718 0.348389
v -0.883679 0.425875 0.374954
v -0.935262 0.409184 0.341547
v -0.886758 0.397896 0.367883
v -0.98 0.448568 0.317388
v -0.982297 0.421075 0.310267
v -0.831883 0.417193 0.398357
v -0.825169 0.450076 0.401874
v -0.836308 0.388226 0.390581
v -0.816624 0.483388 0.401996
v -0.806706 0.51364 0.399592
v 0.336604 0.504645 0.24678
v 0.298068 0.48984 0.28489
v 0.306331 0.460271 0.280683
v 0.347453 0.474839 0.240475
v 0.309764 0.432556 0.272735
v 0.35271 0.446976 0.231302
v 0.383113 0.495285 0.198966
v 0.369464 0.524764 0.207703
v 0.411632 0.524618 0.158359
v 0.395454 0.552588 0.169548
v 0.390453 0.467685 0.18832
v 0.420886 0.498035 0.146141
v 0.350917 0.55318 0.215357
v 0.320934 0.533551 0.251561
v 0.328883 0.577592 0.222753
v 0.301212 0.558714 0.256158
v 0.374355 0.579127 0.180037
v 0.350337 0.601414 0.190153
v 0.285182 0.518593 0.28712
v 0.267879 0.543862 0.289139
v -1.05518 0.504645 0.24678
v -1.03951 0.533551 0.251561
v -1.06949 0.55318 0.215357
v -1.08804 0.524764 0.207703
v -1.09293 0.579127 0.180037
v -1.11403 0.552588 0.169548
v -1.01979 0.558714 0.256158
v -1.04746 0.577592 0.222753
v -1.06891 0.601414 0.190153
v -1.10169 0.495285 0.198966
v -1.06603 0.474839 0.240475
v -1.10903 0.467685 0.18832
v -1.07129 0.446976 0.231302
v -1.13021 0.524618 0.158359
v -1.13946 0.498035 0.146141
v -1.02491 0.460271 0.280683
v -1.01664 0.48984 0.28489
v -1.02834 0.432556 0.272735
v -1.00376 0.518593 0.28712
v -0.986455 0.543862 0.289139
v 0.423316 0.633756 0.102773
v 0.413379 0.590511 0.134205
v 0.431331 0.565852 0.120853
v 0.44218 0.61332 0.0874986
v 0.441905 0.541376 0.107115
v 0.453418 0.591473 0.0722921
v 0.444148 0.661355 0.0593436
v 0.425342 0.677547 0.0763457
v 0.437206 0.704288 0.0374356
v 0.419532 0.717108 0.05602
v 0.455333 0.642091 0.042719
v 0.447559 0.686994 0.019444
v 0.401576 0.689776 0.0931102
v 0.399471 0.651163 0.117777
v 0.375514 0.697148 0.109025
v 0.373286 0.663924 0.132176
v 0.396999 0.725133 0.0742688
v 0.372066 0.728045 0.0912522
v 0.390468 0.613034 0.147132
v 0.365016 0.631101 0.15959
v -1.14189 0.633756 0.102773
v -1.11805 0.651163 0.117777
v -1.12015 0.689776 0.0931102
v -1.14392 0.677547 0.0763457
v -1.11558 0.725133 0.0742688
v -1.13811 0.717108 0.05602
v -1.09186 0.663924 0.132176
v -1.09409 0.697148 0.109025
v -1.09064 0.728045 0.0912522
v -1.16272 0.661355 0.0593436
v -1.16076 0.61332 0.0874986
v -1.17391 0.642091 0.042719
v -1.17199 0.591473 0.0722921
v -1.15578 0.704288 0.0374356
v -1.16614 0.686994 0.019444
v -1.14991 0.565852 0.120853
v -1.13196 0.590511 0.134205
v -1.16048 0.541376 0.107115
v -1.10904 0.613034 0.147132
v -1.08359 0.631101 0.15959
v 0.384513 0.772365 0.0343431
v 0.405963 0.747663 0.0428922
v 0.421321 0.736457 0.0228221
v 0.397014 0.761476 0.0129642
v 0.430003 0.719946 0.00351621
v 0.40369 0.744874 -0.00750175
v 0.364803 0.782966 0.00532495
v 0.35506 0.794368 0.027752
v 0.325206 0.804546 -0.00263566
v 0.317481 0.816823 0.0205008
v 0.36964 0.765704 -0.0160446
v 0.328876 0.786358 -0.0245481
v 0.341396 0.799663 0.0490794
v 0.367671 0.777469 0.0548613
v 0.324794 0.798608 0.0671492
v 0.347972 0.776715 0.0727479
v 0.306361 0.822682 0.0424358
v 0.292506 0.821617 0.060743
v 0.385951 0.753495 0.0623877
v 0.363307 0.75388 0.0799711
v -1.10309 0.772365 0.0343431
v -1.08625 0.777469 0.0548613
v -1.05997 0.799663 0.0490794
v -1.07364 0.794368 0.027752
v -1.02494 0.822682 0.0424358
v -1.03606 0.816823 0.0205008
v -1.06655 0.776715 0.0727479
v -1.04337 0.798608 0.0671492
v -1.01108 0.821617 0.060743
v -1.08338 0.782966 0.00532495
v -1.11559 0.761476 0.0129642
v -1.08822 0.765704 -0.0160446
v -1.12227 0.744874 -0.00750175
v -1.04378 0.804546 -0.00263566
v -1.04745 0.786358 -0.0245481
v -1.1399 0.736457 0.0228221
v -1.12454 0.747663 0.0428922
v -1.14858 0.719946 0.00351621
v -1.10453 0.753495 0.0623877
v -1.08188 0.75388 0.0799711
v 0.220973 0.871356 -0.00323808
v 0.271655 0.842887 0.00996973
v 0.278743 0.829835 -0.0134556
v 0.228244 0.857768 -0.026791
v 0.28242 0.810764 -0.0354476
v 0.23262 0.837973 -0.0486453
v 0.17654 0.887279 -0.0422981
v 0.168826 0.901035 -0.018518
v 0.12646 0.917306 -0.0596336
v 0.118606 0.930719 -0.0352672
v 0.181819 0.867036 -0.0640438
v 0.132365 0.897003 -0.0815443
v 0.159724 0.907074 0.00488503
v 0.211627 0.877706 0.0195382
v 0.150279 0.904172 0.0254991
v 0.201026 0.875782 0.0390594
v 0.109996 0.935923 -0.0108359
v 0.101825 0.931592 0.0112696
v 0.261806 0.849137 0.0323223
v 0.249843 0.847803 0.0510933
v -0.939549 0.871356 -0.00323808
v -0.930203 0.877706 0.0195382
v -0.8783 0.907074 0.00488503
v -0.887402 0.901035 -0.018518
v -0.828572 0.935923 -0.0108359
v -0.837182 0.930719 -0.0352672
v -0.919602 0.875782 0.0390594
v -0.868855 0.904172 0.0254991
v -0.820401 0.931592 0.0112696
v -0.895116 0.887279 -0.0422981
v -0.94682 0.857768 -0.026791
v -0.900395 0.867036 -0.0640438
v -0.951196 0.837973 -0.0486453
v -0.845036 0.917306 -0.0596336
v -0.850941 0.897003 -0.0815443
v -0.997319 0.829835 -0.0134556
v -0.990231 0.842887 0.00996973
v -1.001 0.810764 -0.0354476
v -0.980382 0.849137 0.0323223
v -0.968419 0.847803 0.0510933
v 0.0329738 0.985114 -0.0693957
v 0.0737028 0.959215 -0.0528822
v 0.0808368 0.946785 -0.0784535
v 0.0387148 0.974024 -0.0964589
v 0.0866038 0.926927 -0.101049
v 0.0437538 0.954922 -0.120014
v -0.000859201 0.997335 -0.11135
v -0.00472721 1.00701 -0.0828408
v -0.0388382 1.01502 -0.120828
v -0.0405432 1.02351 -0.0912518
v 0.00303179 0.979103 -0.135895
v -0.0363432 0.997586 -0.146148
v -0.00797021 1.00714 -0.0531944
v 0.0274538 0.987031 -0.0414788
v -0.00998423 0.996704 -0.025236
v 0.0230778 0.978616 -0.0153621
v -0.0412342 1.02218 -0.0603689
v -0.0406842 1.01017 -0.0311289
v 0.0663408 0.962933 -0.026825
v 0.0598858 0.956659 -0.00277269
v -0.75155 0.985114 -0.0693957
v -0.74603 0.987031 -0.0414788
v -0.710606 1.00714 -0.0531944
v -0.713849 1.00701 -0.0828408
v -0.677342 1.02218 -0.0603689
v -0.678033 1.02351 -0.0912518
v -0.741654 0.978616 -0.0153621
v -0.708592 0.996704 -0.025236
v -0.677892 1.01017 -0.0311289
v -0.717717 0.997335 -0.11135
v -0.757291 0.974024 -0.0964589
v -0.721608 0.979103 -0.135895
v -0.76233 0.954922 -0.120014
v -0.679738 1.01502 -0.120828
v -0.682233 0.997586 -0.146148
v -0.799413 0.946785 -0.0784535
v -0.792279 0.959215 -0.0528822
v -0.80518 0.926927 -0.101049
v -0.784917 0.962933 -0.026825
v -0.778462 0.956659 -0.00277269
v -0.109538 1.03585 -0.0868568
v -0.0756192 1.0332 -0.0926593
v -0.0761762 1.02541 -0.122593
v -0.112256 1.0283 -0.116556
v -0.0751542 1.00848 -0.148227
v -0.112633 1.01165 -0.142133
v -0.146458 1.02354 -0.102629
v -0.141881 1.03125 -0.0736343
v -0.178166 1.01093 -0.0807219
v -0.172231 1.01916 -0.052782
v -0.148015 1.00693 -0.127867
v -0.180531 0.994177 -0.105427
v -0.135106 1.02935 -0.0437319
v -0.105 1.03355 -0.0559602
v -0.126958 1.01711 -0.0157733
v -0.0991642 1.02065 -0.0267911
v -0.163762 1.0182 -0.0243912
v -0.153798 1.00734 0.00166861
v -0.0736432 1.03107 -0.061398
v -0.0704092 1.01824 -0.0317791
v -0.609038 1.03585 -0.0868568
v -0.613576 1.03355 -0.0559602
v -0.58347 1.02935 -0.0437319
v -0.576695 1.03125 -0.0736343
v -0.554814 1.0182 -0.0243912
v -0.546345 1.01916 -0.052782
v -0.619412 1.02065 -0.0267911
v -0.591618 1.01711 -0.0157733
v -0.564778 1.00734 0.00166861
v -0.572118 1.02354 -0.102629
v -0.60632 1.0283 -0.116556
v -0.570561 1.00693 -0.127867
v -0.605943 1.01165 -0.142133
v -0.54041 1.01093 -0.0807219
v -0.538045 0.994177 -0.105427
v -0.6424 1.02541 -0.122593
v -0.642957 1.0332 -0.0926593
v -0.643422 1.00848 -0.148227
v -0.644933 1.03107 -0.061398
v -0.648167 1.01824 -0.0317791
v -0.226058 0.974909 0.0087063
v -0.200169 0.999368 -0.0240914
v -0.206761 0.990309 -0.0507455
v -0.232739 0.964944 -0.0166142
v -0.209416 0.973238 -0.0748139
v -0.235299 0.947526 -0.0400354
v -0.256596 0.93811 0.0177576
v -0.250256 0.948837 0.04188
v -0.278828 0.91308 0.0484549
v -0.273125 0.924199 0.0716986
v -0.258809 0.92045 -0.00509953
v -0.280576 0.895423 0.0259856
v -0.240697 0.952279 0.064506
v -0.216344 0.976935 0.0331633
v -0.228825 0.94808 0.0828726
v -0.204686 0.970536 0.0539975
v -0.264043 0.928568 0.0929762
v -0.252156 0.925972 0.109544
v -0.19077 0.999815 0.00238591
v -0.179692 0.991052 0.0259278
v -0.492518 0.974909 0.0087063
v -0.502232 0.976935 0.0331633
v -0.477879 0.952279 0.064506
v -0.46832 0.948837 0.04188
v -0.454533 0.928568 0.0929762
v -0.445451 0.924199 0.0716986
v -0.51389 0.970536 0.0539975
v -0.489751 0.94808 0.0828726
v -0.46642 0.925972 0.109544
v -0.46198 0.93811 0.0177576
v -0.485837 0.964944 -0.0166142
v -0.459767 0.92045 -0.00509953
v -0.483277 0.947526 -0.0400354
v -0.439748 0.91308 0.0484549
v -0.438 0.895423 0.0259856
v -0.511815 0.990309 -0.0507455
v -0.518407 0.999368 -0.0240914
v -0.50916 0.973238 -0.0748139
v -0.527806 0.999815 0.00238591
v -0.538884 0.991052 0.0259278
v -0.316443 0.888729 0.110641
v -0.295026 0.904042 0.0944322
v -0.299931 0.893127 0.0715651
v -0.320187 0.878524 0.0875186
v -0.301228 0.875856 0.0492132
v -0.321046 0.861805 0.0651163
v -0.339879 0.869544 0.0967449
v -0.337865 0.878624 0.120885
v -0.359288 0.86646 0.0996773
v -0.359288 0.874872 0.124516
v -0.340306 0.853329 0.0742307
v -0.359288 0.850484 0.0770911
v -0.334019 0.879904 0.145337
v -0.309529 0.892266 0.132192
v -0.323613 0.874606 0.165072
v -0.298039 0.889447 0.148952
v -0.359288 0.874697 0.150932
v -0.359288 0.860168 0.183411
v -0.286595 0.908525 0.115138
v -0.274724 0.906498 0.131006
v -0.402133 0.888729 0.110641
v -0.409047 0.892266 0.132192
v -0.384557 0.879904 0.145337
v -0.380711 0.878624 0.120885
v -0.420537 0.889447 0.148952
v -0.394963 0.874606 0.165072
v -0.378697 0.869544 0.0967449
v -0.398389 0.878524 0.0875186
v -0.37827 0.853329 0.0742307
v -0.39753 0.861805 0.0651163
v -0.418645 0.893127 0.0715651
v -0.42355 0.904042 0.0944322
v -0.417348 0.875856 0.0492132
v -0.431981 0.908525 0.115138
v -0.443852 0.906498 0.131006
v -0.179335 0.934785 0.078447
v -0.201558 0.918988 0.100842
v -0.187535 0.900665 0.105054
v -0.166699 0.913 0.0859411
v -0.174168 0.884204 0.10916
v -0.154794 0.893654 0.0928662
v -0.222653 0.902131 0.122861
v -0.206944 0.886657 0.124676
v -0.191869 0.872662 0.126646
v -0.144963 0.923081 0.0684767
v -0.156338 0.94839 0.0574451
v -0.122853 0.930321 0.0537994
v -0.13292 0.958666 0.039604
v -0.134389 0.900848 0.0783913
v -0.113599 0.905624 0.0663588
v -0.168065 0.972479 0.0437722
v -0.192174 0.955225 0.068446
v -0.143376 0.985918 0.0226133
v -0.21555 0.935888 0.0942162
v -0.238042 0.916198 0.118661
v -0.539241 0.934785 0.078447
v -0.526402 0.955225 0.068446
v -0.550511 0.972479 0.0437722
v -0.562238 0.94839 0.0574451
v -0.5752 0.985918 0.0226133
v -0.585656 0.958666 0.039604
v -0.573613 0.923081 0.0684767
v -0.551877 0.913 0.0859411
v -0.584187 0.900848 0.0783913
v -0.563782 0.893654 0.0928662
v -0.595723 0.930321 0.0537994
v -0.604977 0.905624 0.0663588
v -0.531041 0.900665 0.105054
v -0.517018 0.918988 0.100842
v -0.511632 0.886657 0.124676
v -0.495923 0.902131 0.122861
v -0.544408 0.884204 0.10916
v -0.526707 0.872662 0.126646
v -0.503026 0.935888 0.0942162
v -0.480534 0.916198 0.118661
v -0.0855912 0.965995 0.018394
v -0.109433 0.964478 0.0266918
v -0.100896 0.934138 0.0430503
v -0.0787252 0.934633 0.0360212
v -0.0930682 0.90782 0.0573955
v -0.0723852 0.90751 0.0514138
v -0.0559742 0.931908 0.0325041
v -0.0611082 0.963384 0.0143964
v -0.0322772 0.926068 0.0322908
v -0.0356992 0.956811 0.0143846
v -0.0511372 0.904772 0.0483275
v -0.0289122 0.899681 0.0480517
v -0.0660752 0.993921 -0.00677296
v -0.0925492 0.996401 -0.00227569
v -0.0386702 0.98661 -0.00648327
v -0.11826 0.993812 0.00739175
v -0.632985 0.965995 0.018394
v -0.626027 0.996401 -0.00227569
v -0.652501 0.993921 -0.00677296
v -0.657468 0.963384 0.0143964
v -0.679906 0.98661 -0.00648327
v -0.682877 0.956811 0.0143846
v -0.662602 0.931908 0.0325041
v -0.639851 0.934633 0.0360212
v -0.667439 0.904772 0.0483275
v -0.646191 0.90751 0.0514138
v -0.686299 0.926068 0.0322908
v -0.689664 0.899681 0.0480517
v -0.61768 0.934138 0.0430503
v -0.609143 0.964478 0.0266918
v -0.625508 0.90782 0.0573955
v -0.600316 0.993812 0.00739175
v 0.0199598 0.932554 0.0245448
v 0.0200758 0.905399 0.0404083
v 0.0507768 0.890678 0.0472562
v 0.0526078 0.915409 0.033057
v 0.0858568 0.873104 0.0549774
v 0.0900678 0.895279 0.0427506
v 0.0205488 0.882493 0.0549272
v 0.0494798 0.870044 0.0605943
v 0.0823398 0.85479 0.0667599
v 0.0554758 0.93911 0.0167843
v 0.0207698 0.958708 0.00629989
v 0.0952868 0.91641 0.0286563
v -0.0101672 0.974706 -0.00179111
v -0.00907621 0.946445 0.0180434
v -0.00726822 0.917214 0.0351718
v -0.00529921 0.892313 0.0504988
v -0.738536 0.932554 0.0245448
v -0.7095 0.946445 0.0180434
v -0.708409 0.974706 -0.00179111
v -0.739346 0.958708 0.00629989
v -0.774052 0.93911 0.0167843
v -0.771184 0.915409 0.033057
v -0.813863 0.91641 0.0286563
v -0.808644 0.895279 0.0427506
v -0.769353 0.890678 0.0472562
v -0.738652 0.905399 0.0404083
v -0.768056 0.870044 0.0605943
v -0.739125 0.882493 0.0549272
v -0.804433 0.873104 0.0549774
v -0.800916 0.85479 0.0667599
v -0.711308 0.917214 0.0351718
v -0.713277 0.892313 0.0504988
v 0.178992 0.848169 0.0628023
v 0.168506 0.830792 0.0708029
v 0.208644 0.808523 0.0788978
v 0.222392 0.823769 0.0723788
v 0.243037 0.787159 0.0871076
v 0.259708 0.800526 0.0811362
v 0.159003 0.816578 0.0787443
v 0.19604 0.796097 0.0853385
v 0.227702 0.776352 0.0928513
v 0.236415 0.838105 0.0637784
v 0.18999 0.864551 0.0528515
v 0.276576 0.813122 0.0729953
v 0.141536 0.891105 0.0409118
v 0.13354 0.872435 0.0527962
v 0.126338 0.852731 0.0628272
v 0.119975 0.836555 0.0726804
v -0.897568 0.848169 0.0628023
v -0.852116 0.872435 0.0527962
v -0.860112 0.891105 0.0409118
v -0.908566 0.864551 0.0528515
v -0.954991 0.838105 0.0637784
v -0.940968 0.823769 0.0723788
v -0.995152 0.813122 0.0729953
v -0.978284 0.800526 0.0811362
v -0.92722 0.808523 0.0788978
v -0.887082 0.830792 0.0708029
v -0.914616 0.796097 0.0853385
v -0.877579 0.816578 0.0787443
v -0.961613 0.787159 0.0871076
v -0.946278 0.776352 0.0928513
v -0.844914 0.852731 0.0628272
v -0.838551 0.836555 0.0726804
v 0.30552 0.76018 0.0965052
v 0.2849 0.749924 0.10476
v 0.295284 0.732206 0.116012
v 0.317081 0.740667 0.106083
v 0.300578 0.713858 0.130091
v 0.323119 0.719989 0.118901
v 0.266105 0.742027 0.112186
v 0.275554 0.725935 0.124791
v 0.280307 0.709551 0.139877
v 0.340053 0.748748 0.0943026
v 0.3269 0.770031 0.0862328
v 0.347194 0.725524 0.106042
v 0.306239 0.79096 0.0798045
v 0.286906 0.779732 0.0886846
v 0.26797 0.767934 0.0954266
v 0.250606 0.75858 0.101669
v -1.0241 0.76018 0.0965052
v -1.00548 0.779732 0.0886846
v -1.02482 0.79096 0.0798045
v -1.04548 0.770031 0.0862328
v -1.05863 0.748748 0.0943026
v -1.03566 0.740667 0.106083
v -1.06577 0.725524 0.106042
v -1.0417 0.719989 0.118901
v -1.01386 0.732206 0.116012
v -1.00348 0.749924 0.10476
v -0.99413 0.725935 0.124791
v -0.984681 0.742027 0.112186
v -1.01915 0.713858 0.130091
v -0.998883 0.709551 0.139877
v -0.986546 0.767934 0.0954266
v -0.969182 0.75858 0.101669
v 0.322564 0.672843 0.157947
v 0.299487 0.673399 0.168923
v 0.29153 0.653086 0.192639
v 0.314647 0.64902 0.182661
v 0.277583 0.633916 0.218528
v 0.300754 0.626792 0.209825
v 0.278907 0.674283 0.178362
v 0.270992 0.656699 0.201155
v 0.257091 0.640018 0.225911
v 0.339442 0.642395 0.171539
v 0.347408 0.670417 0.145632
v 0.325404 0.61663 0.200224
v 0.349818 0.69877 0.123476
v 0.325168 0.69694 0.136441
v 0.302242 0.693956 0.147901
v 0.281718 0.692117 0.157834
v -1.04114 0.672843 0.157947
v -1.04374 0.69694 0.136441
v -1.06839 0.69877 0.123476
v -1.06598 0.670417 0.145632
v -1.05802 0.642395 0.171539
v -1.03322 0.64902 0.182661
v -1.04398 0.61663 0.200224
v -1.01933 0.626792 0.209825
v -1.01011 0.653086 0.192639
v -1.01806 0.673399 0.168923
v -0.989568 0.656699 0.201155
v -0.997483 0.674283 0.178362
v -0.996159 0.633916 0.218528
v -0.975667 0.640018 0.225911
v -1.02082 0.693956 0.147901
v -1.00029 0.692117 0.157834
v 0.254005 0.591101 0.268133
v 0.230678 0.601946 0.274115
v 0.200343 0.589628 0.301491
v 0.223048 0.577661 0.297082
v 0.167171 0.580078 0.327042
v 0.188304 0.567173 0.324429
v 0.210307 0.611635 0.279163
v 0.18066 0.600596 0.305184
v 0.148998 0.592101 0.329152
v 0.246364 0.562979 0.292712
v 0.278209 0.577294 0.261915
v 0.209895 0.551735 0.322006
v 0.304774 0.595054 0.230718
v 0.280223 0.607483 0.238682
v 0.256862 0.616789 0.246074
v 0.236324 0.624886 0.252326
v -0.972581 0.591101 0.268133
v -0.998799 0.607483 0.238682
v -1.02335 0.595054 0.230718
v -0.996785 0.577294 0.261915
v -0.96494 0.562979 0.292712
v -0.941624 0.577661 0.297082
v -0.928471 0.551735 0.322006
v -0.90688 0.567173 0.324429
v -0.918919 0.589628 0.301491
v -0.949254 0.601946 0.274115
v -0.899236 0.600596 0.305184
v -0.928883 0.611635 0.279163
v -0.885747 0.580078 0.327042
v -0.867574 0.592101 0.329152
v -0.975438 0.616789 0.246074
v -0.9549 0.624886 0.252326
v 0.110162 0.555761 0.371073
v 0.0957818 0.570597 0.369009
v 0.0566358 0.571844 0.385067
v 0.0664858 0.556185 0.390463
v 0.0145678 0.577864 0.397607
v 0.0195528 0.561591 0.407295
v 0.0837468 0.584264 0.366889
v 0.0486858 0.586004 0.380006
v 0.0110198 0.592235 0.388852
v 0.0772958 0.537344 0.395526
v 0.125209 0.538133 0.373093
v 0.0258738 0.541611 0.416311
v 0.16946 0.543191 0.348693
v 0.150722 0.559649 0.349076
v 0.132472 0.573539 0.349607
v 0.116939 0.586477 0.349829
v -0.828738 0.555761 0.371073
v -0.869298 0.559649 0.349076
v -0.888036 0.543191 0.348693
v -0.843785 0.538133 0.373093
v -0.795872 0.537344 0.395526
v -0.785062 0.556185 0.390463
v -0.74445 0.541611 0.416311
v -0.738129 0.561591 0.407295
v -0.775212 0.571844 0.385067
v -0.814358 0.570597 0.369009
v -0.767262 0.586004 0.380006
v -0.802323 0.584264 0.366889
v -0.733144 0.577864 0.397607
v -0.729596 0.592235 0.388852
v -0.851048 0.573539 0.349607
v -0.835515 0.586477 0.349829
v -0.0817752 0.587209 0.43243
v -0.0767562 0.603876 0.411103
v -0.120061 0.619619 0.411096
v -0.130729 0.603091 0.438743
v -0.157826 0.634354 0.405939
v -0.173852 0.618134 0.437326
v -0.0714462 0.617813 0.393193
v -0.110463 0.633202 0.389554
v -0.144147 0.647685 0.382618
v -0.141311 0.581536 0.469821
v -0.0852352 0.565684 0.453678
v -0.191075 0.597301 0.475043
v -0.0289052 0.551717 0.435769
v -0.0307742 0.572655 0.421616
v -0.0308882 0.589249 0.406446
v -0.0299882 0.603498 0.393104
v -0.636801 0.587209 0.43243
v -0.687802 0.572655 0.421616
v -0.689671 0.551717 0.435769
v -0.633341 0.565684 0.453678
v -0.577265 0.581536 0.469821
v -0.587847 0.603091 0.438743
v -0.527501 0.597301 0.475043
v -0.544724 0.618134 0.437326
v -0.598515 0.619619 0.411096
v -0.64182 0.603876 0.411103
v -0.608113 0.633202 0.389554
v -0.64713 0.617813 0.393193
v -0.56075 0.634354 0.405939
v -0.574429 0.647685 0.382618
v -0.687688 0.589249 0.406446
v -0.688588 0.603498 0.393104
v -0.233482 0.640573 0.405543
v -0.207359 0.630178 0.424951
v -0.187077 0.645959 0.395151
v -0.209233 0.655911 0.380244
v -0.169606 0.659283 0.37282
v -0.188451 0.669188 0.36081
v -0.225713 0.665689 0.36273
v -0.254452 0.650671 0.383032
v -0.237935 0.676769 0.344123
v -0.270005 0.662916 0.359302
v -0.20229 0.67859 0.347236
v -0.212735 0.688682 0.332748
v -0.2869 0.633397 0.406326
v -0.258682 0.622946 0.434274
v -0.313847 0.613345 0.433509
v -0.280385 0.603582 0.463174
v -0.308324 0.647008 0.377202
v -0.359288 0.62656 0.400905
v -0.228469 0.611009 0.460186
v -0.248296 0.591002 0.492802
v -0.485094 0.640573 0.405543
v -0.459894 0.622946 0.434274
v -0.431676 0.633397 0.406326
v -0.464124 0.650671 0.383032
v -0.410252 0.647008 0.377202
v -0.448571 0.662916 0.359302
v -0.438191 0.603582 0.463174
v -0.404729 0.613345 0.433509
v -0.492863 0.665689 0.36273
v -0.509343 0.655911 0.380244
v -0.516286 0.67859 0.347236
v -0.530125 0.669188 0.36081
v -0.480641 0.676769 0.344123
v -0.505841 0.688682 0.332748
v -0.531499 0.645959 0.395151
v -0.511217 0.630178 0.424951
v -0.54897 0.659283 0.37282
v -0.490107 0.611009 0.460186
v -0.47028 0.591002 0.492802
v -0.260049 0.868361 0.161199
v -0.239415 0.855439 0.162221
v -0.2244 0.871562 0.143667
v -0.242268 0.885349 0.142734
v -0.220082 0.844218 0.16312
v -0.207249 0.85919 0.144698
v -0.259496 0.897883 0.139359
v -0.280568 0.880588 0.157698
v -0.301915 0.863953 0.175063
v -0.275639 0.850885 0.178987
v -0.318486 0.844946 0.193063
v -0.287259 0.831972 0.196892
v -0.2515 0.838345 0.180528
v -0.230138 0.828174 0.181711
v -0.260167 0.820342 0.198781
v -0.237187 0.81149 0.200273
v -0.458527 0.868361 0.161199
v -0.442937 0.850885 0.178987
v -0.416661 0.863953 0.175063
v -0.438008 0.880588 0.157698
v -0.431317 0.831972 0.196892
v -0.40009 0.844946 0.193063
v -0.45908 0.897883 0.139359
v -0.476308 0.885349 0.142734
v -0.494176 0.871562 0.143667
v -0.479161 0.855439 0.162221
v -0.511327 0.85919 0.144698
v -0.498494 0.844218 0.16312
v -0.467076 0.838345 0.180528
v -0.458409 0.820342 0.198781
v -0.488438 0.828174 0.181711
v -0.481389 0.81149 0.200273
v -0.29497 0.788117 0.235
v -0.266507 0.782123 0.235606
v -0.264928 0.801486 0.217174
v -0.293126 0.810669 0.215702
v -0.242081 0.777688 0.236594
v -0.241002 0.794593 0.218608
v -0.32523 0.820533 0.213308
v -0.32639 0.793896 0.234388
v -0.359288 0.825635 0.21188
v -0.359288 0.796732 0.234082
v -0.326207 0.768214 0.254895
v -0.294522 0.765448 0.254364
v -0.325169 0.743151 0.275441
v -0.292573 0.742923 0.273882
v -0.359288 0.769576 0.255198
v -0.359288 0.743404 0.276187
v -0.26563 0.762598 0.253978
v -0.240926 0.76098 0.254112
v -0.26302 0.743253 0.272188
v -0.238034 0.744672 0.271038
v -0.423606 0.788117 0.235
v -0.424054 0.765448 0.254364
v -0.392369 0.768214 0.254895
v -0.392186 0.793896 0.234388
v -0.426003 0.742923 0.273882
v -0.393407 0.743151 0.275441
v -0.393346 0.820533 0.213308
v -0.42545 0.810669 0.215702
v -0.453648 0.801486 0.217174
v -0.452069 0.782123 0.235606
v -0.477574 0.794593 0.218608
v -0.476495 0.777688 0.236594
v -0.452946 0.762598 0.253978
v -0.455556 0.743253 0.272188
v -0.47765 0.76098 0.254112
v -0.480542 0.744672 0.271038
v -0.285897 0.699573 0.314232
v -0.321568 0.693562 0.320185
v -0.31815 0.668419 0.347763
v -0.279874 0.679747 0.336245
v -0.359288 0.690837 0.323091
v -0.359288 0.662642 0.353826
v -0.247319 0.690629 0.325935
v -0.254323 0.706705 0.307998
v -0.221394 0.700655 0.317997
v -0.228406 0.714191 0.302869
v -0.259404 0.724434 0.290139
v -0.289914 0.720799 0.293641
v -0.233907 0.72897 0.287253
v -0.323766 0.718371 0.296641
v -0.359288 0.717458 0.298015
v -0.432679 0.699573 0.314232
v -0.428662 0.720799 0.293641
v -0.459172 0.724434 0.290139
v -0.464253 0.706705 0.307998
v -0.484669 0.72897 0.287253
v -0.49017 0.714191 0.302869
v -0.471257 0.690629 0.325935
v -0.438702 0.679747 0.336245
v -0.497182 0.700655 0.317997
v -0.400426 0.668419 0.347763
v -0.397008 0.693562 0.320185
v -0.39481 0.718371 0.296641
v -0.303424 0.00628309 1.12735
v -0.277432 0.00854938 1.12469
v -0.291478 0.0246284 1.12276
v -0.313191 0.0218165 1.12506
v -0.303593 0.0372204 1.12015
v -0.321637 0.0340384 1.12219
v -0.25377 0.0118546 1.12119
v -0.271367 0.0287582 1.11948
v -0.286488 0.0419646 1.11697
v -0.335973 0.0202151 1.1264
v -0.330968 0.00498345 1.12905
v -0.359288 0.0197168 1.12683
v -0.359288 0.00457353 1.12966
v -0.340306 0.0322575 1.12329
v -0.359288 0.0317174 1.12359
v -0.325963 -0.0124861 1.131
v -0.293622 -0.0115768 1.12888
v -0.359288 -0.0127688 1.13182
v -0.263249 -0.00998011 1.12574
v -0.235829 -0.00763499 1.1219
v -0.415152 0.00628309 1.12735
v -0.424954 -0.0115768 1.12888
v -0.392613 -0.0124861 1.131
v -0.387608 0.00498345 1.12905
v -0.382603 0.0202151 1.1264
v -0.405385 0.0218165 1.12506
v -0.37827 0.0322575 1.12329
v -0.396939 0.0340384 1.12219
v -0.427098 0.0246284 1.12276
v -0.441144 0.00854938 1.12469
v -0.447209 0.0287582 1.11948
v -0.464806 0.0118546 1.12119
v -0.414983 0.0372204 1.12015
v -0.432088 0.0419646 1.11697
v -0.455327 -0.00998011 1.12574
v -0.482747 -0.00763499 1.1219
v -0.215791 0.022438 1.11148
v -0.201535 0.0309806 1.10413
v -0.225102 0.0515597 1.10134
v -0.237866 0.04176 1.10927
v -0.244954 0.067656 1.09795
v -0.2566 0.0569024 1.1063
v -0.190476 0.0425347 1.09436
v -0.215413 0.0641785 1.09087
v -0.236264 0.0809743 1.08704
v -0.253392 0.0343137 1.11514
v -0.233212 0.0162737 1.11698
v -0.270634 0.0484323 1.11249
v -0.212346 -0.00447888 1.11767
v -0.192609 0.00025656 1.11244
v -0.176427 0.00734418 1.10561
v -0.163609 0.0175533 1.09658
v -0.502785 0.022438 1.11148
v -0.525967 0.00025656 1.11244
v -0.50623 -0.00447888 1.11767
v -0.485364 0.0162737 1.11698
v -0.465184 0.0343137 1.11514
v -0.48071 0.04176 1.10927
v -0.447942 0.0484323 1.11249
v -0.461976 0.0569024 1.1063
v -0.493474 0.0515597 1.10134
v -0.517041 0.0309806 1.10413
v -0.503163 0.0641785 1.09087
v -0.5281 0.0425347 1.09436
v -0.473622 0.067656 1.09795
v -0.482312 0.0809743 1.08704
v -0.542149 0.00734418 1.10561
v -0.554967 0.0175533 1.09658
v -0.177721 0.0753145 1.0668
v -0.175384 0.0940298 1.0509
v -0.207384 0.11744 1.04553
v -0.206375 0.0981925 1.06187
v -0.234123 0.134071 1.04149
v -0.230154 0.115163 1.05753
v -0.174551 0.112211 1.03497
v -0.209251 0.135113 1.02995
v -0.245929 0.154288 1.02551
v -0.209111 0.0800808 1.07735
v -0.182645 0.0577313 1.08161
v -0.231099 0.0971373 1.07314
v -0.153966 0.0316557 1.08475
v -0.147137 0.0485164 1.07077
v -0.142766 0.0670008 1.05528
v -0.140492 0.0859742 1.03895
v -0.540855 0.0753145 1.0668
v -0.571439 0.0485164 1.07077
v -0.56461 0.0316557 1.08475
v -0.535931 0.0577313 1.08161
v -0.509465 0.0800808 1.07735
v -0.512201 0.0981925 1.06187
v -0.487477 0.0971373 1.07314
v -0.488422 0.115163 1.05753
v -0.511192 0.11744 1.04553
v -0.543192 0.0940298 1.0509
v -0.509325 0.135113 1.02995
v -0.544025 0.112211 1.03497
v -0.484453 0.134071 1.04149
v -0.472647 0.154288 1.02551
v -0.57581 0.0670008 1.05528
v -0.578084 0.0859742 1.03895
v -0.195292 0.251301 0.881388
v -0.164166 0.238909 0.874354
v -0.172581 0.274334 0.831518
v -0.203137 0.286185 0.838992
v -0.180608 0.307257 0.790389
v -0.21029 0.318953 0.797859
v -0.233403 0.294762 0.843831
v -0.226308 0.260572 0.885835
v -0.262288 0.300545 0.846765
v -0.256177 0.267057 0.888381
v -0.239583 0.327144 0.802746
v -0.267392 0.33239 0.805905
v -0.219365 0.227611 0.925452
v -0.187703 0.21724 0.921776
v -0.213643 0.19891 0.959374
v -0.181317 0.186939 0.956887
v -0.250142 0.235011 0.927444
v -0.245267 0.207488 0.960643
v -0.156132 0.203775 0.915687
v -0.149251 0.171722 0.952313
v -0.523284 0.251301 0.881388
v -0.530873 0.21724 0.921776
v -0.499211 0.227611 0.925452
v -0.492268 0.260572 0.885835
v -0.468434 0.235011 0.927444
v -0.462399 0.267057 0.888381
v -0.537259 0.186939 0.956887
v -0.504933 0.19891 0.959374
v -0.473309 0.207488 0.960643
v -0.485173 0.294762 0.843831
v -0.515439 0.286185 0.838992
v -0.478993 0.327144 0.802746
v -0.508286 0.318953 0.797859
v -0.456288 0.300545 0.846765
v -0.451184 0.33239 0.805905
v -0.545995 0.274334 0.831518
v -0.55441 0.238909 0.874354
v -0.537968 0.307257 0.790389
v -0.562444 0.203775 0.915687
v -0.569325 0.171722 0.952313
v -0.174766 0.14442 1.00376
v -0.208786 0.161374 1.00262
v -0.209093 0.148501 1.01674
v -0.174133 0.128194 1.02009
v -0.241979 0.173395 1.00181
v -0.243034 0.163102 1.01433
v -0.139958 0.104303 1.02241
v -0.141209 0.123617 1.00374
v -0.144292 0.145546 0.981021
v -0.177083 0.163333 0.983451
v -0.21021 0.177505 0.984296
v -0.242635 0.187569 0.984672
v -0.54381 0.14442 1.00376
v -0.541493 0.163333 0.983451
v -0.574284 0.145546 0.981021
v -0.577367 0.123617 1.00374
v -0.578618 0.104303 1.02241
v -0.544443 0.128194 1.02009
v -0.509483 0.148501 1.01674
v -0.50979 0.161374 1.00262
v -0.475542 0.163102 1.01433
v -0.476597 0.173395 1.00181
v -0.508366 0.177505 0.984296
v -0.475941 0.187569 0.984672
v -0.317398 0.383857 0.744011
v -0.295182 0.384522 0.740251
v -0.294425 0.404755 0.713302
v -0.316827 0.402235 0.719525
v -0.29364 0.42215 0.693978
v -0.31602 0.417777 0.702256
v -0.27156 0.383214 0.736283
v -0.271087 0.40481 0.707335
v -0.268593 0.427601 0.680843
v -0.338292 0.400065 0.723449
v -0.338597 0.382686 0.746587
v -0.359288 0.399068 0.724837
v -0.359288 0.381974 0.747577
v -0.337804 0.414658 0.707328
v -0.359288 0.413411 0.709064
v -0.338536 0.36177 0.7759
v -0.317197 0.362185 0.774328
v -0.337926 0.336567 0.810551
v -0.315919 0.336417 0.809715
v -0.359288 0.361342 0.776495
v -0.359288 0.336389 0.810799
v -0.294682 0.361721 0.771994
v -0.270406 0.359511 0.769109
v -0.292622 0.335252 0.808197
v -0.401178 0.383857 0.744011
v -0.401379 0.362185 0.774328
v -0.38004 0.36177 0.7759
v -0.379979 0.382686 0.746587
v -0.402657 0.336417 0.809715
v -0.38065 0.336567 0.810551
v -0.380284 0.400065 0.723449
v -0.401749 0.402235 0.719525
v -0.380772 0.414658 0.707328
v -0.402556 0.417777 0.702256
v -0.424151 0.404755 0.713302
v -0.423394 0.384522 0.740251
v -0.447489 0.40481 0.707335
v -0.447016 0.383214 0.736283
v -0.424936 0.42215 0.693978
v -0.449983 0.427601 0.680843
v -0.423894 0.361721 0.771994
v -0.425954 0.335252 0.808197
v -0.44817 0.359511 0.769109
v -0.309914 0.273241 0.89019
v -0.306577 0.241949 0.92885
v -0.279057 0.239565 0.92848
v -0.283864 0.271091 0.889711
v -0.303941 0.214929 0.962173
v -0.275227 0.212519 0.961564
v -0.288701 0.304014 0.848526
v -0.31326 0.305749 0.849407
v -0.336583 0.306327 0.849701
v -0.334874 0.274076 0.890184
v -0.359288 0.306327 0.849701
v -0.359288 0.274165 0.890061
v -0.333165 0.242838 0.928841
v -0.331822 0.215636 0.962507
v -0.359288 0.242909 0.928742
v -0.359288 0.215565 0.962606
v -0.408662 0.273241 0.89019
v -0.383702 0.274076 0.890184
v -0.381993 0.306327 0.849701
v -0.405316 0.305749 0.849407
v -0.429875 0.304014 0.848526
v -0.434712 0.271091 0.889711
v -0.439519 0.239565 0.92848
v -0.411999 0.241949 0.92885
v -0.443349 0.212519 0.961564
v -0.414635 0.214929 0.962173
v -0.385411 0.242838 0.928841
v -0.386754 0.215636 0.962507
v -0.302597 0.181289 1.0047
v -0.331181 0.180966 1.00665
v -0.331578 0.170587 1.01965
v -0.303368 0.171485 1.017
v -0.332249 0.162906 1.0283
v -0.304956 0.164364 1.0252
v -0.359288 0.180252 1.00763
v -0.359288 0.169512 1.02109
v -0.359288 0.161536 1.03007
v -0.274156 0.169878 1.01482
v -0.273056 0.179399 1.0028
v -0.277153 0.163255 1.02301
v -0.27332 0.193039 0.98569
v -0.302701 0.195239 0.986942
v -0.331212 0.195499 0.98802
v -0.359288 0.195142 0.988516
v -0.415979 0.181289 1.0047
v -0.415875 0.195239 0.986942
v -0.445256 0.193039 0.98569
v -0.44552 0.179399 1.0028
v -0.44442 0.169878 1.01482
v -0.415208 0.171485 1.017
v -0.441423 0.163255 1.02301
v -0.41362 0.164364 1.0252
v -0.386998 0.170587 1.01965
v -0.387395 0.180966 1.00665
v -0.386327 0.162906 1.0283
v -0.387364 0.195499 0.98802
v -0.250984 0.47512 0.653672
v -0.249131 0.465148 0.650351
v -0.24207 0.476083 0.638016
v -0.243512 0.485355 0.642396
v -0.238789 0.487115 0.62473
v -0.23977 0.495779 0.62942
v -0.24401 0.45508 0.647519
v -0.238118 0.46693 0.6342
v -0.235776 0.479065 0.620701
v -0.243871 0.494451 0.646969
v -0.251439 0.484576 0.657376
v -0.244572 0.503075 0.651364
v -0.252034 0.493446 0.660899
v -0.239995 0.50455 0.63446
v -0.240742 0.512919 0.639535
v -0.262547 0.475159 0.66644
v -0.262063 0.465196 0.663971
v -0.277043 0.466434 0.67492
v -0.276676 0.456102 0.67361
v -0.263005 0.484239 0.669075
v -0.277364 0.475662 0.676826
v -0.260001 0.454028 0.662728
v -0.253479 0.44273 0.661943
v -0.274902 0.444024 0.674522
v -0.467592 0.47512 0.653672
v -0.456513 0.465196 0.663971
v -0.456029 0.475159 0.66644
v -0.467137 0.484576 0.657376
v -0.455571 0.484239 0.669075
v -0.466542 0.493446 0.660899
v -0.4419 0.456102 0.67361
v -0.441533 0.466434 0.67492
v -0.441212 0.475662 0.676826
v -0.474705 0.494451 0.646969
v -0.475064 0.485355 0.642396
v -0.478581 0.50455 0.63446
v -0.478806 0.495779 0.62942
v -0.474004 0.503075 0.651364
v -0.477834 0.512919 0.639535
v -0.476506 0.476083 0.638016
v -0.469445 0.465148 0.650351
v -0.480458 0.46693 0.6342
v -0.474566 0.45508 0.647519
v -0.479787 0.487115 0.62473
v -0.4828 0.479065 0.620701
v -0.458575 0.454028 0.662728
v -0.443674 0.444024 0.674522
v -0.465097 0.44273 0.661943
v -0.243855 0.516227 0.597858
v -0.243626 0.509563 0.59369
v -0.252019 0.519456 0.578654
v -0.251706 0.525042 0.582584
v -0.264577 0.527448 0.565757
v -0.263444 0.532109 0.569854
v -0.241948 0.505457 0.590245
v -0.251027 0.517529 0.575165
v -0.264478 0.527396 0.561436
v -0.251073 0.532566 0.587136
v -0.243687 0.524163 0.602697
v -0.251103 0.540309 0.592494
v -0.244176 0.532082 0.608149
v -0.262028 0.53929 0.574249
v -0.261281 0.546901 0.579465
v -0.239964 0.514639 0.619087
v -0.23988 0.506272 0.614022
v -0.240666 0.522771 0.62448
v -0.239262 0.498529 0.609501
v -0.236958 0.492271 0.605736
v -0.474721 0.516227 0.597858
v -0.478696 0.506272 0.614022
v -0.478612 0.514639 0.619087
v -0.474889 0.524163 0.602697
v -0.47791 0.522771 0.62448
v -0.4744 0.532082 0.608149
v -0.467503 0.532566 0.587136
v -0.46687 0.525042 0.582584
v -0.456548 0.53929 0.574249
v -0.455132 0.532109 0.569854
v -0.467473 0.540309 0.592494
v -0.457295 0.546901 0.579465
v -0.466557 0.519456 0.578654
v -0.47495 0.509563 0.59369
v -0.467549 0.517529 0.575165
v -0.476628 0.505457 0.590245
v -0.453999 0.527448 0.565757
v -0.454098 0.527396 0.561436
v -0.479314 0.498529 0.609501
v -0.481618 0.492271 0.605736
v -0.296868 0.539232 0.557048
v -0.301312 0.535291 0.551113
v -0.322911 0.53485 0.550682
v -0.31506 0.539378 0.557075
v -0.340886 0.532228 0.555288
v -0.330895 0.537536 0.561348
v -0.304505 0.537081 0.542325
v -0.329411 0.536597 0.539901
v -0.359288 0.531522 0.545318
v -0.309087 0.546506 0.562091
v -0.292706 0.546149 0.561881
v -0.30489 0.554028 0.567234
v -0.289529 0.55365 0.566987
v -0.323933 0.544962 0.566356
v -0.319272 0.552551 0.571602
v -0.276463 0.543781 0.565882
v -0.27908 0.536825 0.561325
v -0.274541 0.551311 0.571014
v -0.281438 0.532775 0.556357
v -0.282582 0.533964 0.549997
v -0.421708 0.539232 0.557048
v -0.439496 0.536825 0.561325
v -0.442113 0.543781 0.565882
v -0.42587 0.546149 0.561881
v -0.444035 0.551311 0.571014
v -0.429047 0.55365 0.566987
v -0.409489 0.546506 0.562091
v -0.403516 0.539378 0.557075
v -0.394643 0.544962 0.566356
v -0.387681 0.537536 0.561348
v -0.413686 0.554028 0.567234
v -0.399304 0.552551 0.571602
v -0.395665 0.53485 0.550682
v -0.417264 0.535291 0.551113
v -0.389165 0.536597 0.539901
v -0.414071 0.537081 0.542325
v -0.37769 0.532228 0.555288
v -0.437138 0.532775 0.556357
v -0.435994 0.533964 0.549997
v -0.348918 0.530174 0.579309
v -0.353886 0.52495 0.5757
v -0.356847 0.524611 0.582359
v -0.354527 0.527563 0.586698
v -0.359288 0.525172 0.584716
v -0.359288 0.526556 0.589863
v -0.359288 0.522914 0.574131
v -0.359288 0.524106 0.580342
v -0.359288 0.522509 0.583403
v -0.352452 0.534397 0.591647
v -0.344815 0.537709 0.583861
v -0.350743 0.542317 0.597413
v -0.341615 0.545529 0.589471
v -0.359288 0.532894 0.595151
v -0.359288 0.540857 0.600987
v -0.335576 0.54163 0.574522
v -0.341611 0.533985 0.569809
v -0.331319 0.54933 0.579942
v -0.349889 0.528209 0.565151
v -0.359288 0.525788 0.562837
v -0.369658 0.530174 0.579309
v -0.376965 0.533985 0.569809
v -0.383 0.54163 0.574522
v -0.373761 0.537709 0.583861
v -0.387257 0.54933 0.579942
v -0.376961 0.545529 0.589471
v -0.366124 0.534397 0.591647
v -0.364049 0.527563 0.586698
v -0.367833 0.542317 0.597413
v -0.361729 0.524611 0.582359
v -0.36469 0.52495 0.5757
v -0.368687 0.528209 0.565151
v -0.315191 0.442278 0.690827
v -0.336919 0.438199 0.696325
v -0.337315 0.427212 0.699063
v -0.315515 0.430942 0.693593
v -0.359288 0.436658 0.698468
v -0.359288 0.425787 0.701046
v -0.294059 0.436437 0.685112
v -0.294748 0.448354 0.68291
v -0.294774 0.458635 0.683576
v -0.314931 0.45233 0.691251
v -0.294987 0.467923 0.685085
v -0.31506 0.461623 0.692597
v -0.336705 0.448092 0.696782
v -0.359288 0.446489 0.699013
v -0.336766 0.457362 0.698108
v -0.359288 0.455741 0.700363
v -0.403385 0.442278 0.690827
v -0.403645 0.45233 0.691251
v -0.423802 0.458635 0.683576
v -0.423828 0.448354 0.68291
v -0.403516 0.461623 0.692597
v -0.423589 0.467923 0.685085
v -0.424517 0.436437 0.685112
v -0.403061 0.430942 0.693593
v -0.381261 0.427212 0.699063
v -0.381657 0.438199 0.696325
v -0.381871 0.448092 0.696782
v -0.38181 0.457362 0.698108
v -0.317051 0.479709 0.691296
v -0.337712 0.475795 0.696304
v -0.337193 0.466479 0.697971
v -0.315907 0.470678 0.692599
v -0.359288 0.474268 0.698429
v -0.359288 0.464877 0.700201
v -0.296239 0.476864 0.685403
v -0.298221 0.485343 0.684773
v -0.278996 0.484426 0.677703
v -0.281916 0.492321 0.677941
v -0.300626 0.493245 0.683434
v -0.318072 0.488926 0.688729
v -0.301386 0.501432 0.680886
v -0.31811 0.498784 0.684752
v -0.286097 0.498935 0.677927
v -0.290368 0.5035 0.677725
v -0.338048 0.485658 0.693038
v -0.359288 0.484286 0.694947
v -0.337926 0.496418 0.688107
v -0.359288 0.495305 0.689656
v -0.401525 0.479709 0.691296
v -0.400504 0.488926 0.688729
v -0.41795 0.493245 0.683434
v -0.420355 0.485343 0.684773
v -0.432479 0.498935 0.677927
v -0.43666 0.492321 0.677941
v -0.400466 0.498784 0.684752
v -0.41719 0.501432 0.680886
v -0.428208 0.5035 0.677725
v -0.422337 0.476864 0.685403
v -0.402669 0.470678 0.692599
v -0.43958 0.484426 0.677703
v -0.381383 0.466479 0.697971
v -0.380864 0.475795 0.696304
v -0.380528 0.485658 0.693038
v -0.38065 0.496418 0.688107
v -0.336911 0.55591 0.6038
v -0.339352 0.551612 0.596257
v -0.349522 0.548523 0.604203
v -0.348088 0.552749 0.612218
v -0.359288 0.547119 0.607779
v -0.359288 0.551241 0.616141
v -0.345738 0.554728 0.621658
v -0.333172 0.558375 0.61168
v -0.338353 0.55484 0.630415
v -0.325904 0.559297 0.618714
v -0.359288 0.552786 0.626684
v -0.359288 0.549362 0.643178
v -0.322572 0.561545 0.601853
v -0.325779 0.559355 0.594235
v -0.312332 0.563902 0.594273
v -0.314067 0.562182 0.586122
v -0.316757 0.562464 0.608197
v -0.310641 0.563918 0.600998
v -0.328374 0.55526 0.586722
v -0.316182 0.558344 0.578378
v -0.381665 0.55591 0.6038
v -0.392797 0.559355 0.594235
v -0.396004 0.561545 0.601853
v -0.385404 0.558375 0.61168
v -0.401819 0.562464 0.608197
v -0.392672 0.559297 0.618714
v -0.404509 0.562182 0.586122
v -0.406244 0.563902 0.594273
v -0.407935 0.563918 0.600998
v -0.372838 0.554728 0.621658
v -0.370488 0.552749 0.612218
v -0.380223 0.55484 0.630415
v -0.369054 0.548523 0.604203
v -0.379224 0.551612 0.596257
v -0.390202 0.55526 0.586722
v -0.402394 0.558344 0.578378
v -0.287961 0.563121 0.58192
v -0.288037 0.55935 0.573737
v -0.302373 0.559739 0.574006
v -0.301151 0.563485 0.582059
v -0.300843 0.565109 0.591036
v -0.28903 0.564836 0.591323
v -0.302291 0.564801 0.600971
v -0.290995 0.564471 0.602023
v -0.277813 0.56275 0.594318
v -0.275427 0.56095 0.585586
v -0.268325 0.559188 0.600832
v -0.264533 0.556994 0.593341
v -0.280075 0.562404 0.604307
v -0.272446 0.559718 0.606843
v -0.274266 0.557085 0.577699
v -0.262151 0.55285 0.586024
v -0.430615 0.563121 0.58192
v -0.443149 0.56095 0.585586
v -0.440763 0.56275 0.594318
v -0.429546 0.564836 0.591323
v -0.438501 0.562404 0.604307
v -0.427581 0.564471 0.602023
v -0.454043 0.556994 0.593341
v -0.450251 0.559188 0.600832
v -0.44613 0.559718 0.606843
v -0.417733 0.565109 0.591036
v -0.417425 0.563485 0.582059
v -0.416285 0.564801 0.600971
v -0.416203 0.559739 0.574006
v -0.430539 0.55935 0.573737
v -0.44431 0.557085 0.577699
v -0.456425 0.55285 0.586024
v -0.250715 0.544119 0.620021
v -0.246373 0.5387 0.614159
v -0.252782 0.546551 0.598841
v -0.256262 0.551281 0.605471
v -0.2617 0.554484 0.611678
v -0.257636 0.548442 0.625031
v -0.269699 0.557038 0.615747
v -0.267684 0.551999 0.62823
v -0.255833 0.540869 0.639065
v -0.24799 0.535815 0.635038
v -0.256596 0.532366 0.651707
v -0.248341 0.526879 0.648506
v -0.267278 0.54504 0.641498
v -0.268758 0.53679 0.65359
v -0.243138 0.529805 0.629987
v -0.243291 0.520379 0.644332
v -0.467861 0.544119 0.620021
v -0.470586 0.535815 0.635038
v -0.462743 0.540869 0.639065
v -0.46094 0.548442 0.625031
v -0.451298 0.54504 0.641498
v -0.450892 0.551999 0.62823
v -0.470235 0.526879 0.648506
v -0.46198 0.532366 0.651707
v -0.449818 0.53679 0.65359
v -0.456876 0.554484 0.611678
v -0.462314 0.551281 0.605471
v -0.448877 0.557038 0.615747
v -0.465794 0.546551 0.598841
v -0.472203 0.5387 0.614159
v -0.475438 0.529805 0.629987
v -0.475285 0.520379 0.644332
v -0.258892 0.508868 0.665867
v -0.254308 0.501657 0.663677
v -0.247044 0.510931 0.655205
v -0.252019 0.517817 0.658407
v -0.260228 0.523537 0.660882
v -0.266421 0.514735 0.667628
v -0.272404 0.527886 0.662543
v -0.27775 0.518821 0.669181
v -0.27487 0.506317 0.672984
v -0.268832 0.500266 0.672009
v -0.284327 0.510089 0.67433
v -0.264989 0.492757 0.670819
v -0.459684 0.508868 0.665867
v -0.449744 0.500266 0.672009
v -0.443706 0.506317 0.672984
v -0.452155 0.514735 0.667628
v -0.434249 0.510089 0.67433
v -0.440826 0.518821 0.669181
v -0.458348 0.523537 0.660882
v -0.466557 0.517817 0.658407
v -0.446172 0.527886 0.662543
v -0.471532 0.510931 0.655205
v -0.464268 0.501657 0.663677
v -0.453587 0.492757 0.670819
v -0.297057 0.557527 0.626949
v -0.312878 0.558968 0.623718
v -0.321812 0.553465 0.636384
v -0.301533 0.551139 0.640017
v -0.3299 0.545438 0.64925
v -0.306157 0.542811 0.652361
v -0.282933 0.548397 0.641769
v -0.281409 0.555116 0.628662
v -0.285527 0.540101 0.653809
v -0.280865 0.559821 0.615964
v -0.293607 0.562003 0.614092
v -0.306337 0.56275 0.611889
v -0.421519 0.557527 0.626949
v -0.424969 0.562003 0.614092
v -0.437711 0.559821 0.615964
v -0.437167 0.555116 0.628662
v -0.435643 0.548397 0.641769
v -0.417043 0.551139 0.640017
v -0.433049 0.540101 0.653809
v -0.412419 0.542811 0.652361
v -0.396764 0.553465 0.636384
v -0.405698 0.558968 0.623718
v -0.388676 0.545438 0.64925
v -0.412239 0.56275 0.611889
v -0.313374 0.521186 0.672024
v -0.310048 0.532519 0.663051
v -0.333897 0.534079 0.661685
v -0.335667 0.521154 0.672734
v -0.359288 0.534786 0.660725
v -0.359288 0.521005 0.672946
v -0.337071 0.508425 0.68144
v -0.316302 0.509739 0.679221
v -0.359288 0.507694 0.682456
v -0.298429 0.510761 0.676631
v -0.293735 0.520689 0.670743
v -0.289281 0.530667 0.663301
v -0.405202 0.521186 0.672024
v -0.424841 0.520689 0.670743
v -0.420147 0.510761 0.676631
v -0.402274 0.509739 0.679221
v -0.381505 0.508425 0.68144
v -0.382909 0.521154 0.672734
v -0.384679 0.534079 0.661685
v -0.408528 0.532519 0.663051
v -0.429295 0.530667 0.663301
v -0.301729 0.563539 0.511097
v -0.329839 0.567062 0.496713
v -0.331334 0.5483 0.521716
v -0.304913 0.547361 0.528933
v -0.359288 0.567943 0.490566
v -0.359288 0.547846 0.519386
v -0.28156 0.542724 0.541259
v -0.276298 0.556492 0.529666
v -0.262196 0.534045 0.556369
v -0.255341 0.544544 0.549486
v -0.264724 0.572707 0.514737
v -0.294143 0.58303 0.48898
v -0.241521 0.556043 0.53972
v -0.326085 0.589989 0.465474
v -0.359288 0.592627 0.454284
v -0.416847 0.563539 0.511097
v -0.424433 0.58303 0.48898
v -0.453852 0.572707 0.514737
v -0.442278 0.556492 0.529666
v -0.477055 0.556043 0.53972
v -0.463235 0.544544 0.549486
v -0.437016 0.542724 0.541259
v -0.413663 0.547361 0.528933
v -0.45638 0.534045 0.556369
v -0.387242 0.5483 0.521716
v -0.388737 0.567062 0.496713
v -0.392491 0.589989 0.465474
v -0.23071 0.504955 0.584285
v -0.240653 0.52632 0.567623
v -0.247746 0.520981 0.571932
v -0.237767 0.505196 0.587582
v -0.231816 0.48836 0.602944
v -0.223988 0.483588 0.599675
v -0.229451 0.472136 0.617648
v -0.220212 0.464037 0.614106
v -0.213628 0.474749 0.594479
v -0.220405 0.50091 0.578938
v -0.200887 0.458642 0.58591
v -0.20707 0.487187 0.5705
v -0.208455 0.452474 0.60861
v -0.194577 0.435157 0.599697
v -0.228225 0.53006 0.560903
v -0.211308 0.520518 0.55192
v -0.487866 0.504955 0.584285
v -0.498171 0.50091 0.578938
v -0.504948 0.474749 0.594479
v -0.494588 0.483588 0.599675
v -0.510121 0.452474 0.60861
v -0.498364 0.464037 0.614106
v -0.511506 0.487187 0.5705
v -0.517689 0.458642 0.58591
v -0.523999 0.435157 0.599697
v -0.48676 0.48836 0.602944
v -0.480809 0.505196 0.587582
v -0.489125 0.472136 0.617648
v -0.47083 0.520981 0.571932
v -0.477923 0.52632 0.567623
v -0.490351 0.53006 0.560903
v -0.507268 0.520518 0.55192
v -0.219831 0.434334 0.642234
v -0.219106 0.448125 0.627892
v -0.230229 0.458193 0.631323
v -0.233751 0.445339 0.645284
v -0.239615 0.432378 0.660849
v -0.221551 0.421147 0.65833
v -0.244934 0.417675 0.679864
v -0.222805 0.406932 0.677513
v -0.202428 0.407207 0.65327
v -0.203732 0.420483 0.636955
v -0.182835 0.389162 0.644285
v -0.186295 0.402303 0.627967
v -0.200658 0.393374 0.672415
v -0.178838 0.375697 0.663282
v -0.205449 0.434979 0.622418
v -0.189961 0.417005 0.613411
v -0.498745 0.434334 0.642234
v -0.514844 0.420483 0.636955
v -0.516148 0.407207 0.65327
v -0.497025 0.421147 0.65833
v -0.517918 0.393374 0.672415
v -0.495771 0.406932 0.677513
v -0.532281 0.402303 0.627967
v -0.535741 0.389162 0.644285
v -0.539738 0.375697 0.663282
v -0.478961 0.432378 0.660849
v -0.484825 0.445339 0.645284
v -0.473642 0.417675 0.679864
v -0.488347 0.458193 0.631323
v -0.49947 0.448125 0.627892
v -0.513127 0.434979 0.622418
v -0.528615 0.417005 0.613411
v -0.21973 0.370112 0.729059
v -0.222131 0.39006 0.701117
v -0.246817 0.399587 0.704177
v -0.246141 0.378473 0.733085
v -0.243779 0.354686 0.765886
v -0.215802 0.34667 0.761262
v -0.187474 0.334882 0.754171
v -0.193135 0.35795 0.722608
v -0.159795 0.318744 0.743551
v -0.167157 0.341312 0.712493
v -0.197545 0.3772 0.695442
v -0.173558 0.360022 0.685878
v -0.498846 0.370112 0.729059
v -0.525441 0.35795 0.722608
v -0.531102 0.334882 0.754171
v -0.502774 0.34667 0.761262
v -0.551419 0.341312 0.712493
v -0.558781 0.318744 0.743551
v -0.474797 0.354686 0.765886
v -0.472435 0.378473 0.733085
v -0.471759 0.399587 0.704177
v -0.496445 0.39006 0.701117
v -0.521031 0.3772 0.695442
v -0.545018 0.360022 0.685878
v -0.121423 0.294444 0.678102
v -0.111493 0.273445 0.708704
v -0.0950972 0.247807 0.68483
v -0.105595 0.267915 0.654916
v -0.0866902 0.222526 0.65689
v -0.0970812 0.241789 0.628465
v -0.115544 0.284472 0.629629
v -0.130719 0.311702 0.65211
v -0.12444 0.29844 0.608362
v -0.13897 0.326159 0.630152
v -0.106984 0.257802 0.604562
v -0.115857 0.271519 0.584561
v -0.15067 0.337538 0.671146
v -0.142598 0.319528 0.697476
v -0.157689 0.352601 0.648826
v -0.133763 0.297678 0.728337
v -0.597153 0.294444 0.678102
v -0.575978 0.319528 0.697476
v -0.567906 0.337538 0.671146
v -0.587857 0.311702 0.65211
v -0.560887 0.352601 0.648826
v -0.579606 0.326159 0.630152
v -0.603032 0.284472 0.629629
v -0.612981 0.267915 0.654916
v -0.611592 0.257802 0.604562
v -0.621495 0.241789 0.628465
v -0.594136 0.29844 0.608362
v -0.602719 0.271519 0.584561
v -0.623479 0.247807 0.68483
v -0.607083 0.273445 0.708704
v -0.631886 0.222526 0.65689
v -0.584813 0.297678 0.728337
v -0.151717 0.350931 0.595776
v -0.145764 0.338752 0.611646
v -0.131779 0.31078 0.590511
v -0.138142 0.322559 0.575271
v -0.123158 0.283891 0.567842
v -0.129422 0.295611 0.553627
v -0.144109 0.334841 0.561841
v -0.157445 0.364139 0.581721
v -0.150258 0.348693 0.549417
v -0.163564 0.379823 0.568664
v -0.135182 0.307366 0.541138
v -0.140973 0.319849 0.529599
v -0.173344 0.39246 0.599378
v -0.168362 0.378316 0.613791
v -0.178975 0.409792 0.585903
v -0.163365 0.365612 0.629991
v -0.566859 0.350931 0.595776
v -0.550214 0.378316 0.613791
v -0.545232 0.39246 0.599378
v -0.561131 0.364139 0.581721
v -0.539601 0.409792 0.585903
v -0.555012 0.379823 0.568664
v -0.574467 0.334841 0.561841
v -0.580434 0.322559 0.575271
v -0.583394 0.307366 0.541138
v -0.589154 0.295611 0.553627
v -0.568318 0.348693 0.549417
v -0.577603 0.319849 0.529599
v -0.586797 0.31078 0.590511
v -0.572812 0.338752 0.611646
v -0.595418 0.283891 0.567842
v -0.555211 0.365612 0.629991
v -0.174493 0.420412 0.542275
v -0.160298 0.382004 0.524623
v -0.155095 0.396865 0.511148
v -0.170646 0.440234 0.527328
v -0.149899 0.34758 0.506577
v -0.144337 0.359855 0.49417
v -0.19075 0.486013 0.540824
v -0.190925 0.457914 0.557922
v -0.185918 0.432058 0.572517
v -0.170689 0.399428 0.555785
v -0.15717 0.365181 0.537195
v -0.147328 0.333749 0.518233
v -0.544083 0.420412 0.542275
v -0.547887 0.399428 0.555785
v -0.532658 0.432058 0.572517
v -0.527651 0.457914 0.557922
v -0.527826 0.486013 0.540824
v -0.54793 0.440234 0.527328
v -0.563481 0.396865 0.511148
v -0.558278 0.382004 0.524623
v -0.574239 0.359855 0.49417
v -0.568677 0.34758 0.506577
v -0.561406 0.365181 0.537195
v -0.571248 0.333749 0.518233
v -0.309711 0.152773 1.03355
v -0.288086 0.153566 1.03169
v -0.282579 0.158315 1.02861
v -0.307304 0.158462 1.03067
v -0.271055 0.15035 1.03359
v -0.262566 0.15332 1.03097
v -0.333043 0.15647 1.03386
v -0.333867 0.150386 1.03657
v -0.359288 0.154938 1.03572
v -0.359288 0.148795 1.03837
v -0.33463 0.143768 1.03668
v -0.311475 0.146296 1.03396
v -0.33524 0.135725 1.03443
v -0.312676 0.138267 1.032
v -0.359288 0.142177 1.03832
v -0.359288 0.134162 1.0359
v -0.291325 0.147519 1.03235
v -0.275685 0.145195 1.03404
v -0.29308 0.139642 1.03058
v -0.277936 0.1377 1.03214
v -0.408865 0.152773 1.03355
v -0.407101 0.146296 1.03396
v -0.383946 0.143768 1.03668
v -0.384709 0.150386 1.03657
v -0.4059 0.138267 1.032
v -0.383336 0.135725 1.03443
v -0.385533 0.15647 1.03386
v -0.411272 0.158462 1.03067
v -0.435997 0.158315 1.02861
v -0.43049 0.153566 1.03169
v -0.45601 0.15332 1.03097
v -0.447521 0.15035 1.03359
v -0.427251 0.147519 1.03235
v -0.425496 0.139642 1.03058
v -0.442891 0.145195 1.03404
v -0.44064 0.1377 1.03214
v -0.25604 0.126997 1.05399
v -0.256207 0.111572 1.06754
v -0.246342 0.107332 1.07017
v -0.246109 0.124244 1.05537
v -0.260476 0.0962322 1.08053
v -0.250874 0.0914089 1.08383
v -0.250963 0.140768 1.0411
v -0.260681 0.14071 1.04185
v -0.266057 0.137078 1.04123
v -0.261746 0.124992 1.05198
v -0.268727 0.130296 1.03867
v -0.264741 0.119101 1.04844
v -0.262059 0.110755 1.06436
v -0.266301 0.0961914 1.07645
v -0.265263 0.10579 1.05974
v -0.269582 0.092036 1.07087
v -0.462536 0.126997 1.05399
v -0.45683 0.124992 1.05198
v -0.452519 0.137078 1.04123
v -0.457895 0.14071 1.04185
v -0.453835 0.119101 1.04844
v -0.449849 0.130296 1.03867
v -0.467613 0.140768 1.0411
v -0.472467 0.124244 1.05537
v -0.472234 0.107332 1.07017
v -0.462369 0.111572 1.06754
v -0.467702 0.0914089 1.08383
v -0.4581 0.0962322 1.08053
v -0.456517 0.110755 1.06436
v -0.453313 0.10579 1.05974
v -0.452275 0.0961914 1.07645
v -0.448994 0.092036 1.07087
v -0.278432 0.0712932 1.09916
v -0.290585 0.0618392 1.10537
v -0.282689 0.0574187 1.10935
v -0.269757 0.0665468 1.10307
v -0.303834 0.0544916 1.10991
v -0.297002 0.0503649 1.11388
v -0.258916 0.0778454 1.09468
v -0.26814 0.0827818 1.09097
v -0.273778 0.0831198 1.08629
v -0.283719 0.0717435 1.09414
v -0.276982 0.0795134 1.0801
v -0.286713 0.0684957 1.08759
v -0.295354 0.0622627 1.1002
v -0.307912 0.0548791 1.10473
v -0.298024 0.0592536 1.09351
v -0.310162 0.0520613 1.09803
v -0.440144 0.0712932 1.09916
v -0.434857 0.0717435 1.09414
v -0.444798 0.0831198 1.08629
v -0.450436 0.0827818 1.09097
v -0.431863 0.0684957 1.08759
v -0.441594 0.0795134 1.0801
v -0.45966 0.0778454 1.09468
v -0.448819 0.0665468 1.10307
v -0.435887 0.0574187 1.10935
v -0.427991 0.0618392 1.10537
v -0.421574 0.0503649 1.11388
v -0.414742 0.0544916 1.10991
v -0.423222 0.0622627 1.1002
v -0.420552 0.0592536 1.09351
v -0.410664 0.0548791 1.10473
v -0.408414 0.0520613 1.09803
v -0.331233 0.0460252 1.11504
v -0.345219 0.0442924 1.11606
v -0.343297 0.040157 1.11998
v -0.327473 0.0419664 1.11898
v -0.359288 0.0438169 1.11633
v -0.359288 0.0396316 1.12024
v -0.311986 0.045292 1.11702
v -0.31741 0.0493229 1.11306
v -0.320622 0.0497954 1.10793
v -0.333447 0.0466402 1.10999
v -0.322377 0.0471904 1.10131
v -0.334649 0.0442351 1.10347
v -0.346349 0.0450423 1.11109
v -0.359288 0.0446339 1.1114
v -0.346959 0.0427878 1.10466
v -0.359288 0.0424399 1.10501
v -0.387343 0.0460252 1.11504
v -0.385129 0.0466402 1.10999
v -0.397954 0.0497954 1.10793
v -0.401166 0.0493229 1.11306
v -0.383927 0.0442351 1.10347
v -0.396199 0.0471904 1.10131
v -0.40659 0.045292 1.11702
v -0.391103 0.0419664 1.11898
v -0.375279 0.040157 1.11998
v -0.373357 0.0442924 1.11606
v -0.372227 0.0450423 1.11109
v -0.371617 0.0427878 1.10466
v -0.335391 0.0340003 1.08514
v -0.347325 0.0327312 1.08644
v -0.347325 0.037905 1.09634
v -0.33537 0.0392364 1.09509
v -0.359288 0.0324208 1.08685
v -0.359288 0.0375958 1.09672
v -0.32343 0.0419912 1.09285
v -0.323514 0.0365649 1.08285
v -0.311513 0.0465723 1.08951
v -0.311723 0.0407614 1.0795
v -0.322362 0.0332789 1.0716
v -0.334492 0.0308838 1.0739
v -0.319707 0.0345006 1.05936
v -0.332455 0.032243 1.06164
v -0.310551 0.0369786 1.06835
v -0.307759 0.0375753 1.0564
v -0.346837 0.0296006 1.07527
v -0.359288 0.0292378 1.07572
v -0.345738 0.0308492 1.06312
v -0.359288 0.0303685 1.06366
v -0.383185 0.0340003 1.08514
v -0.384084 0.0308838 1.0739
v -0.396214 0.0332789 1.0716
v -0.395062 0.0365649 1.08285
v -0.408025 0.0369786 1.06835
v -0.406853 0.0407614 1.0795
v -0.386121 0.032243 1.06164
v -0.398869 0.0345006 1.05936
v -0.410817 0.0375753 1.0564
v -0.395146 0.0419912 1.09285
v -0.383206 0.0392364 1.09509
v -0.407063 0.0465723 1.08951
v -0.371251 0.037905 1.09634
v -0.371251 0.0327312 1.08644
v -0.371739 0.0296006 1.07527
v -0.372838 0.0308492 1.06312
v -0.289218 0.0549702 1.06939
v -0.300046 0.0469279 1.07501
v -0.299626 0.0533812 1.08495
v -0.28851 0.0621515 1.07909
v -0.278905 0.0726186 1.07183
v -0.279975 0.0647982 1.06269
v -0.27155 0.0845155 1.0631
v -0.272911 0.07593 1.0547
v -0.28062 0.0584163 1.05386
v -0.288947 0.0492126 1.05925
v -0.280227 0.055742 1.04509
v -0.287544 0.0471129 1.04907
v -0.274368 0.0685818 1.04725
v -0.27581 0.0641533 1.04232
v -0.299168 0.0421785 1.06416
v -0.29688 0.0414184 1.0529
v -0.429358 0.0549702 1.06939
v -0.429629 0.0492126 1.05925
v -0.437956 0.0584171 1.05386
v -0.438601 0.0647982 1.06269
v -0.444208 0.0685818 1.04725
v -0.445665 0.07593 1.0547
v -0.431032 0.0471129 1.04907
v -0.438349 0.055742 1.04509
v -0.442766 0.0641533 1.04232
v -0.439671 0.0726186 1.07183
v -0.430066 0.0621515 1.07909
v -0.447026 0.0845155 1.0631
v -0.41895 0.0533812 1.08495
v -0.41853 0.0469279 1.07501
v -0.419408 0.0421785 1.06416
v -0.421696 0.0414184 1.0529
v -0.267932 0.0994094 1.03573
v -0.268622 0.0878895 1.0452
v -0.267186 0.0975774 1.05279
v -0.266537 0.1102 1.04244
v -0.270329 0.120781 1.03358
v -0.271664 0.109223 1.02781
v -0.279286 0.127716 1.02772
v -0.280503 0.115676 1.02272
v -0.273534 0.0963057 1.0232
v -0.269721 0.0878449 1.03003
v -0.276738 0.082718 1.02161
v -0.272712 0.0760855 1.02713
v -0.282353 0.102015 1.01909
v -0.285603 0.0871657 1.01878
v -0.270367 0.0784977 1.03868
v -0.273269 0.0690106 1.03504
v -0.450644 0.0994094 1.03573
v -0.448855 0.0878449 1.03003
v -0.445042 0.0963057 1.0232
v -0.446912 0.109223 1.02781
v -0.436223 0.102015 1.01909
v -0.438073 0.115676 1.02272
v -0.445864 0.0760855 1.02713
v -0.441838 0.082718 1.02161
v -0.432973 0.0871657 1.01878
v -0.448247 0.120781 1.03358
v -0.452039 0.1102 1.04244
v -0.43929 0.127716 1.02772
v -0.45139 0.0975774 1.05279
v -0.449954 0.0878895 1.0452
v -0.448209 0.0784977 1.03868
v -0.445307 0.0690106 1.03504
v -0.314105 0.115558 1.02323
v -0.295132 0.117116 1.02175
v -0.294133 0.129402 1.02639
v -0.313397 0.127924 1.02778
v -0.335606 0.125368 1.03007
v -0.335973 0.113013 1.02546
v -0.359288 0.123821 1.03144
v -0.359288 0.111493 1.02676
v -0.336583 0.0989744 1.02245
v -0.315266 0.101465 1.02025
v -0.337682 0.083569 1.02292
v -0.317349 0.08594 1.02076
v -0.359288 0.0975158 1.0237
v -0.359288 0.0822283 1.02408
v -0.296727 0.103107 1.01862
v -0.299565 0.0876899 1.01894
v -0.404471 0.115558 1.02323
v -0.40331 0.101465 1.02025
v -0.381993 0.0989744 1.02245
v -0.382603 0.113013 1.02546
v -0.401227 0.08594 1.02076
v -0.380894 0.083569 1.02292
v -0.38297 0.125368 1.03007
v -0.405179 0.127924 1.02778
v -0.424443 0.129402 1.02639
v -0.423444 0.117116 1.02175
v -0.421849 0.103107 1.01862
v -0.419011 0.0876899 1.01894
v -0.324963 0.0534489 1.0365
v -0.320821 0.069276 1.02669
v -0.339513 0.0671126 1.02872
v -0.34171 0.0515468 1.03835
v -0.359288 0.0659673 1.02973
v -0.359288 0.050636 1.0392
v -0.343907 0.0388116 1.05032
v -0.32906 0.0404349 1.04867
v -0.359288 0.0381361 1.051
v -0.315282 0.0425989 1.04642
v -0.30988 0.0555132 1.03435
v -0.303105 0.0448988 1.04398
v -0.297292 0.0569097 1.0326
v -0.304295 0.0711839 1.02469
v -0.29102 0.0715647 1.02374
v -0.393613 0.0534489 1.0365
v -0.408696 0.0555132 1.03435
v -0.403294 0.0425989 1.04642
v -0.389516 0.0404349 1.04867
v -0.421284 0.0569097 1.0326
v -0.415471 0.0448988 1.04398
v -0.374669 0.0388116 1.05032
v -0.376866 0.0515468 1.03835
v -0.379063 0.0671126 1.02872
v -0.397755 0.069276 1.02669
v -0.414281 0.0711839 1.02469
v -0.427556 0.0715647 1.02374
v -0.283232 0.0571757 1.03301
v -0.277716 0.0647086 1.02878
v -0.282079 0.0691447 1.02488
v -0.288029 0.0568097 1.03194
v -0.293065 0.0469312 1.04172
v -0.284857 0.0509067 1.03924
v -0.278179 0.0590402 1.03612
v -0.435344 0.0571757 1.03301
v -0.44086 0.0647086 1.02878
v -0.440397 0.0590402 1.03612
v -0.433719 0.0509067 1.03924
v -0.425511 0.0469312 1.04172
v -0.430547 0.0568097 1.03194
v -0.436497 0.0691447 1.02488
v -0.196608 0.727388 0.299007
v -0.20152 0.739018 0.285794
v -0.215092 0.734095 0.286108
v -0.209706 0.721265 0.300235
v -0.205086 0.751332 0.271615
v -0.219136 0.747712 0.271109
v -0.203007 0.709424 0.313587
v -0.190434 0.71661 0.311367
v -0.195027 0.698773 0.326264
v -0.18308 0.706854 0.322987
v -0.18195 0.72189 0.309994
v -0.187497 0.732018 0.298097
v -0.175832 0.724941 0.308128
v -0.180756 0.734615 0.296418
v -0.17516 0.712742 0.321234
v -0.169537 0.716249 0.31932
v -0.191746 0.742945 0.285402
v -0.194646 0.75449 0.27177
v -0.184331 0.745081 0.284025
v -0.186574 0.756144 0.27079
v -0.521968 0.727388 0.299007
v -0.531079 0.732018 0.298097
v -0.536626 0.72189 0.309994
v -0.528142 0.71661 0.311367
v -0.543416 0.712742 0.321234
v -0.535496 0.706854 0.322987
v -0.53782 0.734615 0.296418
v -0.542744 0.724941 0.308128
v -0.549039 0.716249 0.31932
v -0.515569 0.709424 0.313587
v -0.50887 0.721265 0.300235
v -0.523549 0.698773 0.326264
v -0.503484 0.734095 0.286108
v -0.517056 0.739018 0.285794
v -0.49944 0.747712 0.271109
v -0.51349 0.751332 0.271615
v -0.52683 0.742945 0.285402
v -0.534245 0.745081 0.284025
v -0.52393 0.75449 0.27177
v -0.532002 0.756144 0.27079
v -0.20773 0.777417 0.240203
v -0.206387 0.791036 0.223334
v -0.221715 0.7916 0.220892
v -0.222775 0.776581 0.238351
v -0.202988 0.804938 0.205932
v -0.218297 0.806849 0.202914
v -0.221806 0.761913 0.25514
v -0.207227 0.764157 0.256358
v -0.196141 0.766469 0.257061
v -0.196088 0.778811 0.241484
v -0.187505 0.76761 0.256547
v -0.18699 0.779375 0.241523
v -0.19434 0.791437 0.225248
v -0.190755 0.804275 0.208561
v -0.184895 0.791333 0.225942
v -0.181088 0.803378 0.210032
v -0.510846 0.777417 0.240203
v -0.522488 0.778811 0.241484
v -0.522435 0.766469 0.257061
v -0.511349 0.764157 0.256358
v -0.531586 0.779375 0.241523
v -0.531071 0.76761 0.256547
v -0.49677 0.761913 0.25514
v -0.495801 0.776581 0.238351
v -0.496861 0.7916 0.220892
v -0.512189 0.791036 0.223334
v -0.500279 0.806849 0.202914
v -0.515588 0.804938 0.205932
v -0.524236 0.791437 0.225248
v -0.533681 0.791333 0.225942
v -0.527821 0.804275 0.208561
v -0.537488 0.803378 0.210032
v -0.189366 0.832743 0.170537
v -0.179089 0.845422 0.153463
v -0.192174 0.850901 0.148362
v -0.203465 0.837097 0.166251
v -0.166466 0.85647 0.137416
v -0.17838 0.863032 0.131299
v -0.212193 0.822214 0.184568
v -0.197324 0.819043 0.188181
v -0.185185 0.817248 0.191634
v -0.177586 0.829826 0.174903
v -0.175435 0.815407 0.194012
v -0.167928 0.827016 0.178271
v -0.167912 0.841481 0.158803
v -0.156117 0.851681 0.143773
v -0.158559 0.837803 0.163189
v -0.147321 0.847367 0.149148
v -0.52921 0.832743 0.170537
v -0.54099 0.829826 0.174903
v -0.533391 0.817248 0.191634
v -0.521252 0.819043 0.188181
v -0.550648 0.827016 0.178271
v -0.543141 0.815407 0.194012
v -0.506383 0.822214 0.184568
v -0.515111 0.837097 0.166251
v -0.526402 0.850901 0.148362
v -0.539487 0.845422 0.153463
v -0.540196 0.863032 0.131299
v -0.55211 0.85647 0.137416
v -0.550664 0.841481 0.158803
v -0.560017 0.837803 0.163189
v -0.562459 0.851681 0.143773
v -0.571255 0.847367 0.149148
v -0.163457 0.689983 0.344269
v -0.174626 0.698292 0.333979
v -0.185796 0.689514 0.338363
v -0.17365 0.680624 0.349674
v -0.156926 0.671078 0.359989
v -0.147954 0.680989 0.35378
v -0.133961 0.659854 0.369097
v -0.1265 0.670372 0.362436
v -0.141606 0.688661 0.351316
v -0.156499 0.697029 0.342025
v -0.1368 0.693735 0.34972
v -0.151402 0.701523 0.340375
v -0.120991 0.678749 0.359696
v -0.116666 0.684496 0.357934
v -0.16718 0.704756 0.331954
v -0.161855 0.708736 0.330154
v -0.555119 0.689983 0.344269
v -0.562077 0.697029 0.342025
v -0.57697 0.688661 0.351316
v -0.570622 0.680989 0.35378
v -0.597585 0.678749 0.359696
v -0.592076 0.670372 0.362436
v -0.567174 0.701523 0.340375
v -0.581776 0.693735 0.34972
v -0.60191 0.684496 0.357934
v -0.56165 0.671078 0.359989
v -0.544926 0.680624 0.349674
v -0.584615 0.659854 0.369097
v -0.53278 0.689514 0.338363
v -0.54395 0.698292 0.333979
v -0.551396 0.704756 0.331954
v -0.556721 0.708736 0.330154
v -0.0635732 0.643201 0.375987
v -0.0974782 0.657191 0.370162
v -0.103093 0.645927 0.376789
v -0.0671132 0.631155 0.382192
v -0.0288132 0.617396 0.384433
v -0.0274702 0.630153 0.378944
v 0.00901279 0.606508 0.38264
v 0.00814378 0.619804 0.378064
v -0.0260672 0.640979 0.37515
v -0.0606432 0.65325 0.372469
v -0.0247092 0.649083 0.37156
v -0.0581412 0.660604 0.369524
v 0.0080058 0.631239 0.374219
v 0.00819677 0.639934 0.370199
v -0.0931442 0.666393 0.367032
v -0.0896192 0.672931 0.364759
v -0.655003 0.643201 0.375987
v -0.657933 0.65325 0.372469
v -0.692509 0.640979 0.37515
v -0.691106 0.630153 0.378944
v -0.726582 0.631239 0.374219
v -0.72672 0.619804 0.378064
v -0.660435 0.660604 0.369524
v -0.693867 0.649083 0.37156
v -0.726773 0.639934 0.370199
v -0.689763 0.617396 0.384433
v -0.651463 0.631155 0.382192
v -0.727589 0.606508 0.38264
v -0.615483 0.645927 0.376789
v -0.621098 0.657191 0.370162
v -0.625432 0.666393 0.367032
v -0.628957 0.672931 0.364759
v 0.0707348 0.611898 0.362215
v 0.0405838 0.613904 0.372377
v 0.0435748 0.600349 0.375941
v 0.0757318 0.598384 0.3647
v 0.106349 0.600076 0.349287
v 0.0994828 0.613232 0.34791
v 0.136287 0.604889 0.330066
v 0.127712 0.617351 0.329791
v 0.0951188 0.624841 0.345626
v 0.0677518 0.623746 0.359204
v 0.0920358 0.633798 0.342367
v 0.0657798 0.632869 0.355439
v 0.121944 0.628396 0.328338
v 0.117656 0.636932 0.325717
v 0.0389968 0.625686 0.36882
v 0.0380968 0.634721 0.364771
v -0.789311 0.611898 0.362215
v -0.786328 0.623746 0.359204
v -0.813695 0.624841 0.345626
v -0.818059 0.613232 0.34791
v -0.84052 0.628396 0.328338
v -0.846288 0.617351 0.329791
v -0.784356 0.632869 0.355439
v -0.810612 0.633798 0.342367
v -0.836232 0.636932 0.325717
v -0.824925 0.600076 0.349287
v -0.794308 0.598384 0.3647
v -0.854863 0.604889 0.330066
v -0.762151 0.600349 0.375941
v -0.75916 0.613904 0.372377
v -0.757573 0.625686 0.36882
v -0.756673 0.634721 0.364771
v 0.183538 0.632104 0.284404
v 0.156306 0.623699 0.308192
v 0.166408 0.612287 0.307403
v 0.194972 0.621983 0.282578
v 0.220241 0.633687 0.256866
v 0.207675 0.642392 0.259721
v 0.240474 0.647111 0.231544
v 0.226989 0.654393 0.235434
v 0.197688 0.650203 0.260918
v 0.174869 0.641117 0.284688
v 0.189342 0.656321 0.260485
v 0.167831 0.648139 0.283473
v 0.215892 0.661056 0.237582
v 0.206439 0.666294 0.237993
v 0.149074 0.633835 0.307594
v 0.143428 0.641695 0.305651
v -0.902114 0.632104 0.284404
v -0.893445 0.641117 0.284688
v -0.916264 0.650203 0.260918
v -0.926251 0.642392 0.259721
v -0.934468 0.661056 0.237582
v -0.945565 0.654393 0.235434
v -0.886407 0.648139 0.283473
v -0.907918 0.656321 0.260485
v -0.925015 0.666294 0.237993
v -0.938817 0.633687 0.256866
v -0.913548 0.621983 0.282578
v -0.95905 0.647111 0.231544
v -0.884984 0.612287 0.307403
v -0.874882 0.623699 0.308192
v -0.86765 0.633835 0.307594
v -0.862004 0.641695 0.305651
v 0.246919 0.682429 0.191989
v 0.239749 0.667932 0.212835
v 0.253932 0.661968 0.207891
v 0.261554 0.677692 0.186064
v 0.264278 0.693719 0.16622
v 0.249461 0.697304 0.172959
v 0.263042 0.709484 0.148519
v 0.24834 0.711973 0.155808
v 0.236812 0.701412 0.177949
v 0.234493 0.687299 0.196097
v 0.225871 0.704583 0.181093
v 0.223766 0.691103 0.198347
v 0.235759 0.715332 0.161535
v 0.224857 0.717875 0.165486
v 0.22784 0.673634 0.215974
v 0.217601 0.678114 0.217296
v -0.965495 0.682429 0.191989
v -0.953069 0.687299 0.196097
v -0.955388 0.701412 0.177949
v -0.968037 0.697304 0.172959
v -0.954335 0.715332 0.161535
v -0.966916 0.711973 0.155808
v -0.942342 0.691103 0.198347
v -0.944447 0.704583 0.181093
v -0.943433 0.717875 0.165486
v -0.982854 0.693719 0.16622
v -0.98013 0.677692 0.186064
v -0.981618 0.709484 0.148519
v -0.972508 0.661968 0.207891
v -0.958325 0.667932 0.212835
v -0.946416 0.673634 0.215974
v -0.936177 0.678114 0.217296
v 0.236707 0.73971 0.127518
v 0.244518 0.725856 0.140602
v 0.258785 0.724424 0.133118
v 0.250201 0.739251 0.119976
v 0.235988 0.754683 0.109053
v 0.223621 0.75429 0.116738
v 0.214839 0.771433 0.100309
v 0.203971 0.770353 0.108439
v 0.213008 0.755449 0.123884
v 0.225139 0.741515 0.134201
v 0.203655 0.756207 0.129653
v 0.215015 0.742777 0.139412
v 0.194621 0.771061 0.116201
v 0.186313 0.771505 0.122552
v 0.232295 0.728421 0.146852
v 0.22166 0.730303 0.151474
v -0.955283 0.73971 0.127518
v -0.943715 0.741515 0.134201
v -0.931584 0.755449 0.123884
v -0.942197 0.75429 0.116738
v -0.913197 0.771061 0.116201
v -0.922547 0.770353 0.108439
v -0.933591 0.742777 0.139412
v -0.922231 0.756207 0.129653
v -0.904889 0.771505 0.122552
v -0.954564 0.754683 0.109053
v -0.968777 0.739251 0.119976
v -0.933415 0.771433 0.100309
v -0.977361 0.724424 0.133118
v -0.963094 0.725856 0.140602
v -0.950871 0.728421 0.146852
v -0.940236 0.730303 0.151474
v 0.144069 0.807668 0.0988517
v 0.176471 0.788657 0.102803
v 0.185451 0.790218 0.0937025
v 0.150958 0.809682 0.0885157
v 0.114497 0.828475 0.0840286
v 0.109714 0.825855 0.0956093
v 0.0792038 0.845241 0.0795235
v 0.0763538 0.841686 0.0920993
v 0.105434 0.826062 0.106159
v 0.138034 0.808097 0.108487
v 0.101466 0.826462 0.114414
v 0.132552 0.808533 0.116157
v 0.0736948 0.841351 0.103317
v 0.0711318 0.841467 0.112006
v 0.168697 0.789187 0.111452
v 0.161723 0.78958 0.118462
v -0.862645 0.807668 0.0988517
v -0.85661 0.808097 0.108487
v -0.82401 0.826062 0.106159
v -0.82829 0.825855 0.0956093
v -0.792271 0.841351 0.103317
v -0.79493 0.841686 0.0920993
v -0.851128 0.808533 0.116157
v -0.820042 0.826462 0.114414
v -0.789708 0.841467 0.112006
v -0.833073 0.828475 0.0840286
v -0.869534 0.809682 0.0885157
v -0.79778 0.845241 0.0795235
v -0.904027 0.790218 0.0937025
v -0.895047 0.788657 0.102803
v -0.887273 0.789187 0.111452
v -0.880299 0.78958 0.118462
v 0.0208468 0.862397 0.0823176
v 0.0469388 0.853628 0.0873464
v 0.0482128 0.858629 0.0742825
v 0.0208078 0.869081 0.069138
v -0.00372821 0.87704 0.0649275
v -0.00254521 0.868709 0.0779834
v -0.0261122 0.882949 0.0624835
v -0.0238582 0.873277 0.0753147
v -0.00174421 0.864635 0.0891961
v 0.0206558 0.859677 0.0937413
v -0.0013172 0.862132 0.0980893
v 0.0202288 0.858153 0.102685
v -0.0221302 0.86807 0.0862713
v -0.0209092 0.864735 0.095083
v 0.0456188 0.852236 0.0988129
v 0.0442148 0.851648 0.10771
v -0.739423 0.862397 0.0823176
v -0.739232 0.859677 0.0937413
v -0.716832 0.864635 0.0891961
v -0.716031 0.868709 0.0779834
v -0.696446 0.86807 0.0862713
v -0.694718 0.873277 0.0753147
v -0.738805 0.858153 0.102685
v -0.717259 0.862132 0.0980893
v -0.697667 0.864735 0.095083
v -0.714848 0.87704 0.0649275
v -0.739384 0.869081 0.069138
v -0.692464 0.882949 0.0624835
v -0.766789 0.858629 0.0742825
v -0.765515 0.853628 0.0873464
v -0.764195 0.852236 0.0988129
v -0.762791 0.851648 0.10771
v -0.0625312 0.879119 0.0777446
v -0.0437132 0.876816 0.0752792
v -0.0470632 0.88725 0.0626436
v -0.0670062 0.889824 0.0653763
v -0.0863692 0.89055 0.0706528
v -0.0807312 0.879978 0.0825787
v -0.10558 0.889311 0.0784428
v -0.0987332 0.879187 0.0896477
v -0.0760852 0.873751 0.0929292
v -0.0589032 0.872943 0.0883548
v -0.0723622 0.869518 0.101462
v -0.0560652 0.868842 0.0970432
v -0.0929922 0.873057 0.0995703
v -0.0882922 0.868726 0.107806
v -0.0410512 0.870944 0.0860638
v -0.0390372 0.867109 0.0948263
v -0.656045 0.879119 0.0777446
v -0.659673 0.872943 0.0883548
v -0.642491 0.873751 0.0929292
v -0.637845 0.879978 0.0825787
v -0.625584 0.873057 0.0995703
v -0.619843 0.879187 0.0896477
v -0.662511 0.868842 0.0970432
v -0.646214 0.869518 0.101462
v -0.630284 0.868726 0.107806
v -0.632207 0.89055 0.0706528
v -0.65157 0.889824 0.0653763
v -0.612996 0.889311 0.0784428
v -0.671513 0.88725 0.0626436
v -0.674863 0.876816 0.0752792
v -0.677525 0.870944 0.0860638
v -0.679539 0.867109 0.0948263
v -0.134751 0.871931 0.109941
v -0.116956 0.876537 0.0988201
v -0.125066 0.885985 0.0887183
v -0.144147 0.880528 0.101163
v -0.162144 0.872892 0.115462
v -0.151471 0.865274 0.122858
v -0.142155 0.859897 0.130249
v -0.126599 0.866171 0.118316
v -0.134206 0.855306 0.136533
v -0.119683 0.861555 0.125399
v -0.11002 0.870544 0.108061
v -0.104222 0.86605 0.115805
v -0.583825 0.871931 0.109941
v -0.591977 0.866171 0.118316
v -0.576421 0.859897 0.130249
v -0.567105 0.865274 0.122858
v -0.598893 0.861555 0.125399
v -0.58437 0.855306 0.136533
v -0.556432 0.872892 0.115462
v -0.574429 0.880528 0.101163
v -0.59351 0.885985 0.0887183
v -0.60162 0.876537 0.0988201
v -0.608556 0.870544 0.108061
v -0.614354 0.86605 0.115805
v -0.109229 0.850816 0.133574
v -0.0956472 0.8558 0.125426
v -0.0995222 0.861097 0.121415
v -0.113995 0.856391 0.130304
v -0.0815782 0.858972 0.118536
v -0.0845692 0.863997 0.113954
v -0.127629 0.850047 0.140608
v -0.122082 0.844288 0.143026
v -0.140065 0.842233 0.152318
v -0.133965 0.836485 0.153833
v -0.117223 0.838195 0.144342
v -0.105077 0.844967 0.135754
v -0.112706 0.831935 0.145104
v -0.101231 0.838981 0.13739
v -0.128636 0.830326 0.154245
v -0.123692 0.823962 0.154106
v -0.0923202 0.850274 0.128369
v -0.0790762 0.853748 0.122072
v -0.0892682 0.844634 0.130779
v -0.0768172 0.848425 0.125086
v -0.609347 0.850816 0.133574
v -0.613499 0.844967 0.135754
v -0.601353 0.838195 0.144342
v -0.596494 0.844288 0.143026
v -0.58994 0.830326 0.154245
v -0.584611 0.836485 0.153833
v -0.617345 0.838981 0.13739
v -0.60587 0.831935 0.145104
v -0.594884 0.823962 0.154106
v -0.590947 0.850047 0.140608
v -0.604581 0.856391 0.130304
v -0.578511 0.842233 0.152318
v -0.619054 0.861097 0.121415
v -0.622929 0.8558 0.125426
v -0.634007 0.863997 0.113954
v -0.636998 0.858972 0.118536
v -0.626256 0.850274 0.128369
v -0.629308 0.844634 0.130779
v -0.6395 0.853748 0.122072
v -0.641759 0.848425 0.125086
v -0.0524032 0.859593 0.108682
v -0.0366872 0.85809 0.106317
v -0.0376332 0.862783 0.101394
v -0.0539602 0.864359 0.103645
v -0.0198102 0.856074 0.106057
v -0.0201772 0.860676 0.101477
v -0.0694932 0.864924 0.107931
v -0.0672652 0.860062 0.112855
v -0.0654652 0.855019 0.116747
v -0.0512132 0.854637 0.112677
v -0.0638782 0.849886 0.120124
v -0.0502062 0.849585 0.116149
v -0.0360462 0.853151 0.110143
v -0.0196882 0.85111 0.109428
v -0.0355582 0.84809 0.113421
v -0.0196882 0.845964 0.112194
v -0.666173 0.859593 0.108682
v -0.667363 0.854637 0.112677
v -0.653111 0.855019 0.116747
v -0.651311 0.860062 0.112855
v -0.66837 0.849585 0.116149
v -0.654698 0.849886 0.120124
v -0.649083 0.864924 0.107931
v -0.664616 0.864359 0.103645
v -0.680943 0.862783 0.101394
v -0.681889 0.85809 0.106317
v -0.698399 0.860676 0.101477
v -0.698766 0.856074 0.106057
v -0.68253 0.853151 0.110143
v -0.683018 0.84809 0.113421
v -0.698888 0.85111 0.109428
v -0.698888 0.845964 0.112194
v 0.0187028 0.850793 0.111763
v 0.0410718 0.844969 0.115763
v 0.0426898 0.849059 0.113066
v 0.0195568 0.855061 0.108425
v 0.0660048 0.835314 0.119215
v 0.0685678 0.839262 0.116998
v -0.00125623 0.858518 0.104192
v -0.00146922 0.854068 0.108199
v -0.00186622 0.849062 0.110812
v 0.0177258 0.845741 0.113499
v -0.0023542 0.843778 0.112727
v 0.0166888 0.840296 0.114434
v 0.0393938 0.839878 0.116689
v 0.0634408 0.830206 0.119585
v 0.0376848 0.834287 0.116729
v 0.0608778 0.824517 0.119029
v -0.737279 0.850793 0.111763
v -0.736302 0.845741 0.113499
v -0.71671 0.849062 0.110812
v -0.717107 0.854068 0.108199
v -0.735265 0.840296 0.114434
v -0.716222 0.843778 0.112727
v -0.71732 0.858518 0.104192
v -0.738133 0.855061 0.108425
v -0.761266 0.849059 0.113066
v -0.759648 0.844969 0.115763
v -0.787144 0.839262 0.116998
v -0.784581 0.835314 0.119215
v -0.75797 0.839878 0.116689
v -0.756261 0.834287 0.116729
v -0.782017 0.830206 0.119585
v -0.779454 0.824517 0.119029
v 0.122281 0.802718 0.122608
v 0.148868 0.783862 0.124705
v 0.155147 0.787608 0.122644
v 0.127322 0.806537 0.120595
v 0.171249 0.766026 0.128508
v 0.178569 0.769634 0.126449
v 0.0976208 0.824421 0.11911
v 0.0938678 0.820549 0.121138
v 0.0901748 0.815457 0.121387
v 0.117366 0.797682 0.123006
v 0.0865128 0.809754 0.120745
v 0.112514 0.79204 0.122596
v 0.142787 0.778933 0.125353
v 0.164211 0.761262 0.12934
v 0.136806 0.773413 0.125295
v 0.157314 0.755918 0.129559
v -0.840857 0.802718 0.122608
v -0.835942 0.797682 0.123006
v -0.808751 0.815457 0.121387
v -0.812444 0.820549 0.121138
v -0.83109 0.79204 0.122596
v -0.805089 0.809754 0.120745
v -0.816197 0.824421 0.11911
v -0.845898 0.806537 0.120595
v -0.873723 0.787608 0.122644
v -0.867444 0.783862 0.124705
v -0.897145 0.769634 0.126449
v -0.889825 0.766026 0.128508
v -0.861363 0.778933 0.125353
v -0.855382 0.773413 0.125295
v -0.882787 0.761262 0.12934
v -0.87589 0.755918 0.129559
v 0.19741 0.738622 0.144102
v 0.203494 0.727208 0.155168
v 0.212154 0.729691 0.154078
v 0.205852 0.741611 0.142539
v 0.206451 0.716087 0.16793
v 0.21519 0.717919 0.167453
v 0.195064 0.754613 0.133205
v 0.187045 0.751254 0.135094
v 0.179408 0.746719 0.135875
v 0.189449 0.734419 0.144623
v 0.171962 0.741596 0.136101
v 0.181728 0.729609 0.144623
v 0.1954 0.723477 0.155248
v 0.198329 0.713004 0.167415
v 0.187587 0.71912 0.154824
v 0.190517 0.709296 0.166404
v -0.915986 0.738622 0.144102
v -0.908025 0.734419 0.144623
v -0.897984 0.746719 0.135875
v -0.905621 0.751254 0.135094
v -0.900304 0.729609 0.144623
v -0.890538 0.741596 0.136101
v -0.91364 0.754613 0.133205
v -0.924428 0.741611 0.142539
v -0.93073 0.729691 0.154078
v -0.92207 0.727208 0.155168
v -0.933766 0.717919 0.167453
v -0.925027 0.716087 0.16793
v -0.913976 0.723477 0.155248
v -0.906163 0.71912 0.154824
v -0.916905 0.713004 0.167415
v -0.909093 0.709296 0.166404
v 0.205585 0.692491 0.197626
v 0.200061 0.68108 0.214908
v 0.208431 0.680415 0.216789
v 0.214229 0.692645 0.198699
v 0.190009 0.670639 0.234045
v 0.197887 0.669303 0.236669
v 0.216182 0.705359 0.182289
v 0.207431 0.704337 0.182025
v 0.199306 0.702116 0.180787
v 0.197536 0.691204 0.195606
v 0.191493 0.699297 0.179061
v 0.189784 0.689352 0.193109
v 0.192226 0.680656 0.212113
v 0.182582 0.67086 0.230554
v 0.184657 0.679685 0.208861
v 0.17538 0.670524 0.22663
v -0.924161 0.692491 0.197626
v -0.916112 0.691204 0.195606
v -0.917882 0.702116 0.180787
v -0.926007 0.704337 0.182025
v -0.90836 0.689352 0.193109
v -0.910069 0.699297 0.179061
v -0.934758 0.705359 0.182289
v -0.932805 0.692645 0.198699
v -0.927007 0.680415 0.216789
v -0.918637 0.68108 0.214908
v -0.916463 0.669303 0.236669
v -0.908585 0.670639 0.234045
v -0.910802 0.680656 0.212113
v -0.903233 0.679685 0.208861
v -0.901158 0.67086 0.230554
v -0.893956 0.670524 0.22663
v 0.155118 0.654283 0.277044
v 0.132976 0.648411 0.298188
v 0.138087 0.646281 0.302407
v 0.161288 0.652288 0.280804
v 0.1095 0.644101 0.317283
v 0.113521 0.641867 0.321935
v 0.181697 0.659945 0.25845
v 0.174579 0.6617 0.25521
v 0.167812 0.662208 0.251169
v 0.149196 0.654842 0.272557
v 0.16122 0.662094 0.246727
v 0.143398 0.654682 0.267707
v 0.128017 0.648903 0.293319
v 0.105556 0.644535 0.312051
v 0.123134 0.648578 0.288124
v 0.10165 0.644069 0.30653
v -0.873694 0.654283 0.277044
v -0.867772 0.654842 0.272557
v -0.886388 0.662208 0.251169
v -0.893155 0.6617 0.25521
v -0.861974 0.654682 0.267707
v -0.879796 0.662094 0.246727
v -0.900273 0.659945 0.25845
v -0.879864 0.652288 0.280804
v -0.856663 0.646281 0.302407
v -0.851552 0.648411 0.298188
v -0.832097 0.641867 0.321935
v -0.828076 0.644101 0.317283
v -0.846593 0.648903 0.293319
v -0.84171 0.648578 0.288124
v -0.824132 0.644535 0.312051
v -0.820226 0.644069 0.30653
v 0.0618558 0.640704 0.34521
v 0.0362118 0.642546 0.353962
v 0.0371658 0.64003 0.359736
v 0.0638148 0.638206 0.350693
v 0.00836879 0.647367 0.359188
v 0.00831079 0.645008 0.365098
v 0.0890148 0.638998 0.338061
v 0.0860398 0.641378 0.33297
v 0.0830948 0.64188 0.327355
v 0.0599008 0.64131 0.339235
v 0.0801648 0.641443 0.321479
v 0.0579478 0.64097 0.333015
v 0.0352428 0.643198 0.347694
v 0.00838777 0.647916 0.352738
v 0.0342668 0.642919 0.341179
v 0.00838777 0.647559 0.346018
v -0.780432 0.640704 0.34521
v -0.778477 0.64131 0.339235
v -0.801671 0.64188 0.327355
v -0.804616 0.641378 0.33297
v -0.776524 0.64097 0.333015
v -0.798741 0.641443 0.321479
v -0.807591 0.638998 0.338061
v -0.782391 0.638206 0.350693
v -0.755742 0.64003 0.359736
v -0.754788 0.642546 0.353962
v -0.726887 0.645008 0.365098
v -0.726945 0.647367 0.359188
v -0.753819 0.643198 0.347694
v -0.752843 0.642919 0.341179
v -0.726964 0.647916 0.352738
v -0.726964 0.647559 0.346018
v -0.0538072 0.665977 0.359404
v -0.0834932 0.677025 0.355309
v -0.0864302 0.676203 0.360703
v -0.0558822 0.664564 0.365041
v -0.109147 0.687411 0.349022
v -0.112752 0.687123 0.354213
v -0.0235032 0.653676 0.366686
v -0.0224122 0.655634 0.36085
v -0.0213972 0.655837 0.354372
v -0.0518542 0.665692 0.352999
v -0.0204212 0.655161 0.347572
v -0.0499622 0.664558 0.346209
v -0.0807242 0.676215 0.349024
v -0.105748 0.686138 0.342852
v -0.0780382 0.674589 0.342293
v -0.102452 0.684086 0.33619
v -0.664769 0.665977 0.359404
v -0.666722 0.665692 0.352999
v -0.697179 0.655837 0.354372
v -0.696164 0.655634 0.36085
v -0.668614 0.664558 0.346209
v -0.698155 0.655161 0.347572
v -0.695073 0.653676 0.366686
v -0.662694 0.664564 0.365041
v -0.632146 0.676203 0.360703
v -0.635083 0.677025 0.355309
v -0.605824 0.687123 0.354213
v -0.609429 0.687411 0.349022
v -0.637852 0.676215 0.349024
v -0.640538 0.674589 0.342293
v -0.612828 0.686138 0.342852
v -0.616124 0.684086 0.33619
v -0.142552 0.70284 0.331638
v -0.152631 0.709404 0.321315
v -0.157048 0.710064 0.326449
v -0.146794 0.703227 0.336747
v -0.159844 0.716212 0.310423
v -0.164479 0.717193 0.315563
v -0.132451 0.695855 0.346115
v -0.128445 0.695762 0.341003
v -0.124669 0.694193 0.334885
v -0.138554 0.701059 0.32554
v -0.121007 0.691885 0.328266
v -0.134679 0.698581 0.318948
v -0.148473 0.707418 0.315228
v -0.155492 0.713949 0.304362
v -0.144444 0.704769 0.308663
v -0.15128 0.711045 0.297841
v -0.576024 0.70284 0.331638
v -0.580022 0.701059 0.32554
v -0.593907 0.694193 0.334885
v -0.590131 0.695762 0.341003
v -0.583897 0.698581 0.318948
v -0.597569 0.691885 0.328266
v -0.586125 0.695855 0.346115
v -0.571782 0.703227 0.336747
v -0.561528 0.710064 0.326449
v -0.565945 0.709404 0.321315
v -0.554097 0.717193 0.315563
v -0.558732 0.716212 0.310423
v -0.570103 0.707418 0.315228
v -0.574132 0.704769 0.308663
v -0.563084 0.713949 0.304362
v -0.567296 0.711045 0.297841
v -0.153897 0.818025 0.179306
v -0.144635 0.827675 0.166038
v -0.150944 0.833117 0.16542
v -0.160191 0.82298 0.179566
v -0.167729 0.812103 0.1944
v -0.161557 0.807702 0.193295
v -0.173482 0.800767 0.209573
v -0.16742 0.796869 0.207669
v -0.156407 0.802569 0.191195
v -0.148564 0.812459 0.178008
v -0.151768 0.79707 0.188596
v -0.143712 0.806585 0.176192
v -0.162389 0.792113 0.204801
v -0.157872 0.78693 0.201452
v -0.139195 0.821729 0.165579
v -0.13419 0.815531 0.164583
v -0.564679 0.818025 0.179306
v -0.570012 0.812459 0.178008
v -0.562169 0.802569 0.191195
v -0.557019 0.807702 0.193295
v -0.556187 0.792113 0.204801
v -0.551156 0.796869 0.207669
v -0.574864 0.806585 0.176192
v -0.566808 0.79707 0.188596
v -0.560704 0.78693 0.201452
v -0.550847 0.812103 0.1944
v -0.558385 0.82298 0.179566
v -0.545094 0.800767 0.209573
v -0.567632 0.833117 0.16542
v -0.573941 0.827675 0.166038
v -0.579381 0.821729 0.165579
v -0.584386 0.815531 0.164583
v -0.17343 0.77441 0.236344
v -0.171292 0.785694 0.222088
v -0.177373 0.789254 0.22473
v -0.179578 0.777723 0.23965
v -0.180272 0.766336 0.254109
v -0.174092 0.763252 0.25023
v -0.179631 0.755253 0.267884
v -0.173535 0.752453 0.263538
v -0.168614 0.758961 0.245389
v -0.168126 0.769991 0.232082
v -0.163487 0.754066 0.240068
v -0.163243 0.765016 0.227342
v -0.168004 0.748381 0.258229
v -0.162755 0.743672 0.252441
v -0.166173 0.781147 0.218492
v -0.161534 0.776108 0.214418
v -0.545146 0.77441 0.236344
v -0.55045 0.769991 0.232082
v -0.549962 0.758961 0.245389
v -0.544484 0.763252 0.25023
v -0.550572 0.748381 0.258229
v -0.545041 0.752453 0.263538
v -0.555333 0.765016 0.227342
v -0.555089 0.754066 0.240068
v -0.555821 0.743672 0.252441
v -0.538304 0.766336 0.254109
v -0.538998 0.777723 0.23965
v -0.538945 0.755253 0.267884
v -0.541203 0.789254 0.22473
v -0.547284 0.785694 0.222088
v -0.552403 0.781147 0.218492
v -0.557042 0.776108 0.214418
v -0.169352 0.732736 0.287948
v -0.172017 0.742246 0.27606
v -0.17783 0.744633 0.280753
v -0.174771 0.734641 0.292879
v -0.170354 0.725439 0.304428
v -0.165356 0.724023 0.299352
v -0.16068 0.721331 0.293358
v -0.164311 0.729545 0.282086
v -0.156163 0.718001 0.286906
v -0.159459 0.72571 0.27576
v -0.166661 0.738568 0.270419
v -0.161534 0.734243 0.264305
v -0.549224 0.732736 0.287948
v -0.554265 0.729545 0.282086
v -0.557896 0.721331 0.293358
v -0.55322 0.724023 0.299352
v -0.559117 0.72571 0.27576
v -0.562413 0.718001 0.286906
v -0.548222 0.725439 0.304428
v -0.543805 0.734641 0.292879
v -0.540746 0.744633 0.280753
v -0.546559 0.742246 0.27606
v -0.551915 0.738568 0.270419
v -0.557042 0.734243 0.264305
v -0.316012 0.813302 0.0280704
v -0.337936 0.8058 0.0366169
v -0.339391 0.830642 0.054657
v -0.319302 0.838731 0.0457293
v -0.359288 0.803316 0.0391846
v -0.359288 0.82797 0.0574346
v -0.298833 0.852308 0.0300535
v -0.292943 0.825868 0.012704
v -0.277791 0.871443 0.00703334
v -0.269516 0.844121 -0.00993092
v -0.283759 0.799925 -0.00421733
v -0.312228 0.789521 0.0108568
v -0.277753 0.779436 -0.0215469
v -0.310574 0.771782 -0.00706075
v -0.254794 0.816435 -0.0264364
v -0.228155 0.789271 -0.0461356
v -0.336746 0.783123 0.0187039
v -0.359288 0.780925 0.0208191
v -0.336624 0.766927 -0.000489331
v -0.359288 0.765198 0.000817536
v -0.402564 0.813302 0.0280704
v -0.406348 0.789521 0.0108568
v -0.434817 0.799925 -0.00421733
v -0.425633 0.825868 0.012704
v -0.463782 0.816435 -0.0264364
v -0.44906 0.844121 -0.00993092
v -0.408002 0.771782 -0.00706075
v -0.440823 0.779436 -0.0215469
v -0.490421 0.789271 -0.0461356
v -0.419743 0.852308 0.0300535
v -0.399274 0.838731 0.0457293
v -0.440785 0.871443 0.00703334
v -0.379185 0.830642 0.054657
v -0.38064 0.8058 0.0366169
v -0.38183 0.783123 0.0187039
v -0.381952 0.766927 -0.000489331
v -0.223217 0.895639 -0.0741286
v -0.246516 0.868682 -0.040282
v -0.255986 0.896212 -0.023928
v -0.232648 0.92314 -0.0587958
v -0.207005 0.948755 -0.0935363
v -0.198893 0.921077 -0.107252
v -0.178288 0.969585 -0.124115
v -0.171826 0.941342 -0.136265
v -0.184443 0.894423 -0.116297
v -0.205437 0.868872 -0.0872694
v -0.161076 0.873642 -0.125344
v -0.175973 0.847411 -0.100741
v -0.161534 0.913638 -0.14136
v -0.150304 0.893056 -0.141215
v -0.228787 0.841147 -0.0557188
v -0.196068 0.819145 -0.0726175
v -0.495359 0.895639 -0.0741286
v -0.513139 0.868872 -0.0872694
v -0.534133 0.894423 -0.116297
v -0.519683 0.921077 -0.107252
v -0.557042 0.913638 -0.14136
v -0.54675 0.941342 -0.136265
v -0.542603 0.847411 -0.100741
v -0.5575 0.873642 -0.125344
v -0.568272 0.893056 -0.141215
v -0.511571 0.948755 -0.0935363
v -0.485928 0.92314 -0.0587958
v -0.540288 0.969585 -0.124115
v -0.46259 0.896212 -0.023928
v -0.47206 0.868682 -0.040282
v -0.489789 0.841147 -0.0557188
v -0.522508 0.819145 -0.0726175
v -0.105563 0.956443 -0.171498
v -0.140299 0.952776 -0.15779
v -0.145726 0.982157 -0.146498
v -0.11015 0.986643 -0.160664
v -0.0723922 0.983218 -0.166592
v -0.0688722 0.953404 -0.177061
v -0.0332842 0.972054 -0.164261
v -0.0311692 0.94297 -0.174608
v -0.0655732 0.922837 -0.179006
v -0.0996312 0.924205 -0.17399
v -0.0591272 0.892775 -0.17334
v -0.0928952 0.89189 -0.167794
v -0.0315092 0.914869 -0.176628
v -0.0344912 0.894208 -0.172722
v -0.132441 0.922351 -0.161016
v -0.126347 0.892186 -0.155123
v -0.613013 0.956443 -0.171498
v -0.618945 0.924205 -0.17399
v -0.653003 0.922837 -0.179006
v -0.649704 0.953404 -0.177061
v -0.687067 0.914869 -0.176628
v -0.687407 0.94297 -0.174608
v -0.625681 0.89189 -0.167794
v -0.659449 0.892775 -0.17334
v -0.684085 0.894208 -0.172722
v -0.646184 0.983218 -0.166592
v -0.608426 0.986643 -0.160664
v -0.685292 0.972054 -0.164261
v -0.57285 0.982157 -0.146498
v -0.578277 0.952776 -0.15779
v -0.586135 0.922351 -0.161016
v -0.592229 0.892186 -0.155123
v 0.0456508 0.899935 -0.148549
v 0.00659779 0.924447 -0.164273
v 0.0063428 0.953325 -0.153651
v 0.0471678 0.928967 -0.137408
v 0.0898698 0.900923 -0.118178
v 0.0872068 0.871532 -0.129931
v 0.135127 0.871131 -0.0986061
v 0.13198 0.841491 -0.111199
v 0.0751898 0.841512 -0.136399
v 0.0358948 0.871599 -0.153349
v 0.0458158 0.817719 -0.136244
v 0.0127978 0.848806 -0.152049
v 0.120157 0.809888 -0.1197
v 0.0903678 0.776702 -0.123789
v 0.00132078 0.89692 -0.167417
v -0.0145722 0.875384 -0.165507
v -0.764227 0.899935 -0.148549
v -0.754471 0.871599 -0.153349
v -0.793766 0.841512 -0.136399
v -0.805783 0.871532 -0.129931
v -0.838733 0.809888 -0.1197
v -0.850556 0.841491 -0.111199
v -0.731374 0.848806 -0.152049
v -0.764392 0.817719 -0.136244
v -0.808944 0.776702 -0.123789
v -0.808446 0.900923 -0.118178
v -0.765744 0.928967 -0.137408
v -0.853703 0.871131 -0.0986061
v -0.724919 0.953325 -0.153651
v -0.725174 0.924447 -0.164273
v -0.719897 0.89692 -0.167417
v -0.704004 0.875384 -0.165507
v 0.230439 0.78396 -0.0813249
v 0.180682 0.812066 -0.0951374
v 0.18362 0.841529 -0.0813403
v 0.233279 0.813008 -0.0663235
v 0.282039 0.786457 -0.0534987
v 0.278377 0.757875 -0.0693416
v 0.327831 0.762765 -0.0428091
v 0.323024 0.73472 -0.0591499
v 0.272212 0.725982 -0.0847079
v 0.224315 0.751915 -0.0951466
v 0.264323 0.691741 -0.10133
v 0.216456 0.717851 -0.109587
v 0.31541 0.703174 -0.0753002
v 0.305942 0.66908 -0.09299
v 0.171747 0.779953 -0.106381
v 0.160898 0.746052 -0.11721
v -0.949015 0.78396 -0.0813249
v -0.942891 0.751915 -0.0951466
v -0.990788 0.725982 -0.0847079
v -0.996953 0.757875 -0.0693416
v -1.03399 0.703174 -0.0753002
v -1.0416 0.73472 -0.0591499
v -0.935032 0.717851 -0.109587
v -0.982899 0.691741 -0.10133
v -1.02452 0.66908 -0.09299
v -1.00062 0.786457 -0.0534987
v -0.951855 0.813008 -0.0663235
v -1.04641 0.762765 -0.0428091
v -0.902196 0.841529 -0.0813403
v -0.899258 0.812066 -0.0951374
v -0.890323 0.779953 -0.106381
v -0.879474 0.746052 -0.11721
v 0.396793 0.695935 -0.0417492
v 0.36291 0.715399 -0.0507114
v 0.368587 0.742822 -0.0341979
v 0.403056 0.722634 -0.0252842
v 0.429988 0.698205 -0.0136873
v 0.423427 0.672348 -0.0299864
v 0.448131 0.665542 0.00297618
v 0.44157 0.64066 -0.013145
v 0.412471 0.64349 -0.0465831
v 0.386577 0.665958 -0.058264
v 0.399272 0.612747 -0.0646733
v 0.374088 0.633887 -0.0761919
v 0.430522 0.613073 -0.0300902
v 0.417636 0.583508 -0.049036
v 0.353877 0.68451 -0.0671605
v 0.342754 0.651231 -0.0851206
v -1.11537 0.695935 -0.0417492
v -1.10515 0.665958 -0.058264
v -1.13105 0.64349 -0.0465831
v -1.142 0.672348 -0.0299864
v -1.1491 0.613073 -0.0300902
v -1.16015 0.64066 -0.013145
v -1.09266 0.633887 -0.0761919
v -1.11785 0.612747 -0.0646733
v -1.13621 0.583508 -0.049036
v -1.14856 0.698205 -0.0136873
v -1.12163 0.722634 -0.0252842
v -1.16671 0.665542 0.00297618
v -1.08716 0.742822 -0.0341979
v -1.08149 0.715399 -0.0507114
v -1.07245 0.68451 -0.0671605
v -1.06133 0.651231 -0.0851206
v 0.448636 0.547143 0.0414057
v 0.449977 0.596892 0.0110541
v 0.456233 0.62065 0.027085
v 0.454387 0.569835 0.0574878
v 0.442683 0.519402 0.0930327
v 0.437534 0.49751 0.0767081
v 0.421214 0.475658 0.132567
v 0.416656 0.454089 0.115757
v 0.430324 0.473277 0.0562388
v 0.439716 0.522134 0.0223625
v 0.424922 0.444282 0.0297271
v 0.431174 0.493548 -0.00132417
v 0.41125 0.429935 0.0938266
v 0.409038 0.399795 0.0648949
v 0.439693 0.570677 -0.00676119
v 0.428508 0.541865 -0.0277491
v -1.16721 0.547143 0.0414057
v -1.15829 0.522134 0.0223625
v -1.1489 0.473277 0.0562388
v -1.15611 0.49751 0.0767081
v -1.12983 0.429935 0.0938266
v -1.13523 0.454089 0.115757
v -1.14975 0.493548 -0.00132417
v -1.1435 0.444282 0.0297271
v -1.12761 0.399795 0.0648949
v -1.16126 0.519402 0.0930327
v -1.17296 0.569835 0.0574878
v -1.13979 0.475658 0.132567
v -1.17481 0.62065 0.027085
v -1.16855 0.596892 0.0110541
v -1.15827 0.570677 -0.00676119
v -1.14708 0.541865 -0.0277491
v 0.347963 0.401317 0.199482
v 0.385989 0.422982 0.157349
v 0.390071 0.444907 0.174938
v 0.351604 0.423893 0.217918
v 0.308162 0.409361 0.259279
v 0.305003 0.386222 0.240151
v 0.262096 0.398053 0.296794
v 0.25954 0.37483 0.277351
v 0.303767 0.358673 0.215185
v 0.345615 0.374964 0.175154
v 0.307933 0.322246 0.184215
v 0.348388 0.340559 0.14409
v 0.259044 0.346734 0.252322
v 0.263599 0.309095 0.222087
v 0.382228 0.397942 0.134083
v 0.382808 0.365815 0.103666
v -1.06654 0.401317 0.199482
v -1.06419 0.374964 0.175154
v -1.02234 0.358673 0.215185
v -1.02358 0.386222 0.240151
v -0.97762 0.346734 0.252322
v -0.978116 0.37483 0.277351
v -1.06696 0.340559 0.14409
v -1.02651 0.322246 0.184215
v -0.982175 0.309095 0.222087
v -1.02674 0.409361 0.259279
v -1.07018 0.423893 0.217918
v -0.980672 0.398053 0.296794
v -1.10865 0.444907 0.174938
v -1.10457 0.422982 0.157349
v -1.1008 0.397942 0.134083
v -1.10138 0.365815 0.103666
v 0.16741 0.354912 0.336526
v 0.214 0.364269 0.309081
v 0.215755 0.386713 0.328236
v 0.16843 0.376022 0.354798
v 0.119411 0.366664 0.377677
v 0.118795 0.347129 0.360872
v 0.0679888 0.35932 0.398068
v 0.0677998 0.341201 0.382859
v 0.116339 0.324243 0.341386
v 0.166685 0.329221 0.313887
v 0.115504 0.290725 0.318115
v 0.168571 0.29313 0.287126
v 0.0638788 0.321818 0.366956
v 0.0520398 0.292646 0.352911
v 0.213802 0.336817 0.284711
v 0.21754 0.299321 0.255754
v -0.885986 0.354912 0.336526
v -0.885261 0.329221 0.313887
v -0.834915 0.324243 0.341386
v -0.837371 0.347129 0.360872
v -0.782455 0.321818 0.366956
v -0.786376 0.341201 0.382859
v -0.887147 0.29313 0.287126
v -0.83408 0.290725 0.318115
v -0.770616 0.292646 0.352911
v -0.837987 0.366664 0.377677
v -0.887006 0.376022 0.354798
v -0.786565 0.35932 0.398068
v -0.934331 0.386713 0.328236
v -0.932576 0.364269 0.309081
v -0.932378 0.336817 0.284711
v -0.936116 0.299321 0.255754
v -0.283744 -0.0461632 0.586888
v -0.288358 -0.0519009 0.620864
v -0.323521 -0.0589429 0.6244
v -0.321019 -0.0528459 0.591915
v -0.359288 -0.0615047 0.625979
v -0.359288 -0.055091 0.594228
v -0.291581 -0.0640172 0.658752
v -0.325291 -0.0713486 0.661221
v -0.359288 -0.0741635 0.66226
v -0.31815 -0.0524225 0.563244
v -0.278432 -0.0460587 0.556637
v -0.315282 -0.0570357 0.537868
v -0.273114 -0.0508407 0.529929
v -0.359288 -0.0543439 0.566336
v -0.359288 -0.0586833 0.541626
v -0.241551 -0.0346517 0.549183
v -0.248456 -0.0350962 0.58106
v -0.208928 -0.0175995 0.543549
v -0.216149 -0.019698 0.576347
v -0.234624 -0.0388486 0.521138
v -0.201649 -0.0198075 0.514828
v -0.254399 -0.0410257 0.61657
v -0.258443 -0.0532818 0.655507
v -0.222249 -0.0269625 0.612714
v -0.226163 -0.0402537 0.652139
v -0.434832 -0.0461632 0.586888
v -0.47012 -0.0350962 0.58106
v -0.477025 -0.0346517 0.549183
v -0.440144 -0.0460587 0.556637
v -0.483952 -0.0388486 0.521138
v -0.445462 -0.0508407 0.529929
v -0.502427 -0.019698 0.576347
v -0.509648 -0.0175995 0.543549
v -0.516927 -0.0198075 0.514828
v -0.400426 -0.0524225 0.563244
v -0.397557 -0.0528459 0.591915
v -0.403294 -0.0570357 0.537868
v -0.395055 -0.0589429 0.6244
v -0.430218 -0.0519009 0.620864
v -0.393285 -0.0713486 0.661221
v -0.426995 -0.0640172 0.658752
v -0.464177 -0.0410257 0.61657
v -0.496327 -0.0269625 0.612714
v -0.460133 -0.0532818 0.655507
v -0.492413 -0.0402537 0.652139
v -0.292243 -0.106447 0.745911
v -0.290608 -0.130403 0.793372
v -0.324986 -0.137282 0.796367
v -0.32578 -0.113758 0.748314
v -0.359288 -0.140066 0.797523
v -0.359288 -0.116696 0.749237
v -0.288281 -0.151949 0.842211
v -0.323827 -0.15803 0.845945
v -0.359288 -0.160502 0.8474
v -0.325963 -0.0907004 0.702895
v -0.292722 -0.0832588 0.700736
v -0.359288 -0.0936438 0.703748
v -0.259648 -0.0727061 0.697675
v -0.258649 -0.0962604 0.742399
v -0.226826 -0.0604319 0.694114
v -0.224969 -0.0847006 0.738145
v -0.256078 -0.120906 0.789007
v -0.252568 -0.143603 0.836827
v -0.221318 -0.110265 0.783745
v -0.216603 -0.13433 0.830423
v -0.426333 -0.106447 0.745911
v -0.459927 -0.0962604 0.742399
v -0.458928 -0.0727061 0.697675
v -0.425854 -0.0832588 0.700736
v -0.493607 -0.0847006 0.738145
v -0.49175 -0.0604319 0.694114
v -0.392613 -0.0907004 0.702895
v -0.392796 -0.113758 0.748314
v -0.39359 -0.137282 0.796367
v -0.427968 -0.130403 0.793372
v -0.394749 -0.15803 0.845945
v -0.430295 -0.151949 0.842211
v -0.462498 -0.120906 0.789007
v -0.497258 -0.110265 0.783745
v -0.466008 -0.143603 0.836827
v -0.501973 -0.13433 0.830423
v -0.283065 -0.17786 0.93934
v -0.280423 -0.181384 0.983684
v -0.319859 -0.183318 0.989068
v -0.321202 -0.181263 0.944321
v -0.359288 -0.184155 0.991173
v -0.359288 -0.182682 0.94627
v -0.277924 -0.178065 1.02258
v -0.318578 -0.178713 1.02815
v -0.359288 -0.179035 1.03033
v -0.322545 -0.172762 0.895938
v -0.285725 -0.167908 0.891525
v -0.359288 -0.174753 0.897664
v -0.248753 -0.161314 0.885187
v -0.244824 -0.173326 0.932192
v -0.211552 -0.154101 0.877687
v -0.206429 -0.168519 0.923744
v -0.240971 -0.178928 0.975951
v -0.237386 -0.177405 1.01457
v -0.201497 -0.176522 0.9668
v -0.197018 -0.177055 1.00506
v -0.435511 -0.17786 0.93934
v -0.473752 -0.173326 0.932192
v -0.469823 -0.161314 0.885187
v -0.432851 -0.167908 0.891525
v -0.512147 -0.168519 0.923744
v -0.507024 -0.154101 0.877687
v -0.396031 -0.172762 0.895938
v -0.397374 -0.181263 0.944321
v -0.398717 -0.183318 0.989068
v -0.438153 -0.181384 0.983684
v -0.399998 -0.178713 1.02815
v -0.440652 -0.178065 1.02258
v -0.477605 -0.178928 0.975951
v -0.517079 -0.176522 0.9668
v -0.48119 -0.177405 1.01457
v -0.521558 -0.177055 1.00506
v -0.273913 -0.151532 1.07887
v -0.231869 -0.152827 1.07134
v -0.230504 -0.133715 1.09078
v -0.272771 -0.132124 1.09773
v -0.190598 -0.154589 1.06235
v -0.189427 -0.135722 1.08246
v -0.315831 -0.131071 1.10253
v -0.316472 -0.150732 1.08408
v -0.359288 -0.130679 1.10439
v -0.359288 -0.150455 1.0861
v -0.317418 -0.167232 1.05956
v -0.275693 -0.167479 1.05407
v -0.359288 -0.167188 1.06169
v -0.234257 -0.168048 1.04615
v -0.193257 -0.169055 1.03673
v -0.444663 -0.151532 1.07887
v -0.442883 -0.167479 1.05407
v -0.401158 -0.167232 1.05956
v -0.402104 -0.150732 1.08408
v -0.402745 -0.131071 1.10253
v -0.445805 -0.132124 1.09773
v -0.488072 -0.133715 1.09078
v -0.486707 -0.152827 1.07134
v -0.529149 -0.135722 1.08246
v -0.527978 -0.154589 1.06235
v -0.484319 -0.168048 1.04615
v -0.525319 -0.169055 1.03673
v -0.11352 -0.157926 1.042
v -0.0824622 -0.156497 1.02954
v -0.0825242 -0.138648 1.05184
v -0.113736 -0.139402 1.06353
v -0.0589402 -0.151544 1.01396
v -0.0580032 -0.134548 1.03795
v -0.149937 -0.138022 1.07356
v -0.150357 -0.156789 1.05275
v -0.152837 -0.170617 1.02672
v -0.116398 -0.170812 1.01616
v -0.15688 -0.177328 0.995008
v -0.120937 -0.176149 0.985407
v -0.0873422 -0.167715 1.00508
v -0.0666042 -0.161577 0.990086
v -0.0931542 -0.171442 0.977247
v -0.0767002 -0.165008 0.972118
v -0.605056 -0.157926 1.042
v -0.602178 -0.170812 1.01616
v -0.565739 -0.170617 1.02672
v -0.568219 -0.156789 1.05275
v -0.597639 -0.176149 0.985407
v -0.561696 -0.177328 0.995008
v -0.568639 -0.138022 1.07356
v -0.60484 -0.139402 1.06353
v -0.636052 -0.138648 1.05184
v -0.636114 -0.156497 1.02954
v -0.660573 -0.134548 1.03795
v -0.659636 -0.151544 1.01396
v -0.631234 -0.167715 1.00508
v -0.625422 -0.171442 0.977247
v -0.651972 -0.161577 0.990086
v -0.641876 -0.165008 0.972118
v -0.0379422 -0.127846 0.969724
v -0.0367932 -0.10842 0.941952
v -0.0287222 -0.0947622 0.978902
v -0.0326202 -0.112636 1.00172
v -0.0393042 -0.0843894 0.911025
v -0.0286612 -0.0722335 0.952625
v -0.0418752 -0.125887 1.02132
v -0.0447122 -0.142107 0.993877
v -0.0551162 -0.152649 0.967798
v -0.0510832 -0.138999 0.939627
v -0.0724022 -0.160044 0.949361
v -0.0714952 -0.147371 0.917177
v -0.0527082 -0.118693 0.906986
v -0.0576832 -0.0934117 0.871338
v -0.0755662 -0.126834 0.880089
v -0.0823562 -0.100997 0.840294
v -0.680634 -0.127846 0.969724
v -0.667493 -0.138999 0.939627
v -0.66346 -0.152649 0.967798
v -0.673864 -0.142107 0.993877
v -0.647081 -0.147371 0.917177
v -0.646174 -0.160044 0.949361
v -0.676701 -0.125887 1.02132
v -0.685956 -0.112636 1.00172
v -0.689854 -0.0947622 0.978902
v -0.681783 -0.10842 0.941952
v -0.689915 -0.0722335 0.952625
v -0.679272 -0.0843894 0.911025
v -0.665868 -0.118693 0.906986
v -0.64301 -0.126834 0.880089
v -0.660893 -0.0934117 0.871338
v -0.63622 -0.100997 0.840294
v -0.0489702 -0.0254189 0.841597
v -0.0552572 0.00709338 0.804123
v -0.0406232 0.0187026 0.853073
v -0.0350542 -0.0143087 0.889346
v -0.0619322 0.0400027 0.765493
v -0.0471852 0.0528239 0.814196
v -0.0309192 -0.0450186 0.922652
v -0.0435072 -0.0563173 0.877402
v -0.0636952 -0.064842 0.834146
v -0.0703022 -0.0342034 0.795997
v -0.0896042 -0.0724236 0.799986
v -0.0968292 -0.0424291 0.759759
v -0.0770612 -0.00271785 0.757481
v -0.0835312 0.028393 0.719184
v -0.103551 -0.0123287 0.720209
v -0.109288 0.0165605 0.681931
v -0.669606 -0.0254189 0.841597
v -0.648274 -0.0342034 0.795997
v -0.654881 -0.064842 0.834146
v -0.675069 -0.0563173 0.877402
v -0.621747 -0.0424291 0.759759
v -0.628972 -0.0724236 0.799986
v -0.687657 -0.0450186 0.922652
v -0.683522 -0.0143087 0.889346
v -0.677953 0.0187026 0.853073
v -0.663319 0.00709338 0.804123
v -0.671391 0.0528239 0.814196
v -0.656644 0.0400027 0.765493
v -0.641515 -0.00271785 0.757481
v -0.615025 -0.0123287 0.720209
v -0.635045 0.028393 0.719184
v -0.609288 0.0165605 0.681931
v -0.158038 -0.0622312 0.732754
v -0.126332 -0.0518619 0.740089
v -0.119359 -0.0808967 0.782021
v -0.151921 -0.0901209 0.776096
v -0.111882 -0.108843 0.824621
v -0.144963 -0.11699 0.820379
v -0.186253 -0.0999574 0.778056
v -0.191174 -0.0732673 0.733518
v -0.180302 -0.125472 0.823626
v -0.19434 -0.0478242 0.690453
v -0.162656 -0.0353151 0.690827
v -0.195027 -0.0260464 0.6493
v -0.165116 -0.0113687 0.650787
v -0.132237 -0.0233389 0.699368
v -0.13651 0.00307036 0.660398
v -0.560538 -0.0622312 0.732754
v -0.55592 -0.0353151 0.690827
v -0.524236 -0.0478242 0.690453
v -0.527402 -0.0732673 0.733518
v -0.55346 -0.0113687 0.650787
v -0.523549 -0.0260464 0.6493
v -0.532323 -0.0999574 0.778056
v -0.566655 -0.0901209 0.776096
v -0.538274 -0.125472 0.823626
v -0.573613 -0.11699 0.820379
v -0.599217 -0.0808967 0.782021
v -0.592244 -0.0518619 0.740089
v -0.606694 -0.108843 0.824621
v -0.586339 -0.0233389 0.699368
v -0.582066 0.00307036 0.660398
v -0.131177 -0.159808 0.908624
v -0.137822 -0.140839 0.865129
v -0.104466 -0.134102 0.86735
v -0.0986292 -0.154238 0.908119
v -0.0958872 -0.166817 0.94484
v -0.125706 -0.17203 0.949139
v -0.161992 -0.174744 0.957161
v -0.167828 -0.16429 0.91486
v -0.174046 -0.147391 0.869788
v -0.587399 -0.159808 0.908624
v -0.550748 -0.16429 0.91486
v -0.556584 -0.174744 0.957161
v -0.59287 -0.17203 0.949139
v -0.622689 -0.166817 0.94484
v -0.619947 -0.154238 0.908119
v -0.61411 -0.134102 0.86735
v -0.580754 -0.140839 0.865129
v -0.54453 -0.147391 0.869788
v -0.162476 0.022129 0.578398
v -0.159146 0.0326849 0.547273
v -0.13886 0.0608096 0.559686
v -0.139142 0.0449458 0.589944
v -0.119557 0.0875161 0.581172
v -0.11683 0.0666221 0.611696
v -0.155656 0.0397819 0.520345
v -0.138417 0.0735554 0.533558
v -0.122205 0.105465 0.554667
v -0.138585 0.0257655 0.623719
v -0.164761 0.00761205 0.613106
v -0.11356 0.0429239 0.645521
v -0.192509 -0.0103571 0.6105
v -0.187817 -2.02256e-05 0.574663
v -0.181981 0.00569754 0.542403
v -0.17603 0.00753101 0.514332
v -0.5561 0.022129 0.578398
v -0.530759 -2.02256e-05 0.574663
v -0.526067 -0.0103571 0.6105
v -0.553815 0.00761205 0.613106
v -0.579991 0.0257655 0.623719
v -0.579434 0.0449458 0.589944
v -0.605016 0.0429239 0.645521
v -0.601746 0.0666221 0.611696
v -0.579716 0.0608096 0.559686
v -0.55943 0.0326849 0.547273
v -0.580159 0.0735554 0.533558
v -0.56292 0.0397819 0.520345
v -0.599019 0.0875161 0.581172
v -0.596371 0.105465 0.554667
v -0.536595 0.00569754 0.542403
v -0.542546 0.00753101 0.514332
v -0.0752802 0.102564 0.687771
v -0.0822192 0.130593 0.651609
v -0.0701952 0.150129 0.691898
v -0.0619632 0.119679 0.731667
v -0.0895132 0.155374 0.619201
v -0.0789992 0.177071 0.655716
v -0.0542952 0.0868638 0.773079
v -0.0685622 0.0720975 0.726221
v -0.0892682 0.0579101 0.681695
v -0.0945562 0.085354 0.646043
v -0.0996752 0.11025 0.613257
v -0.104909 0.132121 0.584365
v -0.643296 0.102564 0.687771
v -0.62402 0.085354 0.646043
v -0.629308 0.0579101 0.681695
v -0.650014 0.0720975 0.726221
v -0.664281 0.0868638 0.773079
v -0.656613 0.119679 0.731667
v -0.648381 0.150129 0.691898
v -0.636357 0.130593 0.651609
v -0.639577 0.177071 0.655716
v -0.629063 0.155374 0.619201
v -0.618901 0.11025 0.613257
v -0.613667 0.132121 0.584365
v -0.126749 0.252391 0.509466
v -0.127339 0.272495 0.53219
v -0.121648 0.260281 0.544898
v -0.122602 0.237915 0.520095
v -0.11498 0.247466 0.559853
v -0.117853 0.223226 0.533086
v -0.121375 0.214762 0.491847
v -0.122508 0.234473 0.483958
v -0.110674 0.192199 0.458022
v -0.108808 0.218771 0.454033
v -0.120521 0.195738 0.503107
v -0.118015 0.157017 0.464888
v -0.125177 0.251793 0.477504
v -0.130907 0.266061 0.500216
v -0.129053 0.267194 0.471605
v -0.13529 0.279224 0.491628
v -0.110132 0.241489 0.451628
v -0.113993 0.260521 0.449644
v -0.132512 0.284512 0.521012
v -0.137624 0.296734 0.510647
v -0.591827 0.252391 0.509466
v -0.587669 0.266061 0.500216
v -0.593399 0.251793 0.477504
v -0.596068 0.234473 0.483958
v -0.608444 0.241489 0.451628
v -0.609768 0.218771 0.454033
v -0.583286 0.279224 0.491628
v -0.589523 0.267194 0.471605
v -0.604583 0.260521 0.449644
v -0.597201 0.214762 0.491847
v -0.595974 0.237915 0.520095
v -0.598055 0.195738 0.503107
v -0.600723 0.223226 0.533086
v -0.607902 0.192199 0.458022
v -0.600561 0.157017 0.464888
v -0.596928 0.260281 0.544898
v -0.591237 0.272495 0.53219
v -0.603596 0.247466 0.559853
v -0.586064 0.284512 0.521012
v -0.580952 0.296734 0.510647
v -0.104957 0.193643 0.569072
v -0.0978442 0.21792 0.599294
v -0.0883832 0.199364 0.625061
v -0.0972952 0.176094 0.592009
v -0.110539 0.15049 0.5604
v -0.115491 0.166298 0.539467
v -0.125233 0.120329 0.532899
v -0.127041 0.133044 0.513121
v -0.118689 0.180482 0.519675
v -0.11189 0.208911 0.549421
v -0.126024 0.144548 0.492587
v -0.106877 0.23365 0.577772
v -0.613619 0.193643 0.569072
v -0.606686 0.208911 0.549421
v -0.599887 0.180482 0.519675
v -0.603085 0.166298 0.539467
v -0.592552 0.144548 0.492587
v -0.591535 0.133044 0.513121
v -0.608037 0.15049 0.5604
v -0.621281 0.176094 0.592009
v -0.593343 0.120329 0.532899
v -0.630193 0.199364 0.625061
v -0.620732 0.21792 0.599294
v -0.611699 0.23365 0.577772
v -0.141143 0.304354 0.473817
v -0.134146 0.315191 0.463671
v -0.138615 0.333146 0.478283
v -0.144856 0.322023 0.489747
v -0.115625 0.323981 0.451913
v -0.120229 0.341958 0.465525
v -0.143132 0.309561 0.500381
v -0.140113 0.292176 0.482981
v -0.133804 0.281149 0.46538
v -0.134733 0.293588 0.458472
v -0.119735 0.276039 0.446919
v -0.121595 0.288883 0.443014
v -0.127146 0.304437 0.450519
v -0.109291 0.313064 0.440488
v -0.113808 0.29989 0.437484
v -0.102169 0.307664 0.433051
v -0.577433 0.304354 0.473817
v -0.583843 0.293588 0.458472
v -0.584772 0.281149 0.46538
v -0.578463 0.292176 0.482981
v -0.596981 0.288883 0.443014
v -0.598841 0.276039 0.446919
v -0.575444 0.309561 0.500381
v -0.57372 0.322023 0.489747
v -0.579961 0.333146 0.478283
v -0.58443 0.315191 0.463671
v -0.598347 0.341958 0.465525
v -0.602951 0.323981 0.451913
v -0.59143 0.304437 0.450519
v -0.604768 0.29989 0.437484
v -0.609285 0.313064 0.440488
v -0.616407 0.307664 0.433051
v -0.0375192 0.334197 0.42168
v -0.0393342 0.351226 0.434849
v -0.0855152 0.347487 0.451008
v -0.0820832 0.33002 0.437912
v -0.0794172 0.318836 0.427345
v -0.0390152 0.32177 0.410746
v -0.0810022 0.310245 0.421664
v -0.0459652 0.31136 0.405152
v 0.0104218 0.321878 0.390346
v 0.0140688 0.337408 0.403229
v -0.00212023 0.307418 0.384605
v 0.0134538 0.354673 0.417163
v -0.681057 0.334197 0.42168
v -0.732645 0.337408 0.403229
v -0.728998 0.321878 0.390346
v -0.679561 0.32177 0.410746
v -0.716456 0.307418 0.384605
v -0.672611 0.31136 0.405152
v -0.639159 0.318836 0.427345
v -0.636493 0.33002 0.437912
v -0.637574 0.310245 0.421664
v -0.633061 0.347487 0.451008
v -0.679242 0.351226 0.434849
v -0.73203 0.354673 0.417163
v -0.192438 -0.571958 -0.349956
v -0.274022 -0.590935 -0.360174
v -0.27274 -0.577426 -0.435868
v -0.189783 -0.559195 -0.422503
v -0.270116 -0.551226 -0.515727
v -0.184432 -0.534218 -0.499163
v -0.359288 -0.598941 -0.364828
v -0.359288 -0.5851 -0.441609
v -0.359288 -0.558344 -0.522608
v -0.114008 -0.535202 -0.405374
v -0.118219 -0.547043 -0.337913
v -0.0490062 -0.510242 -0.388337
v -0.0550482 -0.521229 -0.327789
v -0.105728 -0.511664 -0.476998
v -0.0374902 -0.48791 -0.453313
v -0.119623 -0.547345 -0.271969
v -0.193628 -0.573101 -0.279167
v -0.120986 -0.53716 -0.204633
v -0.194961 -0.563447 -0.207721
v -0.0562082 -0.520248 -0.268467
v -0.0568382 -0.508901 -0.206515
v -0.274693 -0.592537 -0.286408
v -0.359288 -0.600676 -0.290039
v -0.275487 -0.583014 -0.212332
v -0.359288 -0.591117 -0.215018
v -0.526138 -0.571958 -0.349956
v -0.524948 -0.573101 -0.279167
v -0.598953 -0.547345 -0.271969
v -0.600357 -0.547043 -0.337913
v -0.662368 -0.520248 -0.268467
v -0.663528 -0.521229 -0.327789
v -0.523615 -0.563447 -0.207721
v -0.59759 -0.53716 -0.204633
v -0.661738 -0.508901 -0.206515
v -0.604568 -0.535202 -0.405374
v -0.528793 -0.559195 -0.422503
v -0.612848 -0.511664 -0.476998
v -0.534144 -0.534218 -0.499163
v -0.66957 -0.510242 -0.388337
v -0.681086 -0.48791 -0.453313
v -0.445836 -0.577426 -0.435868
v -0.444554 -0.590935 -0.360174
v -0.44846 -0.551226 -0.515727
v -0.443883 -0.592537 -0.286408
v -0.443089 -0.583014 -0.212332
v -0.202716 -0.513446 -0.0559563
v -0.279576 -0.532122 -0.0566644
v -0.277135 -0.563145 -0.135706
v -0.198043 -0.543813 -0.1332
v -0.359288 -0.539713 -0.0576853
v -0.359288 -0.571075 -0.137535
v -0.125076 -0.51754 -0.132996
v -0.131561 -0.487779 -0.0579139
v -0.0612942 -0.488786 -0.138075
v -0.0689622 -0.459215 -0.0648911
v -0.140111 -0.447169 0.0197589
v -0.208821 -0.47159 0.0236583
v -0.150395 -0.395008 0.0991663
v -0.216199 -0.41749 0.105291
v -0.0792282 -0.419495 0.0112929
v -0.0914812 -0.368934 0.0887325
v -0.28275 -0.489137 0.0246614
v -0.359288 -0.496193 0.0244386
v -0.286595 -0.433379 0.108138
v -0.359288 -0.439676 0.108742
v -0.51586 -0.513446 -0.0559563
v -0.509755 -0.47159 0.0236583
v -0.578465 -0.447169 0.0197589
v -0.587015 -0.487779 -0.0579139
v -0.639348 -0.419495 0.0112929
v -0.649614 -0.459215 -0.0648911
v -0.502377 -0.41749 0.105291
v -0.568181 -0.395008 0.0991663
v -0.627095 -0.368934 0.0887325
v -0.5935 -0.51754 -0.132996
v -0.520533 -0.543813 -0.1332
v -0.657282 -0.488786 -0.138075
v -0.441441 -0.563145 -0.135706
v -0.439 -0.532122 -0.0566644
v -0.435826 -0.489137 0.0246614
v -0.431981 -0.433379 0.108138
v -0.23364 -0.277578 0.269262
v -0.29575 -0.289147 0.276263
v -0.291051 -0.36404 0.193633
v -0.22469 -0.350391 0.188589
v -0.359288 -0.293321 0.278646
v -0.359288 -0.369327 0.195133
v -0.162083 -0.330589 0.179455
v -0.174383 -0.25957 0.257798
v -0.105107 -0.306843 0.165684
v -0.119378 -0.237515 0.240737
v -0.186502 -0.187612 0.331372
v -0.242391 -0.206336 0.343021
v -0.198589 -0.125988 0.393835
v -0.250525 -0.145354 0.404694
v -0.133566 -0.165246 0.312482
v -0.146729 -0.0885161 0.383706
v -0.300328 -0.216723 0.35114
v -0.359288 -0.219834 0.354317
v -0.304417 -0.154799 0.413381
v -0.359288 -0.157042 0.417181
v -0.484936 -0.277578 0.269262
v -0.476185 -0.206336 0.343021
v -0.532074 -0.187612 0.331372
v -0.544193 -0.25957 0.257798
v -0.58501 -0.165246 0.312482
v -0.599198 -0.237515 0.240737
v -0.468051 -0.145354 0.404694
v -0.519987 -0.125988 0.393835
v -0.571847 -0.0885161 0.383706
v -0.556493 -0.330589 0.179455
v -0.493886 -0.350391 0.188589
v -0.613469 -0.306843 0.165684
v -0.427525 -0.36404 0.193633
v -0.422826 -0.289147 0.276263
v -0.418248 -0.216723 0.35114
v -0.414159 -0.154799 0.413381
v -0.263623 -0.0761495 0.481374
v -0.310338 -0.0829925 0.490371
v -0.307652 -0.111399 0.4581
v -0.25762 -0.103319 0.449113
v -0.359288 -0.0844822 0.494665
v -0.359288 -0.113122 0.462273
v -0.210794 -0.0859652 0.438845
v -0.22138 -0.0615751 0.471558
v -0.173544 -0.0559297 0.434073
v -0.187036 -0.0367705 0.46562
v -0.228612 -0.0468463 0.497125
v -0.268483 -0.0597636 0.506576
v -0.195378 -0.025464 0.490695
v -0.312779 -0.0660489 0.515269
v -0.359288 -0.067533 0.519426
v -0.454953 -0.0761495 0.481374
v -0.450093 -0.0597636 0.506576
v -0.489964 -0.0468463 0.497125
v -0.497196 -0.0615751 0.471558
v -0.523198 -0.025464 0.490695
v -0.53154 -0.0367705 0.46562
v -0.507782 -0.0859652 0.438845
v -0.460956 -0.103319 0.449113
v -0.545032 -0.0559297 0.434073
v -0.410924 -0.111399 0.4581
v -0.408238 -0.0829925 0.490371
v -0.405797 -0.0660489 0.515269
v -0.148635 0.045284 0.477821
v -0.137199 0.0910425 0.492674
v -0.138493 0.0833819 0.512172
v -0.15289 0.0439208 0.498225
v -0.170995 0.00621481 0.491064
v -0.164017 0.000765107 0.468256
v -0.15224 -0.00980363 0.441568
v -0.140677 0.0440556 0.456043
v -0.132599 -0.0180348 0.41061
v -0.126164 0.0412347 0.430341
v -0.132646 0.0972888 0.472214
v -0.120602 0.097711 0.446149
v -0.569941 0.045284 0.477821
v -0.577899 0.0440556 0.456043
v -0.566336 -0.00980363 0.441568
v -0.554559 0.000765107 0.468256
v -0.592412 0.0412347 0.430341
v -0.585977 -0.0180348 0.41061
v -0.547581 0.00621481 0.491064
v -0.565686 0.0439208 0.498225
v -0.580083 0.0833819 0.512172
v -0.581377 0.0910425 0.492674
v -0.58593 0.0972888 0.472214
v -0.597974 0.097711 0.446149
v 0.377086 0.240436 0.062209
v 0.405727 0.274081 0.0202852
v 0.39175 0.322635 0.06463
v 0.36011 0.293822 0.105453
v 0.423747 0.316314 -0.0164927
v 0.414058 0.360275 0.0270791
v 0.320979 0.272478 0.147077
v 0.339381 0.213832 0.105995
v 0.276195 0.257239 0.187029
v 0.293681 0.194502 0.14863
v 0.359613 0.150775 0.0631929
v 0.395617 0.186083 0.0173262
v 0.378579 0.0951128 0.0204898
v 0.412116 0.138281 -0.0263284
v 0.312906 0.124216 0.108374
v 0.331189 0.0437911 0.0652779
v 0.421413 0.225834 -0.0260573
v 0.435542 0.272852 -0.0626941
v 0.435481 0.183576 -0.071083
v 0.44688 0.234829 -0.108397
v -1.09566 0.240436 0.062209
v -1.11419 0.186083 0.0173262
v -1.07819 0.150775 0.0631929
v -1.05796 0.213832 0.105995
v -1.03148 0.124216 0.108374
v -1.01226 0.194502 0.14863
v -1.13069 0.138281 -0.0263284
v -1.09716 0.0951128 0.0204898
v -1.04977 0.0437911 0.0652779
v -1.03956 0.272478 0.147077
v -1.07869 0.293822 0.105453
v -0.994771 0.257239 0.187029
v -1.11033 0.322635 0.06463
v -1.1243 0.274081 0.0202852
v -1.13263 0.360275 0.0270791
v -1.14232 0.316314 -0.0164927
v -1.13999 0.225834 -0.0260573
v -1.15406 0.183576 -0.071083
v -1.15412 0.272852 -0.0626941
v -1.16546 0.234829 -0.108397
v -0.163932 -0.445166 -0.666489
v -0.259679 -0.4582 -0.688939
v -0.253941 -0.390946 -0.770861
v -0.152745 -0.379773 -0.746391
v -0.249242 -0.309578 -0.84204
v -0.143574 -0.29959 -0.816607
v -0.359288 -0.463643 -0.698074
v -0.359288 -0.395679 -0.780801
v -0.359288 -0.313957 -0.852365
v -0.0598502 -0.365184 -0.712738
v -0.0759122 -0.427833 -0.635679
v 0.0205948 -0.350203 -0.675252
v 0.000518799 -0.409491 -0.601462
v -0.0466662 -0.287146 -0.781611
v 0.0371048 -0.275396 -0.742595
v -0.0921172 -0.476267 -0.555433
v -0.175155 -0.496428 -0.582286
v -0.0199122 -0.454861 -0.525918
v -0.265416 -0.511556 -0.60199
v -0.359288 -0.517862 -0.610053
v -0.554644 -0.445166 -0.666489
v -0.543421 -0.496428 -0.582286
v -0.626459 -0.476267 -0.555433
v -0.642664 -0.427833 -0.635679
v -0.698664 -0.454861 -0.525918
v -0.719095 -0.409491 -0.601462
v -0.658726 -0.365184 -0.712738
v -0.565831 -0.379773 -0.746391
v -0.67191 -0.287146 -0.781611
v -0.575002 -0.29959 -0.816607
v -0.739171 -0.350203 -0.675252
v -0.755681 -0.275396 -0.742595
v -0.464635 -0.390946 -0.770861
v -0.458897 -0.4582 -0.688939
v -0.469334 -0.309578 -0.84204
v -0.45316 -0.511556 -0.60199
v -0.136821 0.600959 -0.684295
v -0.245976 0.611048 -0.68891
v -0.245885 0.660715 -0.616594
v -0.136655 0.648604 -0.613808
v -0.245702 0.697768 -0.536112
v -0.136323 0.68376 -0.535134
v -0.359288 0.614021 -0.690655
v -0.359288 0.664571 -0.617619
v -0.359288 0.702484 -0.536425
v -0.0357712 0.627692 -0.609549
v -0.0359772 0.582583 -0.677423
v 0.0525918 0.597434 -0.604103
v 0.0523978 0.55475 -0.668912
v -0.0353592 0.660604 -0.533451
v 0.0529818 0.628437 -0.531023
v -0.0360462 0.526916 -0.737742
v -0.136876 0.542204 -0.74734
v -0.0360462 0.462323 -0.79117
v -0.136876 0.473711 -0.80369
v 0.0523328 0.502194 -0.726063
v 0.0523328 0.441578 -0.776175
v -0.246007 0.549901 -0.75388
v -0.359288 0.551853 -0.756386
v -0.246007 0.478409 -0.812325
v -0.359288 0.479086 -0.815672
v -0.581755 0.600959 -0.684295
v -0.5817 0.542204 -0.74734
v -0.68253 0.526916 -0.737742
v -0.682599 0.582583 -0.677423
v -0.770909 0.502194 -0.726063
v -0.770974 0.55475 -0.668912
v -0.5817 0.473711 -0.80369
v -0.68253 0.462323 -0.79117
v -0.770909 0.441578 -0.776175
v -0.682805 0.627692 -0.609549
v -0.581921 0.648604 -0.613808
v -0.683217 0.660604 -0.533451
v -0.582253 0.68376 -0.535134
v -0.771168 0.597434 -0.604103
v -0.771558 0.628437 -0.531023
v -0.472691 0.660715 -0.616594
v -0.4726 0.611048 -0.68891
v -0.472874 0.697768 -0.536112
v -0.472569 0.549901 -0.75388
v -0.472569 0.478409 -0.812325
v -0.136824 0.311888 -0.895399
v -0.245976 0.308674 -0.908883
v -0.246007 0.397704 -0.865062
v -0.136876 0.396855 -0.854088
v -0.359288 0.305991 -0.914221
v -0.359288 0.396737 -0.869365
v -0.0360462 0.390439 -0.838378
v -0.0359922 0.310798 -0.876305
v 0.0523328 0.374709 -0.819861
v 0.0523598 0.300567 -0.854133
v -0.0358322 0.222932 -0.901899
v -0.13667 0.219065 -0.924483
v -0.0355122 0.126372 -0.912103
v -0.136361 0.118637 -0.938199
v 0.0524398 0.218129 -0.875999
v 0.0525998 0.126374 -0.882468
v -0.245885 0.212205 -0.940574
v -0.359288 0.208027 -0.946996
v -0.245702 0.109183 -0.956925
v -0.359288 0.104027 -0.964444
v -0.581752 0.311888 -0.895399
v -0.581906 0.219065 -0.924483
v -0.682744 0.222932 -0.901899
v -0.682584 0.310798 -0.876305
v -0.771016 0.218129 -0.875999
v -0.770936 0.300567 -0.854133
v -0.582215 0.118637 -0.938199
v -0.683064 0.126372 -0.912103
v -0.771176 0.126374 -0.882468
v -0.68253 0.390439 -0.838378
v -0.5817 0.396855 -0.854088
v -0.770909 0.374709 -0.819861
v -0.472569 0.397704 -0.865062
v -0.4726 0.308674 -0.908883
v -0.472691 0.212205 -0.940574
v -0.472874 0.109183 -0.956925
v -0.136176 -0.0985747 -0.910976
v -0.245518 -0.108858 -0.934494
v -0.245396 0.00049623 -0.954724
v -0.135846 0.0108564 -0.933411
v -0.359288 -0.113877 -0.94401
v -0.359288 -0.00482533 -0.96332
v -0.0349782 0.0206521 -0.90386
v -0.0356872 -0.087795 -0.878487
v 0.0528668 0.0242792 -0.87055
v 0.0515208 -0.0812898 -0.842057
v -0.0390982 -0.192538 -0.837299
v -0.138402 -0.203958 -0.871755
v 0.0468398 -0.183471 -0.7988
v -0.246617 -0.213882 -0.896758
v -0.359288 -0.218472 -0.906896
v -0.5824 -0.0985747 -0.910976
v -0.580174 -0.203958 -0.871755
v -0.679478 -0.192538 -0.837299
v -0.682889 -0.087795 -0.878487
v -0.765416 -0.183471 -0.7988
v -0.770097 -0.0812898 -0.842057
v -0.683598 0.0206521 -0.90386
v -0.58273 0.0108564 -0.933411
v -0.771443 0.0242792 -0.87055
v -0.47318 0.00049623 -0.954724
v -0.473058 -0.108858 -0.934494
v -0.471959 -0.213882 -0.896758
v 0.348937 0.568482 -0.122693
v 0.319476 0.582611 -0.132791
v 0.330806 0.616636 -0.106167
v 0.361003 0.600901 -0.0969005
v 0.285499 0.598361 -0.140887
v 0.295573 0.63339 -0.113951
v 0.385982 0.581235 -0.08546
v 0.374194 0.550189 -0.110919
v 0.405559 0.552691 -0.0711545
v 0.39556 0.521946 -0.0977925
v 0.365504 0.520841 -0.143031
v 0.339504 0.538112 -0.155874
v 0.361507 0.494426 -0.183774
v 0.334316 0.511272 -0.198744
v 0.388911 0.492597 -0.130295
v 0.386882 0.465968 -0.170007
v 0.310207 0.551037 -0.16748
v 0.276912 0.566244 -0.176506
v 0.304439 0.523799 -0.212722
v 0.271007 0.539295 -0.223514
v -1.06751 0.568482 -0.122693
v -1.05808 0.538112 -0.155874
v -1.08408 0.520841 -0.143031
v -1.09277 0.550189 -0.110919
v -1.10749 0.492597 -0.130295
v -1.11414 0.521946 -0.0977925
v -1.05289 0.511272 -0.198744
v -1.08008 0.494426 -0.183774
v -1.10546 0.465968 -0.170007
v -1.10456 0.581235 -0.08546
v -1.07958 0.600901 -0.0969005
v -1.12414 0.552691 -0.0711545
v -1.04938 0.616636 -0.106167
v -1.03805 0.582611 -0.132791
v -1.01415 0.63339 -0.113951
v -1.00408 0.598361 -0.140887
v -1.02878 0.551037 -0.16748
v -1.02302 0.523799 -0.212722
v -0.995488 0.566244 -0.176506
v -0.989583 0.539295 -0.223514
v 0.339452 0.469614 -0.315796
v 0.306087 0.484433 -0.337154
v 0.303615 0.502777 -0.27101
v 0.334987 0.489444 -0.253608
v 0.269618 0.503555 -0.354166
v 0.268977 0.51977 -0.284616
v 0.363795 0.472178 -0.235126
v 0.370029 0.451469 -0.293038
v 0.390743 0.443383 -0.218277
v 0.398132 0.422366 -0.271825
v 0.377864 0.429672 -0.353462
v 0.345645 0.448768 -0.380636
v 0.384959 0.404157 -0.412348
v 0.351501 0.423892 -0.443456
v 0.406688 0.400442 -0.327379
v 0.41405 0.375134 -0.381663
v 0.310207 0.465225 -0.405967
v 0.271724 0.486537 -0.426522
v 0.314327 0.441614 -0.47226
v 0.274089 0.464602 -0.496036
v -1.05803 0.469614 -0.315796
v -1.06422 0.448768 -0.380636
v -1.09644 0.429672 -0.353462
v -1.08861 0.451469 -0.293038
v -1.12526 0.400442 -0.327379
v -1.11671 0.422366 -0.271825
v -1.07008 0.423892 -0.443456
v -1.10354 0.404157 -0.412348
v -1.13263 0.375134 -0.381663
v -1.08237 0.472178 -0.235126
v -1.05356 0.489444 -0.253608
v -1.10932 0.443383 -0.218277
v -1.02219 0.502777 -0.27101
v -1.02466 0.484433 -0.337154
v -0.987553 0.51977 -0.284616
v -0.988194 0.503555 -0.354166
v -1.02878 0.465225 -0.405967
v -1.0329 0.441614 -0.47226
v -0.9903 0.486537 -0.426522
v -0.992665 0.464602 -0.496036
v 0.356601 0.353615 -0.54913
v 0.318034 0.371413 -0.582089
v 0.316798 0.410059 -0.530846
v 0.354953 0.391971 -0.499584
v 0.276218 0.394758 -0.610173
v 0.275508 0.433636 -0.557063
v 0.388972 0.372298 -0.465647
v 0.390666 0.334487 -0.513227
v 0.417857 0.343967 -0.431403
v 0.418979 0.307151 -0.476313
v 0.390804 0.291117 -0.554955
v 0.357043 0.309435 -0.592196
v 0.390147 0.242582 -0.590699
v 0.356879 0.26004 -0.628893
v 0.418285 0.264895 -0.516114
v 0.416644 0.21741 -0.550521
v 0.318446 0.32653 -0.626351
v 0.276454 0.349087 -0.655933
v 0.318446 0.276263 -0.663998
v 0.276454 0.297737 -0.694912
v -1.07518 0.353615 -0.54913
v -1.07562 0.309435 -0.592196
v -1.10938 0.291117 -0.554955
v -1.10924 0.334487 -0.513227
v -1.13686 0.264895 -0.516114
v -1.13756 0.307151 -0.476313
v -1.07546 0.26004 -0.628893
v -1.10872 0.242582 -0.590699
v -1.13522 0.21741 -0.550521
v -1.10755 0.372298 -0.465647
v -1.07353 0.391971 -0.499584
v -1.13643 0.343967 -0.431403
v -1.03537 0.410059 -0.530846
v -1.03661 0.371413 -0.582089
v -0.994084 0.433636 -0.557063
v -0.994794 0.394758 -0.610173
v -1.03702 0.32653 -0.626351
v -1.03702 0.276263 -0.663998
v -0.99503 0.349087 -0.655933
v -0.99503 0.297737 -0.694912
v 0.355965 0.148569 -0.680986
v 0.318111 0.162413 -0.717717
v 0.318446 0.221465 -0.695393
v 0.356708 0.206038 -0.659325
v 0.276164 0.181202 -0.751307
v 0.276454 0.241829 -0.727678
v 0.389461 0.189277 -0.620327
v 0.387558 0.134067 -0.641997
v 0.414928 0.164907 -0.579252
v 0.411333 0.111812 -0.601474
v 0.383252 0.0798193 -0.653867
v 0.354088 0.0887683 -0.691368
v 0.379217 0.0255743 -0.65165
v 0.351477 0.0268148 -0.687352
v 0.404058 0.0625557 -0.616354
v 0.395342 0.0261657 -0.623578
v 0.317104 0.0993804 -0.72815
v 0.275295 0.115694 -0.762877
v 0.315089 0.0326447 -0.723873
v 0.273555 0.0451425 -0.759461
v -1.07454 0.148569 -0.680986
v -1.07266 0.0887683 -0.691368
v -1.10183 0.0798193 -0.653867
v -1.10613 0.134067 -0.641997
v -1.12263 0.0625557 -0.616354
v -1.12991 0.111812 -0.601474
v -1.07005 0.0268148 -0.687352
v -1.09779 0.0255743 -0.65165
v -1.11392 0.0261657 -0.623578
v -1.10804 0.189277 -0.620327
v -1.07528 0.206038 -0.659325
v -1.1335 0.164907 -0.579252
v -1.03702 0.221465 -0.695393
v -1.03669 0.162413 -0.717717
v -0.99503 0.241829 -0.727678
v -0.99474 0.181202 -0.751307
v -1.03568 0.0993804 -0.72815
v -1.03367 0.0326447 -0.723873
v -0.993871 0.115694 -0.762877
v -0.992131 0.0451425 -0.759461
v 0.343359 -0.101056 -0.630374
v 0.376464 -0.0858511 -0.596462
v 0.370722 -0.143166 -0.552259
v 0.334056 -0.163071 -0.584618
v 0.357797 -0.19869 -0.501469
v 0.318827 -0.220463 -0.531815
v 0.4032 -0.0592859 -0.566495
v 0.401986 -0.111763 -0.524794
v 0.399939 -0.166641 -0.474488
v 0.295406 -0.175325 -0.619135
v 0.305637 -0.10791 -0.666048
v 0.255473 -0.181279 -0.654644
v 0.265121 -0.107455 -0.702128
v 0.279643 -0.236563 -0.564645
v 0.240237 -0.247971 -0.598906
v 0.311733 -0.0375196 -0.702067
v 0.348533 -0.0371106 -0.665821
v 0.270656 -0.0306104 -0.73814
v 0.378125 -0.0296266 -0.631054
v 0.400579 -0.00995851 -0.60116
v -1.06194 -0.101056 -0.630374
v -1.06711 -0.0371106 -0.665821
v -1.03031 -0.0375196 -0.702067
v -1.02421 -0.10791 -0.666048
v -0.989232 -0.0306104 -0.73814
v -0.983697 -0.107455 -0.702128
v -1.01398 -0.175325 -0.619135
v -1.05263 -0.163071 -0.584618
v -0.998219 -0.236563 -0.564645
v -1.0374 -0.220463 -0.531815
v -0.974049 -0.181279 -0.654644
v -0.958813 -0.247971 -0.598906
v -1.0893 -0.143166 -0.552259
v -1.09504 -0.0858511 -0.596462
v -1.12056 -0.111763 -0.524794
v -1.12178 -0.0592859 -0.566495
v -1.07637 -0.19869 -0.501469
v -1.11852 -0.166641 -0.474488
v -1.0967 -0.0296266 -0.631054
v -1.11916 -0.00995851 -0.60116
v 0.176997 -0.0915896 -0.771952
v 0.169559 -0.18113 -0.725527
v 0.114955 -0.180596 -0.761672
v 0.121021 -0.0838304 -0.806715
v 0.156417 -0.261547 -0.668848
v 0.103358 -0.267493 -0.705103
v 0.123347 0.0161332 -0.837958
v 0.180469 0.0010483 -0.80545
v 0.123729 0.112628 -0.853131
v 0.181709 0.0907586 -0.823347
v 0.228236 -0.0161438 -0.772389
v 0.223636 -0.10074 -0.73726
v 0.230373 0.0663888 -0.792372
v 0.214961 -0.182287 -0.689979
v 0.200603 -0.25567 -0.633545
v -0.895573 -0.0915896 -0.771952
v -0.942212 -0.10074 -0.73726
v -0.946812 -0.0161438 -0.772389
v -0.899045 0.0010483 -0.80545
v -0.948949 0.0663888 -0.792372
v -0.900285 0.0907586 -0.823347
v -0.841923 0.0161332 -0.837958
v -0.839597 -0.0838304 -0.806715
v -0.842305 0.112628 -0.853131
v -0.833531 -0.180596 -0.761672
v -0.888135 -0.18113 -0.725527
v -0.821934 -0.267493 -0.705103
v -0.874993 -0.261547 -0.668848
v -0.933537 -0.182287 -0.689979
v -0.919179 -0.25567 -0.633545
v 0.182824 0.244307 -0.807288
v 0.182452 0.171515 -0.822969
v 0.123958 0.198983 -0.84996
v 0.124072 0.276359 -0.831417
v 0.12411 0.345913 -0.800476
v 0.182948 0.310123 -0.779278
v 0.12411 0.408806 -0.760107
v 0.182948 0.369949 -0.74191
v 0.232509 0.273406 -0.755325
v 0.232295 0.210544 -0.780875
v 0.232509 0.330946 -0.720531
v 0.231654 0.141745 -0.794212
v -0.9014 0.244307 -0.807288
v -0.950871 0.210544 -0.780875
v -0.951085 0.273406 -0.755325
v -0.901524 0.310123 -0.779278
v -0.951085 0.330946 -0.720531
v -0.901524 0.369949 -0.74191
v -0.842686 0.345913 -0.800476
v -0.842648 0.276359 -0.831417
v -0.842686 0.408806 -0.760107
v -0.842534 0.198983 -0.84996
v -0.901028 0.171515 -0.822969
v -0.95023 0.141745 -0.794212
v 0.182931 0.472959 -0.647372
v 0.182948 0.424774 -0.69816
v 0.12411 0.466195 -0.713282
v 0.124149 0.516287 -0.659376
v 0.124263 0.557287 -0.59776
v 0.18288 0.512863 -0.588893
v 0.124492 0.587401 -0.527809
v 0.182777 0.542848 -0.522069
v 0.232082 0.469775 -0.57587
v 0.232402 0.430528 -0.631453
v 0.231441 0.50013 -0.512058
v 0.232509 0.383786 -0.679456
v -0.901507 0.472959 -0.647372
v -0.950978 0.430528 -0.631453
v -0.950658 0.469775 -0.57587
v -0.901456 0.512863 -0.588893
v -0.950017 0.50013 -0.512058
v -0.901353 0.542848 -0.522069
v -0.842839 0.557287 -0.59776
v -0.842725 0.516287 -0.659376
v -0.843068 0.587401 -0.527809
v -0.842686 0.466195 -0.713282
v -0.901524 0.424774 -0.69816
v -0.951085 0.383786 -0.679456
v 0.182975 0.57318 -0.367919
v 0.182605 0.561272 -0.446245
v 0.124873 0.604834 -0.448894
v 0.125896 0.614831 -0.367853
v 0.0536298 0.64595 -0.449053
v 0.0550418 0.655141 -0.36529
v 0.128047 0.622636 -0.291527
v 0.184497 0.583611 -0.293585
v 0.131816 0.63349 -0.226754
v 0.187782 0.597607 -0.229738
v 0.0577188 0.661179 -0.286827
v 0.0621668 0.669233 -0.220759
v 0.230373 0.548019 -0.291711
v 0.229732 0.534613 -0.36389
v 0.23315 0.565054 -0.228923
v 0.230373 0.520197 -0.439368
v -0.901551 0.57318 -0.367919
v -0.948308 0.534613 -0.36389
v -0.948949 0.548019 -0.291711
v -0.903073 0.583611 -0.293585
v -0.951726 0.565054 -0.228923
v -0.906358 0.597607 -0.229738
v -0.846623 0.622636 -0.291527
v -0.844472 0.614831 -0.367853
v -0.776295 0.661179 -0.286827
v -0.773618 0.655141 -0.36529
v -0.850392 0.63349 -0.226754
v -0.780743 0.669233 -0.220759
v -0.843449 0.604834 -0.448894
v -0.901181 0.561272 -0.446245
v -0.772206 0.64595 -0.449053
v -0.948949 0.520197 -0.439368
v 0.200605 0.649298 -0.149582
v 0.144786 0.678934 -0.149127
v 0.152216 0.711225 -0.129766
v 0.208415 0.682746 -0.126442
v 0.0767388 0.706778 -0.144242
v 0.0845728 0.736027 -0.128097
v 0.255489 0.656114 -0.12094
v 0.246692 0.621515 -0.14666
v 0.238918 0.590357 -0.181612
v 0.193439 0.620211 -0.182875
v 0.137691 0.652639 -0.180372
v 0.0688888 0.684474 -0.17418
v -0.919181 0.649298 -0.149582
v -0.912015 0.620211 -0.182875
v -0.957494 0.590357 -0.181612
v -0.965268 0.621515 -0.14666
v -0.974065 0.656114 -0.12094
v -0.926991 0.682746 -0.126442
v -0.870792 0.711225 -0.129766
v -0.863362 0.678934 -0.149127
v -0.803149 0.736027 -0.128097
v -0.795315 0.706778 -0.144242
v -0.856267 0.652639 -0.180372
v -0.787465 0.684474 -0.17418
v -0.134255 0.716911 -0.357653
v -0.244511 0.735278 -0.352962
v -0.242589 0.745032 -0.259831
v -0.131039 0.723733 -0.272173
v -0.232772 0.751249 -0.181101
v -0.123783 0.729009 -0.200022
v -0.359288 0.742245 -0.350487
v -0.359288 0.753905 -0.252725
v -0.359288 0.767577 -0.145945
v -0.0297902 0.69533 -0.280774
v -0.0330402 0.689683 -0.361826
v -0.0242512 0.701371 -0.212544
v -0.0346732 0.679688 -0.448465
v -0.13577 0.705058 -0.447528
v -0.245396 0.721072 -0.446645
v -0.359288 0.72674 -0.446218
v -0.584321 0.716911 -0.357653
v -0.582806 0.705058 -0.447528
v -0.683903 0.679688 -0.448465
v -0.685536 0.689683 -0.361826
v -0.688786 0.69533 -0.280774
v -0.587537 0.723733 -0.272173
v -0.694325 0.701371 -0.212544
v -0.594793 0.729009 -0.200022
v -0.475987 0.745032 -0.259831
v -0.474065 0.735278 -0.352962
v -0.485804 0.751249 -0.181101
v -0.47318 0.721072 -0.446645
v -0.0798102 0.832652 -0.132899
v -0.0758012 0.805223 -0.113386
v -0.141628 0.80822 -0.0933614
v -0.131493 0.835831 -0.117065
v -0.0761342 0.780906 -0.100986
v -0.153811 0.784621 -0.078125
v -0.126215 0.863582 -0.139063
v -0.0858982 0.861457 -0.152566
v -0.0461642 0.864476 -0.160969
v -0.0287412 0.8364 -0.144897
v -0.00891721 0.807006 -0.128127
v 0.0046168 0.778133 -0.117192
v -0.638766 0.832652 -0.132899
v -0.689835 0.8364 -0.144897
v -0.672412 0.864476 -0.160969
v -0.632678 0.861457 -0.152566
v -0.592361 0.863582 -0.139063
v -0.587083 0.835831 -0.117065
v -0.576948 0.80822 -0.0933614
v -0.642775 0.805223 -0.113386
v -0.564765 0.784621 -0.078125
v -0.642442 0.780906 -0.100986
v -0.709659 0.807006 -0.128127
v -0.723193 0.778133 -0.117192
v -0.0949632 0.746611 -0.118886
v -0.181491 0.759498 -0.100167
v -0.165229 0.768902 -0.0815312
v -0.0830742 0.761438 -0.102662
v -0.252888 0.766466 -0.0795676
v -0.234327 0.772159 -0.0593214
v 0.00316778 0.751622 -0.118623
v -0.00603223 0.729188 -0.133869
v -0.0157522 0.712547 -0.164376
v -0.110145 0.736218 -0.150132
v -0.208206 0.754842 -0.130618
v -0.287246 0.765741 -0.106146
v -0.623613 0.746611 -0.118886
v -0.608431 0.736218 -0.150132
v -0.702824 0.712547 -0.164376
v -0.712544 0.729188 -0.133869
v -0.721744 0.751622 -0.118623
v -0.635502 0.761438 -0.102662
v -0.553347 0.768902 -0.0815312
v -0.537085 0.759498 -0.100167
v -0.484249 0.772159 -0.0593214
v -0.465688 0.766466 -0.0795676
v -0.51037 0.754842 -0.130618
v -0.43133 0.765741 -0.106146
v -0.315681 0.764021 -0.0437957
v -0.336268 0.762709 -0.0476458
v -0.338373 0.76153 -0.022369
v -0.313672 0.764481 -0.0268307
v -0.359288 0.762616 -0.0506027
v -0.359288 0.760535 -0.0223451
v -0.281399 0.769355 -0.0401175
v -0.29643 0.766137 -0.0589425
v -0.324579 0.766238 -0.0770297
v -0.359288 0.767119 -0.0858902
v -0.402895 0.764021 -0.0437957
v -0.382308 0.762709 -0.0476458
v -0.393997 0.766238 -0.0770297
v -0.422146 0.766137 -0.0589425
v -0.437177 0.769355 -0.0401175
v -0.404904 0.764481 -0.0268307
v -0.380203 0.76153 -0.022369
v 0.425409 0.424726 -0.066603
v 0.413348 0.477969 -0.0836376
v 0.419551 0.510318 -0.0532963
v 0.426563 0.460121 -0.0313364
v 0.425197 0.408106 -0.00472669
v 0.429591 0.368686 -0.0448388
v 0.436549 0.329959 -0.0883217
v 0.427242 0.390234 -0.106055
v 0.444514 0.295866 -0.132892
v 0.43159 0.359517 -0.148622
v 0.410426 0.446754 -0.119008
v 0.411311 0.418607 -0.159642
v -1.14399 0.424726 -0.066603
v -1.14582 0.390234 -0.106055
v -1.15513 0.329959 -0.0883217
v -1.14817 0.368686 -0.0448388
v -1.15017 0.359517 -0.148622
v -1.16309 0.295866 -0.132892
v -1.14377 0.408106 -0.00472669
v -1.14514 0.460121 -0.0313364
v -1.13813 0.510318 -0.0532963
v -1.13192 0.477969 -0.0836376
v -1.129 0.446754 -0.119008
v -1.12989 0.418607 -0.159642
v 0.445129 0.314794 -0.238752
v 0.437984 0.335445 -0.193232
v 0.45193 0.270344 -0.176261
v 0.458562 0.249125 -0.218657
v 0.455196 0.207184 -0.150474
v 0.461191 0.184837 -0.19004
v 0.464174 0.227941 -0.260298
v 0.451733 0.29434 -0.284042
v 0.46758 0.206427 -0.300964
v 0.456266 0.271831 -0.327856
v 0.465566 0.162708 -0.228208
v 0.469677 0.131648 -0.268889
v 0.431941 0.353586 -0.305321
v 0.424075 0.374675 -0.255102
v 0.438121 0.329547 -0.354127
v 0.41653 0.395465 -0.205774
v -1.16371 0.314794 -0.238752
v -1.14265 0.374675 -0.255102
v -1.15052 0.353586 -0.305321
v -1.17031 0.29434 -0.284042
v -1.1567 0.329547 -0.354127
v -1.17484 0.271831 -0.327856
v -1.18275 0.227941 -0.260298
v -1.17714 0.249125 -0.218657
v -1.18414 0.162708 -0.228208
v -1.17977 0.184837 -0.19004
v -1.18616 0.206427 -0.300964
v -1.18825 0.131648 -0.268889
v -1.17051 0.270344 -0.176261
v -1.15656 0.335445 -0.193232
v -1.17377 0.207184 -0.150474
v -1.13511 0.395465 -0.205774
v 0.455428 0.213 -0.406639
v 0.457196 0.245018 -0.368944
v 0.467592 0.184211 -0.34043
v 0.465234 0.157743 -0.376665
v 0.471639 0.124825 -0.318306
v 0.470329 0.105916 -0.352961
v 0.461527 0.123466 -0.407638
v 0.451865 0.174876 -0.440272
v 0.456408 0.0828461 -0.435515
v 0.447141 0.131003 -0.470224
v 0.468096 0.0783329 -0.381334
v 0.46681 0.0392911 -0.407581
v 0.438045 0.224084 -0.477159
v 0.440288 0.264729 -0.440319
v 0.434764 0.178038 -0.509461
v 0.440608 0.299905 -0.399218
v -1.174 0.213 -0.406639
v -1.15886 0.264729 -0.440319
v -1.15662 0.224084 -0.477159
v -1.17044 0.174876 -0.440272
v -1.15334 0.178038 -0.509461
v -1.16572 0.131003 -0.470224
v -1.1801 0.123466 -0.407638
v -1.18381 0.157743 -0.376665
v -1.18667 0.0783329 -0.381334
v -1.18891 0.105916 -0.352961
v -1.17498 0.0828461 -0.435515
v -1.18539 0.0392911 -0.407581
v -1.18617 0.184211 -0.34043
v -1.17577 0.245018 -0.368944
v -1.19022 0.124825 -0.318306
v -1.15918 0.299905 -0.399218
v 0.434108 0.0307253 -0.520823
v 0.439795 -0.0122125 -0.48633
v 0.424433 -0.0650139 -0.504963
v 0.421813 -0.0183539 -0.542656
v 0.446972 -0.0443321 -0.462792
v 0.42988 -0.0989722 -0.47524
v 0.415967 0.0270006 -0.579535
v 0.425735 0.0747164 -0.560144
v 0.431331 0.126655 -0.536955
v 0.441886 0.0817312 -0.496877
v 0.449809 0.0373467 -0.462464
v 0.458422 0.00246562 -0.440856
v -1.15268 0.0307253 -0.520823
v -1.16046 0.0817312 -0.496877
v -1.14991 0.126655 -0.536955
v -1.14431 0.0747164 -0.560144
v -1.13454 0.0270006 -0.579535
v -1.14039 -0.0183539 -0.542656
v -1.14301 -0.0650139 -0.504963
v -1.15837 -0.0122125 -0.48633
v -1.14846 -0.0989722 -0.47524
v -1.16555 -0.0443321 -0.462792
v -1.16839 0.0373467 -0.462464
v -1.177 0.00246562 -0.440856
v -0.0237572 -0.188849 0.18963
v -0.0372532 -0.12033 0.24872
v -0.0844912 -0.143926 0.282645
v -0.0700232 -0.213806 0.216953
v -0.0516322 -0.05604 0.300152
v -0.0961312 -0.0765437 0.337446
v -0.0556382 -0.281367 0.146732
v -0.0108312 -0.255451 0.124647
v -0.0417532 -0.342271 0.072953
v 0.00178477 -0.315826 0.0542041
v 0.0321608 -0.230391 0.101477
v 0.0219798 -0.16305 0.161954
v 0.0761828 -0.20748 0.0792708
v 0.0703698 -0.139766 0.134802
v 0.0421248 -0.290409 0.034856
v 0.0822628 -0.266827 0.0172859
v 0.0101768 -0.091132 0.217566
v -0.00738221 -0.0242404 0.26966
v 0.0622998 -0.0648008 0.186807
v 0.0461458 0.0232364 0.243627
v -0.694819 -0.188849 0.18963
v -0.740556 -0.16305 0.161954
v -0.750737 -0.230391 0.101477
v -0.707745 -0.255451 0.124647
v -0.760701 -0.290409 0.034856
v -0.720361 -0.315826 0.0542041
v -0.788946 -0.139766 0.134802
v -0.794759 -0.20748 0.0792708
v -0.800839 -0.266827 0.0172859
v -0.662938 -0.281367 0.146732
v -0.648553 -0.213806 0.216953
v -0.676823 -0.342271 0.072953
v -0.634085 -0.143926 0.282645
v -0.681323 -0.12033 0.24872
v -0.622445 -0.0765437 0.337446
v -0.666944 -0.05604 0.300152
v -0.728753 -0.091132 0.217566
v -0.780876 -0.0648008 0.186807
v -0.711194 -0.0242404 0.26966
v -0.764722 0.0232364 0.243627
v 0.180444 -0.109497 0.0844981
v 0.23373 -0.0998975 0.0609383
v 0.25036 -0.0341678 0.0875205
v 0.188265 -0.0412321 0.120562
v 0.260934 0.0365275 0.115031
v 0.19293 0.0309592 0.154471
v 0.2793 -0.0941396 0.0373588
v 0.301553 -0.0327517 0.0543432
v 0.123621 -0.0498057 0.154065
v 0.124591 -0.122351 0.109052
v 0.122918 0.0262751 0.194122
v 0.12408 -0.188012 0.0600777
v 0.173351 -0.171932 0.0434796
v 0.125194 -0.245889 0.00386581
v 0.169758 -0.22766 -0.00566787
v 0.221493 -0.159182 0.0290591
v 0.264691 -0.148229 0.01497
v 0.214795 -0.212204 -0.0115778
v 0.263126 -0.19864 -0.0137602
v -0.89902 -0.109497 0.0844981
v -0.891927 -0.171932 0.0434796
v -0.842656 -0.188012 0.0600777
v -0.843167 -0.122351 0.109052
v -0.888334 -0.22766 -0.00566787
v -0.84377 -0.245889 0.00386581
v -0.842197 -0.0498057 0.154065
v -0.906841 -0.0412321 0.120562
v -0.841494 0.0262751 0.194122
v -0.911506 0.0309592 0.154471
v -0.968936 -0.0341678 0.0875205
v -0.952306 -0.0998975 0.0609383
v -1.02013 -0.0327517 0.0543432
v -0.997876 -0.0941396 0.0373588
v -0.97951 0.0365275 0.115031
v -0.940069 -0.159182 0.0290591
v -0.933371 -0.212204 -0.0115778
v -0.983267 -0.148229 0.01497
v -0.981702 -0.19864 -0.0137602
v 0.183813 0.1767 0.223327
v 0.241053 0.182677 0.187102
v 0.227596 0.246745 0.222836
v 0.175382 0.24082 0.256484
v 0.119757 0.239292 0.289956
v 0.124273 0.174909 0.25922
v 0.0634818 0.238579 0.323182
v 0.0654018 0.177358 0.29653
v 0.124231 0.102541 0.228225
v 0.190554 0.105175 0.189025
v 0.0607428 0.107985 0.270544
v 0.254999 0.110708 0.149696
v -0.902389 0.1767 0.223327
v -0.90913 0.105175 0.189025
v -0.842807 0.102541 0.228225
v -0.842849 0.174909 0.25922
v -0.779319 0.107985 0.270544
v -0.783978 0.177358 0.29653
v -0.838333 0.239292 0.289956
v -0.893959 0.24082 0.256484
v -0.782058 0.238579 0.323182
v -0.946172 0.246745 0.222836
v -0.959629 0.182677 0.187102
v -0.973575 0.110708 0.149696
v -0.0390432 0.193848 0.378296
v 0.0101678 0.184099 0.337003
v 0.00932378 0.235104 0.356095
v -0.0397032 0.232632 0.388784
v -0.00202921 0.273567 0.374971
v -0.0465622 0.263292 0.399218
v -0.0805812 0.234931 0.421342
v -0.0798442 0.205318 0.418059
v -0.0851892 0.259082 0.424811
v -0.0832072 0.171609 0.41649
v -0.0432792 0.150575 0.369482
v -0.0893222 0.132802 0.414471
v -0.0524322 0.106537 0.364764
v 0.00480479 0.126681 0.319232
v -0.00933522 0.071703 0.310763
v -0.679533 0.193848 0.378296
v -0.675297 0.150575 0.369482
v -0.635369 0.171609 0.41649
v -0.638732 0.205318 0.418059
v -0.666144 0.106537 0.364764
v -0.629254 0.132802 0.414471
v -0.637995 0.234931 0.421342
v -0.678873 0.232632 0.388784
v -0.633387 0.259082 0.424811
v -0.672014 0.263292 0.399218
v -0.7279 0.235104 0.356095
v -0.728744 0.184099 0.337003
v -0.716547 0.273567 0.374971
v -0.723381 0.126681 0.319232
v -0.709241 0.071703 0.310763
v -0.0789142 0.0339114 0.369238
v -0.0665242 0.0654588 0.366563
v -0.0968382 0.087895 0.409843
v -0.102245 0.0378237 0.398163
v -0.102029 -0.0164747 0.374991
v -0.0672112 -0.00212269 0.342164
v -0.0348272 0.0280187 0.31958
v -0.639662 0.0339114 0.369238
v -0.652052 0.0654588 0.366563
v -0.683749 0.0280187 0.31958
v -0.651365 -0.00212269 0.342164
v -0.616547 -0.0164747 0.374991
v -0.616331 0.0378237 0.398163
v -0.621738 0.087895 0.409843
v -0.0738402 0.290842 0.414245
v -0.0609232 0.282192 0.407865
v -0.0281932 0.293361 0.392098
v -0.0605102 0.300388 0.408006
v -0.0903222 0.300552 0.423225
v -0.0976952 0.289394 0.426745
v -0.0934392 0.276403 0.426943
v -0.644736 0.290842 0.414245
v -0.657653 0.282192 0.407865
v -0.625137 0.276403 0.426943
v -0.620881 0.289394 0.426745
v -0.628254 0.300552 0.423225
v -0.658066 0.300388 0.408006
v -0.690383 0.293361 0.392098
v 0.268607 -0.310513 -0.414575
v 0.295878 -0.270546 -0.475229
v 0.334589 -0.249543 -0.447117
v 0.306544 -0.291 -0.388723
v 0.37037 -0.228733 -0.423583
v 0.342379 -0.272371 -0.365929
v 0.279109 -0.318333 -0.325806
v 0.24041 -0.337559 -0.349563
v 0.254527 -0.329094 -0.259769
v 0.214728 -0.348251 -0.280404
v 0.315868 -0.30168 -0.302829
v 0.29259 -0.313955 -0.237521
v 0.199446 -0.35982 -0.373586
v 0.2295 -0.329858 -0.442379
v 0.159253 -0.382006 -0.400917
v 0.190349 -0.347979 -0.472182
v 0.172325 -0.372475 -0.299101
v 0.122544 -0.406829 -0.315943
v 0.256953 -0.288423 -0.505896
v 0.217937 -0.30342 -0.538132
v -0.987183 -0.310513 -0.414575
v -0.948076 -0.329858 -0.442379
v -0.918022 -0.35982 -0.373586
v -0.958986 -0.337559 -0.349563
v -0.890901 -0.372475 -0.299101
v -0.933304 -0.348251 -0.280404
v -0.908925 -0.347979 -0.472182
v -0.877829 -0.382006 -0.400917
v -0.84112 -0.406829 -0.315943
v -0.997685 -0.318333 -0.325806
v -1.02512 -0.291 -0.388723
v -1.03444 -0.30168 -0.302829
v -1.06096 -0.272371 -0.365929
v -0.973103 -0.329094 -0.259769
v -1.01117 -0.313955 -0.237521
v -1.05317 -0.249543 -0.447117
v -1.01445 -0.270546 -0.475229
v -1.08895 -0.228733 -0.423583
v -0.975529 -0.288423 -0.505896
v -0.936513 -0.30342 -0.538132
v 0.110821 -0.378575 -0.536655
v 0.0614988 -0.393435 -0.568794
v 0.0844378 -0.337853 -0.639279
v 0.135837 -0.326817 -0.604591
v 0.178951 -0.315779 -0.570953
v 0.15228 -0.363821 -0.50403
v 0.122867 -0.401004 -0.434601
v 0.0843708 -0.418456 -0.46894
v 0.0926838 -0.430119 -0.371081
v 0.0594148 -0.448488 -0.40699
v 0.0378468 -0.435998 -0.498233
v 0.0167898 -0.467303 -0.432189
v -0.829397 -0.378575 -0.536655
v -0.802947 -0.418456 -0.46894
v -0.841443 -0.401004 -0.434601
v -0.870856 -0.363821 -0.50403
v -0.777991 -0.448488 -0.40699
v -0.81126 -0.430119 -0.371081
v -0.897527 -0.315779 -0.570953
v -0.854413 -0.326817 -0.604591
v -0.803014 -0.337853 -0.639279
v -0.780075 -0.393435 -0.568794
v -0.756423 -0.435998 -0.498233
v -0.735366 -0.467303 -0.432189
v 0.180983 -0.313823 -0.13447
v 0.221508 -0.296528 -0.125809
v 0.214779 -0.259152 -0.0644324
v 0.172435 -0.275808 -0.0661219
v 0.262119 -0.282976 -0.112775
v 0.257154 -0.247104 -0.0588684
v 0.131038 -0.295079 -0.0628648
v 0.1408 -0.334229 -0.13777
v 0.0911358 -0.316688 -0.0540797
v 0.101657 -0.356811 -0.133095
v 0.153669 -0.361986 -0.218506
v 0.195 -0.339155 -0.207302
v 0.112683 -0.386945 -0.218027
v 0.235042 -0.320833 -0.192012
v 0.274303 -0.306489 -0.173249
v -0.899559 -0.313823 -0.13447
v -0.913576 -0.339155 -0.207302
v -0.872245 -0.361986 -0.218506
v -0.859376 -0.334229 -0.13777
v -0.831259 -0.386945 -0.218027
v -0.820233 -0.356811 -0.133095
v -0.849614 -0.295079 -0.0628648
v -0.891011 -0.275808 -0.0661219
v -0.809712 -0.316688 -0.0540797
v -0.933355 -0.259152 -0.0644324
v -0.940084 -0.296528 -0.125809
v -0.97573 -0.247104 -0.0588684
v -0.980695 -0.282976 -0.112775
v -0.953618 -0.320833 -0.192012
v -0.992879 -0.306489 -0.173249
v 0.0254778 -0.405666 -0.0979076
v 0.0143458 -0.365665 -0.0212658
v -0.0287832 -0.392185 -0.00341091
v -0.0177712 -0.431851 -0.0792414
v -0.0097602 -0.462012 -0.151416
v 0.0338028 -0.436529 -0.171866
v -0.00579321 -0.483411 -0.216814
v 0.0367778 -0.459359 -0.237326
v 0.0736728 -0.41165 -0.198276
v 0.0642518 -0.380639 -0.117833
v 0.0755018 -0.435414 -0.269847
v 0.0532788 -0.340357 -0.0391843
v -0.744054 -0.405666 -0.0979076
v -0.782828 -0.380639 -0.117833
v -0.792249 -0.41165 -0.198276
v -0.752379 -0.436529 -0.171866
v -0.794078 -0.435414 -0.269847
v -0.755354 -0.459359 -0.237326
v -0.708816 -0.462012 -0.151416
v -0.700805 -0.431851 -0.0792414
v -0.712783 -0.483411 -0.216814
v -0.689793 -0.392185 -0.00341091
v -0.732922 -0.365665 -0.0212658
v -0.771855 -0.340357 -0.0391843
v 0.0220118 -0.482468 -0.322571
v -0.0066072 -0.499551 -0.323325
v 0.00163278 -0.489105 -0.375251
v 0.0388788 -0.470705 -0.356353
v 0.0637038 -0.453953 -0.321879
v 0.0318598 -0.475259 -0.288467
v -0.0069122 -0.496788 -0.272314
v -0.740588 -0.482468 -0.322571
v -0.711969 -0.499551 -0.323325
v -0.711664 -0.496788 -0.272314
v -0.750436 -0.475259 -0.288467
v -0.78228 -0.453953 -0.321879
v -0.757455 -0.470705 -0.356353
v -0.720209 -0.489105 -0.375251
v 0.605434 0.0222245 -0.491208
v 0.636844 0.0148727 -0.513818
v 0.63589 0.0123478 -0.528345
v 0.602397 0.0197353 -0.504988
v 0.634761 0.000745563 -0.543917
v 0.599216 0.00829295 -0.520055
v 0.672515 0.00460822 -0.53627
v 0.673763 0.00209407 -0.551441
v 0.674754 -0.00954423 -0.567368
v 0.572841 0.0240553 -0.481937
v 0.577686 0.0265294 -0.468959
v 0.546779 0.0251046 -0.459761
v 0.553001 0.0276544 -0.447594
v 0.567836 0.0126735 -0.496429
v 0.54034 0.0134664 -0.473687
v 0.582454 0.0215162 -0.457905
v 0.60847 0.0171444 -0.479237
v 0.58723 0.0104373 -0.449182
v 0.611652 0.0058792 -0.469595
v 0.559093 0.0226781 -0.437453
v 0.565143 0.0117396 -0.429606
v 0.637874 0.00972512 -0.500955
v 0.671397 -0.000580814 -0.522566
v 0.639232 -0.00169556 -0.490371
v 0.670795 -0.0120493 -0.51104
v -1.32401 0.0222245 -0.491208
v -1.32705 0.0171444 -0.479237
v -1.30103 0.0215162 -0.457905
v -1.29626 0.0265294 -0.468959
v -1.27767 0.0226781 -0.437453
v -1.27158 0.0276544 -0.447594
v -1.33023 0.0058792 -0.469595
v -1.30581 0.0104373 -0.449182
v -1.28372 0.0117396 -0.429606
v -1.29142 0.0240553 -0.481937
v -1.32097 0.0197353 -0.504988
v -1.28641 0.0126735 -0.496429
v -1.31779 0.00829295 -0.520055
v -1.26536 0.0251046 -0.459761
v -1.25892 0.0134664 -0.473687
v -1.35447 0.0123478 -0.528345
v -1.35542 0.0148727 -0.513818
v -1.39234 0.00209407 -0.551441
v -1.39109 0.00460822 -0.53627
v -1.35334 0.000745563 -0.543917
v -1.39333 -0.00954423 -0.567368
v -1.35645 0.00972512 -0.500955
v -1.35781 -0.00169556 -0.490371
v -1.38997 -0.000580814 -0.522566
v -1.38937 -0.0120493 -0.51104
v 0.755756 -0.024106 -0.575952
v 0.761287 -0.0262934 -0.591844
v 0.716457 -0.0108219 -0.573707
v 0.713046 -0.00843835 -0.558043
v 0.766246 -0.0370656 -0.607746
v 0.719478 -0.0221527 -0.589761
v 0.709773 -0.0136091 -0.543579
v 0.750331 -0.0291822 -0.560971
v 0.707164 -0.024942 -0.531129
v 0.745692 -0.0402021 -0.547809
v 0.790401 -0.0471234 -0.571724
v 0.797961 -0.0422357 -0.586813
v 0.827312 -0.0672552 -0.572812
v 0.836982 -0.0626691 -0.587442
v 0.783733 -0.057654 -0.558246
v 0.818637 -0.0771263 -0.559613
v 0.805568 -0.0442107 -0.602551
v 0.812373 -0.0542677 -0.617971
v 0.846614 -0.0644653 -0.602525
v 0.855174 -0.0737423 -0.617085
v -1.47433 -0.024106 -0.575952
v -1.51654 -0.0422357 -0.586813
v -1.50898 -0.0471234 -0.571724
v -1.46891 -0.0291822 -0.560971
v -1.50231 -0.057654 -0.558246
v -1.46427 -0.0402021 -0.547809
v -1.55556 -0.0626691 -0.587442
v -1.54589 -0.0672552 -0.572812
v -1.53721 -0.0771263 -0.559613
v -1.42835 -0.0136091 -0.543579
v -1.43162 -0.00843835 -0.558043
v -1.42574 -0.024942 -0.531129
v -1.43503 -0.0108219 -0.573707
v -1.47986 -0.0262934 -0.591844
v -1.43805 -0.0221527 -0.589761
v -1.48482 -0.0370656 -0.607746
v -1.52414 -0.0442107 -0.602551
v -1.56519 -0.0644653 -0.602525
v -1.53095 -0.0542677 -0.617971
v -1.57375 -0.0737423 -0.617085
v 0.896396 -0.110035 -0.550894
v 0.909778 -0.111832 -0.563011
v 0.88174 -0.0869502 -0.588469
v 0.870136 -0.0852464 -0.574656
v 0.921485 -0.11977 -0.574733
v 0.891963 -0.0954744 -0.601735
v 0.858394 -0.089399 -0.561216
v 0.882785 -0.113558 -0.539195
v 0.847759 -0.0984425 -0.549076
v 0.870391 -0.121578 -0.528722
v 0.899623 -0.139737 -0.509003
v 0.914737 -0.137105 -0.518602
v 0.908046 -0.167939 -0.472899
v 0.924133 -0.166521 -0.480219
v 0.885829 -0.146502 -0.500636
v 0.893367 -0.173189 -0.466901
v 0.929561 -0.13928 -0.52878
v 0.942485 -0.146936 -0.538885
v 0.939922 -0.169461 -0.488405
v 0.953708 -0.17728 -0.497003
v -1.61497 -0.110035 -0.550894
v -1.63331 -0.137105 -0.518602
v -1.6182 -0.139737 -0.509003
v -1.60136 -0.113558 -0.539195
v -1.60441 -0.146502 -0.500636
v -1.58897 -0.121578 -0.528722
v -1.64271 -0.166521 -0.480219
v -1.62662 -0.167939 -0.472899
v -1.61194 -0.173189 -0.466901
v -1.57697 -0.089399 -0.561216
v -1.58871 -0.0852464 -0.574656
v -1.56634 -0.0984425 -0.549076
v -1.60032 -0.0869502 -0.588469
v -1.62835 -0.111832 -0.563011
v -1.61054 -0.0954744 -0.601735
v -1.64006 -0.11977 -0.574733
v -1.64814 -0.13928 -0.52878
v -1.6585 -0.169461 -0.488405
v -1.66106 -0.146936 -0.538885
v -1.67228 -0.17728 -0.497003
v 0.913177 -0.229749 -0.393749
v 0.929019 -0.235528 -0.398357
v 0.939693 -0.202543 -0.444515
v 0.923557 -0.198353 -0.438188
v 0.94313 -0.245291 -0.404773
v 0.953899 -0.211109 -0.451892
v 0.907191 -0.198166 -0.43314
v 0.89722 -0.22773 -0.390931
v 0.892299 -0.201611 -0.429602
v 0.882766 -0.229243 -0.389885
v 0.878291 -0.253941 -0.347477
v 0.893161 -0.25786 -0.348142
v 0.850566 -0.27411 -0.303985
v 0.863677 -0.279835 -0.302608
v 0.864909 -0.253561 -0.348895
v 0.83887 -0.272042 -0.307778
v 0.908046 -0.265413 -0.351175
v 0.921474 -0.276698 -0.356861
v 0.876918 -0.289203 -0.304215
v 0.889003 -0.3022 -0.309374
v -1.63175 -0.229749 -0.393749
v -1.61174 -0.25786 -0.348142
v -1.59687 -0.253941 -0.347477
v -1.6158 -0.22773 -0.390931
v -1.58349 -0.253561 -0.348895
v -1.60134 -0.229243 -0.389885
v -1.58225 -0.279835 -0.302608
v -1.56914 -0.27411 -0.303985
v -1.55745 -0.272042 -0.307778
v -1.62577 -0.198166 -0.43314
v -1.64213 -0.198353 -0.438188
v -1.61088 -0.201611 -0.429602
v -1.65827 -0.202543 -0.444515
v -1.6476 -0.235528 -0.398357
v -1.67248 -0.211109 -0.451892
v -1.66171 -0.245291 -0.404773
v -1.62662 -0.265413 -0.351175
v -1.59549 -0.289203 -0.304215
v -1.64005 -0.276698 -0.356861
v -1.60758 -0.3022 -0.309374
v 0.778783 -0.297058 -0.215643
v 0.786815 -0.309612 -0.21483
v 0.83578 -0.303896 -0.258722
v 0.824893 -0.292825 -0.258386
v 0.794269 -0.326082 -0.219399
v 0.84579 -0.318667 -0.263531
v 0.814204 -0.28555 -0.26166
v 0.771014 -0.288555 -0.220677
v 0.80479 -0.282162 -0.267681
v 0.76435 -0.284237 -0.228772
v 0.722804 -0.283423 -0.181212
v 0.727321 -0.292762 -0.174544
v 0.671382 -0.27045 -0.14344
v 0.672481 -0.280164 -0.135257
v 0.719234 -0.278578 -0.191221
v 0.671123 -0.265504 -0.155199
v 0.732204 -0.306472 -0.172672
v 0.736873 -0.32443 -0.177046
v 0.674129 -0.294596 -0.132381
v 0.676036 -0.313693 -0.136542
v -1.49736 -0.297058 -0.215643
v -1.4459 -0.292762 -0.174544
v -1.44138 -0.283423 -0.181212
v -1.48959 -0.288555 -0.220677
v -1.43781 -0.278578 -0.191221
v -1.48293 -0.284237 -0.228772
v -1.39106 -0.280164 -0.135257
v -1.38996 -0.27045 -0.14344
v -1.3897 -0.265504 -0.155199
v -1.53278 -0.28555 -0.26166
v -1.54347 -0.292825 -0.258386
v -1.52337 -0.282162 -0.267681
v -1.55436 -0.303896 -0.258722
v -1.50539 -0.309612 -0.21483
v -1.56437 -0.318667 -0.263531
v -1.51285 -0.326082 -0.219399
v -1.45078 -0.306472 -0.172672
v -1.39271 -0.294596 -0.132381
v -1.45545 -0.32443 -0.177046
v -1.39461 -0.313693 -0.136542
v 0.560346 -0.235037 -0.0650447
v 0.55585 -0.249494 -0.0603014
v 0.614772 -0.274103 -0.0940907
v 0.616237 -0.259493 -0.0979476
v 0.552993 -0.269578 -0.0639402
v 0.614192 -0.293858 -0.0979533
v 0.618556 -0.249934 -0.107537
v 0.566097 -0.225946 -0.0759148
v 0.6217 -0.245327 -0.120876
v 0.572719 -0.221967 -0.0906559
v 0.515773 -0.202563 -0.0509824
v 0.506564 -0.211078 -0.0389783
v 0.469356 -0.183856 -0.0351522
v 0.456649 -0.191902 -0.0221773
v 0.525935 -0.199338 -0.0669483
v 0.483104 -0.181359 -0.0521577
v 0.49908 -0.225265 -0.0335126
v 0.49409 -0.245509 -0.0371632
v 0.446178 -0.205915 -0.0162242
v 0.439136 -0.226308 -0.0202818
v -1.27892 -0.235037 -0.0650447
v -1.22514 -0.211078 -0.0389783
v -1.23435 -0.202563 -0.0509824
v -1.28467 -0.225946 -0.0759148
v -1.24451 -0.199338 -0.0669483
v -1.2913 -0.221967 -0.0906559
v -1.17523 -0.191902 -0.0221773
v -1.18793 -0.183856 -0.0351522
v -1.20168 -0.181359 -0.0521577
v -1.33713 -0.249934 -0.107537
v -1.33481 -0.259493 -0.0979476
v -1.34028 -0.245327 -0.120876
v -1.33335 -0.274103 -0.0940907
v -1.27443 -0.249494 -0.0603014
v -1.33277 -0.293858 -0.0979533
v -1.27157 -0.269578 -0.0639402
v -1.21766 -0.225265 -0.0335126
v -1.16475 -0.205915 -0.0162242
v -1.21267 -0.245509 -0.0371632
v -1.15771 -0.226308 -0.0202818
v 0.586881 -0.227493 -0.123953
v 0.579829 -0.222838 -0.107015
v 0.625636 -0.24558 -0.135976
v 0.629947 -0.249669 -0.151806
v 0.671993 -0.265376 -0.168805
v 0.67369 -0.269078 -0.183248
v 0.634212 -0.256573 -0.167327
v 0.593326 -0.234869 -0.140436
v 0.638011 -0.265268 -0.181505
v 0.598617 -0.243896 -0.155426
v 0.675914 -0.27563 -0.19752
v 0.678363 -0.284043 -0.210613
v 0.554836 -0.214505 -0.119131
v 0.546138 -0.206458 -0.102026
v 0.52032 -0.199471 -0.105695
v 0.509364 -0.190467 -0.0883592
v 0.561702 -0.224015 -0.134609
v 0.528789 -0.209709 -0.121284
v 0.536281 -0.20102 -0.0842973
v 0.4967 -0.183996 -0.0702036
v -1.30546 -0.227493 -0.123953
v -1.26471 -0.206458 -0.102026
v -1.27341 -0.214505 -0.119131
v -1.3119 -0.234869 -0.140436
v -1.28028 -0.224015 -0.134609
v -1.31719 -0.243896 -0.155426
v -1.22794 -0.190467 -0.0883592
v -1.2389 -0.199471 -0.105695
v -1.24737 -0.209709 -0.121284
v -1.35279 -0.256573 -0.167327
v -1.34852 -0.249669 -0.151806
v -1.39449 -0.27563 -0.19752
v -1.39227 -0.269078 -0.183248
v -1.35659 -0.265268 -0.181505
v -1.39694 -0.284043 -0.210613
v -1.34421 -0.24558 -0.135976
v -1.29841 -0.222838 -0.107015
v -1.39057 -0.265376 -0.168805
v -1.25486 -0.20102 -0.0842973
v -1.21528 -0.183996 -0.0702036
v 0.756726 -0.287699 -0.249766
v 0.759631 -0.284235 -0.238767
v 0.797725 -0.282757 -0.275587
v 0.792934 -0.28654 -0.284572
v 0.829875 -0.273644 -0.31342
v 0.823543 -0.278156 -0.320228
v 0.79034 -0.292719 -0.293833
v 0.755504 -0.293773 -0.260871
v 0.789867 -0.3005 -0.302562
v 0.755832 -0.301606 -0.271183
v 0.819835 -0.284818 -0.327521
v 0.818713 -0.292873 -0.334615
v 0.716853 -0.288054 -0.228734
v 0.716464 -0.281817 -0.215947
v 0.71815 -0.296139 -0.240519
v 0.717189 -0.278351 -0.203121
v -1.4753 -0.287699 -0.249766
v -1.43504 -0.281817 -0.215947
v -1.43543 -0.288054 -0.228734
v -1.47408 -0.293773 -0.260871
v -1.43673 -0.296139 -0.240519
v -1.47441 -0.301606 -0.271183
v -1.50892 -0.292719 -0.293833
v -1.51151 -0.28654 -0.284572
v -1.53841 -0.284818 -0.327521
v -1.54212 -0.278156 -0.320228
v -1.50844 -0.3005 -0.302562
v -1.53729 -0.292873 -0.334615
v -1.5163 -0.282757 -0.275587
v -1.47821 -0.284235 -0.238767
v -1.54845 -0.273644 -0.31342
v -1.43577 -0.278351 -0.203121
v 0.863216 -0.241364 -0.392706
v 0.871433 -0.23406 -0.390595
v 0.88058 -0.208313 -0.427805
v 0.872035 -0.217376 -0.427563
v 0.881801 -0.181748 -0.462679
v 0.873347 -0.192604 -0.460189
v 0.866664 -0.227898 -0.428688
v 0.858112 -0.250339 -0.395867
v 0.864467 -0.238978 -0.430996
v 0.856117 -0.260165 -0.399725
v 0.868007 -0.204748 -0.459384
v 0.865779 -0.217168 -0.460221
v 0.842464 -0.270002 -0.361838
v 0.847011 -0.262361 -0.3566
v 0.840831 -0.278779 -0.3673
v 0.854488 -0.256624 -0.35211
v -1.58179 -0.241364 -0.392706
v -1.56559 -0.262361 -0.3566
v -1.56104 -0.270002 -0.361838
v -1.57669 -0.250339 -0.395867
v -1.55941 -0.278779 -0.3673
v -1.57469 -0.260165 -0.399725
v -1.58524 -0.227898 -0.428688
v -1.59061 -0.217376 -0.427563
v -1.58658 -0.204748 -0.459384
v -1.59192 -0.192604 -0.460189
v -1.58304 -0.238978 -0.430996
v -1.58436 -0.217168 -0.460221
v -1.59916 -0.208313 -0.427805
v -1.59001 -0.23406 -0.390595
v -1.60038 -0.181748 -0.462679
v -1.57306 -0.256624 -0.35211
v 0.853589 -0.147345 -0.514001
v 0.86066 -0.133271 -0.52029
v 0.839473 -0.111415 -0.539158
v 0.83353 -0.126875 -0.531581
v 0.811992 -0.0911855 -0.548821
v 0.807357 -0.107856 -0.540541
v 0.829921 -0.143384 -0.526469
v 0.849178 -0.16251 -0.50996
v 0.828639 -0.159501 -0.523938
v 0.847423 -0.177472 -0.508274
v 0.804713 -0.125561 -0.534874
v 0.804042 -0.142724 -0.531922
v 0.862025 -0.182957 -0.487037
v 0.86703 -0.169258 -0.489602
v 0.85995 -0.19668 -0.486508
v 0.874965 -0.156724 -0.494152
v -1.57217 -0.147345 -0.514001
v -1.58561 -0.169258 -0.489602
v -1.5806 -0.182957 -0.487037
v -1.56775 -0.16251 -0.50996
v -1.57853 -0.19668 -0.486508
v -1.566 -0.177472 -0.508274
v -1.5485 -0.143384 -0.526469
v -1.55211 -0.126875 -0.531581
v -1.52329 -0.125561 -0.534874
v -1.52593 -0.107856 -0.540541
v -1.54722 -0.159501 -0.523938
v -1.52262 -0.142724 -0.531922
v -1.55805 -0.111415 -0.539158
v -1.57924 -0.133271 -0.52029
v -1.53057 -0.0911855 -0.548821
v -1.59354 -0.156724 -0.494152
v 0.740749 -0.0743261 -0.529626
v 0.742519 -0.0558437 -0.537365
v 0.705745 -0.0410462 -0.521507
v 0.705432 -0.0600793 -0.514619
v 0.671092 -0.0283742 -0.502403
v 0.672187 -0.0476877 -0.496492
v 0.706142 -0.0802014 -0.510374
v 0.740321 -0.0938686 -0.524575
v 0.70779 -0.0995709 -0.508679
v 0.741176 -0.112692 -0.522196
v 0.673976 -0.0681197 -0.493143
v 0.676357 -0.0878025 -0.492189
v 0.774013 -0.109023 -0.533492
v 0.775577 -0.0902955 -0.539078
v 0.774074 -0.127099 -0.530643
v 0.778804 -0.0726084 -0.547347
v -1.45933 -0.0743261 -0.529626
v -1.49415 -0.0902955 -0.539078
v -1.49259 -0.109023 -0.533492
v -1.4589 -0.0938686 -0.524575
v -1.49265 -0.127099 -0.530643
v -1.45975 -0.112692 -0.522196
v -1.42472 -0.0802014 -0.510374
v -1.42401 -0.0600793 -0.514619
v -1.39255 -0.0681197 -0.493143
v -1.39076 -0.0476877 -0.496492
v -1.42637 -0.0995709 -0.508679
v -1.39493 -0.0878025 -0.492189
v -1.42432 -0.0410462 -0.521507
v -1.4611 -0.0558437 -0.537365
v -1.38967 -0.0283742 -0.502403
v -1.49738 -0.0726084 -0.547347
v 0.618749 -0.0292345 -0.458604
v 0.643573 -0.0372831 -0.477679
v 0.64117 -0.0179851 -0.482686
v 0.615123 -0.0101872 -0.462801
v 0.592097 -0.00528845 -0.443197
v 0.596873 -0.0239133 -0.439689
v 0.571239 -0.00359813 -0.424318
v 0.577106 -0.0216892 -0.421357
v 0.601375 -0.0436885 -0.438398
v 0.622394 -0.0494416 -0.456748
v 0.605418 -0.0628639 -0.439063
v 0.625922 -0.0689866 -0.456978
v 0.582469 -0.0408879 -0.420488
v 0.587054 -0.0595491 -0.421479
v 0.646327 -0.0577266 -0.475131
v 0.649318 -0.0774532 -0.474821
v -1.33733 -0.0292345 -0.458604
v -1.34097 -0.0494416 -0.456748
v -1.31995 -0.0436885 -0.438398
v -1.31545 -0.0239133 -0.439689
v -1.30105 -0.0408879 -0.420488
v -1.29568 -0.0216892 -0.421357
v -1.3445 -0.0689866 -0.456978
v -1.32399 -0.0628639 -0.439063
v -1.30563 -0.0595491 -0.421479
v -1.31067 -0.00528845 -0.443197
v -1.3337 -0.0101872 -0.462801
v -1.28982 -0.00359813 -0.424318
v -1.35975 -0.0179851 -0.482686
v -1.36215 -0.0372831 -0.477679
v -1.3649 -0.0577266 -0.475131
v -1.36789 -0.0774532 -0.474821
v 0.334467 -0.0946966 -0.0120077
v 0.351723 -0.0536494 -0.0114515
v 0.33349 -0.041126 0.0204363
v 0.312007 -0.0928087 0.0127442
v 0.375154 -0.00974395 -0.0241136
v 0.361306 0.0113979 0.0126774
v 0.29913 -0.137541 -0.000635641
v 0.325773 -0.129856 -0.0189553
v 0.300672 -0.169965 -0.0121503
v 0.328652 -0.155788 -0.0251514
v 0.345583 -0.127918 -0.0411887
v 0.349294 -0.0985928 -0.0359973
v 0.358623 -0.128618 -0.0636107
v 0.358177 -0.103468 -0.0580204
v 0.351655 -0.149864 -0.0457444
v 0.371794 -0.152062 -0.0739543
v 0.361802 -0.0646824 -0.0385676
v 0.381079 -0.0269764 -0.0538355
v 0.366471 -0.0751439 -0.0618694
v 0.382101 -0.0428342 -0.0785733
v -1.05304 -0.0946966 -0.0120077
v -1.06787 -0.0985928 -0.0359973
v -1.06416 -0.127918 -0.0411887
v -1.04435 -0.129856 -0.0189553
v -1.07023 -0.149864 -0.0457444
v -1.04723 -0.155788 -0.0251514
v -1.07675 -0.103468 -0.0580204
v -1.0772 -0.128618 -0.0636107
v -1.09037 -0.152062 -0.0739543
v -1.01771 -0.137541 -0.000635641
v -1.03058 -0.0928087 0.0127442
v -1.01925 -0.169965 -0.0121503
v -1.05207 -0.041126 0.0204363
v -1.0703 -0.0536494 -0.0114515
v -1.07988 0.0113979 0.0126774
v -1.09373 -0.00974395 -0.0241136
v -1.08038 -0.0646824 -0.0385676
v -1.08505 -0.0751439 -0.0618694
v -1.09966 -0.0269764 -0.0538355
v -1.10068 -0.0428342 -0.0785733
v 0.375056 -0.175852 -0.0190396
v 0.346118 -0.169151 -0.0234562
v 0.322445 -0.184726 -0.014253
v 0.357494 -0.190496 -0.0121213
v 0.304334 -0.208761 -0.0208664
v 0.345142 -0.212204 -0.0181611
v 0.39886 -0.195942 -0.0109359
v 0.412357 -0.181799 -0.0170724
v 0.389781 -0.216629 -0.0159572
v 0.428615 -0.1739 -0.0308342
v 0.394633 -0.168043 -0.0341617
v 0.445979 -0.171946 -0.0486915
v 0.414957 -0.166927 -0.0532412
v 0.368492 -0.161635 -0.0412675
v 0.390432 -0.162125 -0.0624987
v -1.09363 -0.175852 -0.0190396
v -1.11321 -0.168043 -0.0341617
v -1.14719 -0.1739 -0.0308342
v -1.13093 -0.181799 -0.0170724
v -1.13353 -0.166927 -0.0532412
v -1.16456 -0.171946 -0.0486915
v -1.11744 -0.195942 -0.0109359
v -1.07607 -0.190496 -0.0121213
v -1.10836 -0.216629 -0.0159572
v -1.06372 -0.212204 -0.0181611
v -1.04102 -0.184726 -0.014253
v -1.06469 -0.169151 -0.0234562
v -1.02291 -0.208761 -0.0208664
v -1.08707 -0.161635 -0.0412675
v -1.10901 -0.162125 -0.0624987
v 0.428793 0.0795929 -0.101019
v 0.449834 0.129101 -0.148125
v 0.444606 0.152987 -0.111481
v 0.422992 0.104544 -0.0658877
v 0.393183 0.0586514 -0.0203001
v 0.402372 0.0339904 -0.056826
v 0.405096 0.0137322 -0.0867397
v 0.430069 0.0581424 -0.131388
v 0.403662 -0.00572259 -0.111544
v 0.427708 0.0355864 -0.156285
v 0.452211 0.106954 -0.181891
v 0.450795 0.0804911 -0.208299
v -1.14737 0.0795929 -0.101019
v -1.14864 0.0581424 -0.131388
v -1.12367 0.0137322 -0.0867397
v -1.12095 0.0339904 -0.056826
v -1.14628 0.0355864 -0.156285
v -1.12224 -0.00572259 -0.111544
v -1.11176 0.0586514 -0.0203001
v -1.14157 0.104544 -0.0658877
v -1.16318 0.152987 -0.111481
v -1.16841 0.129101 -0.148125
v -1.17079 0.106954 -0.181891
v -1.16937 0.0804911 -0.208299
v 0.51142 0.0221927 -0.408724
v 0.504058 0.0207521 -0.419896
v 0.487895 0.0232812 -0.402521
v 0.495315 0.0200632 -0.390515
v 0.476885 0.0318296 -0.384503
v 0.483201 0.0207017 -0.372017
v 0.496232 0.00862659 -0.433797
v 0.479784 0.0142121 -0.41866
v 0.501979 0.0113582 -0.382378
v 0.518497 0.0162394 -0.400178
v 0.508846 -0.00138997 -0.377033
v 0.525726 0.00484356 -0.393956
v 0.48846 0.00718004 -0.364486
v 0.494151 -0.00817037 -0.360146
v 0.537654 0.020466 -0.418374
v 0.53078 0.0254664 -0.427633
v 0.544566 0.00954722 -0.411339
v 0.523769 0.0226824 -0.439029
v 0.516444 0.010248 -0.452475
v -1.23 0.0221927 -0.408724
v -1.24936 0.0254664 -0.427633
v -1.25623 0.020466 -0.418374
v -1.23707 0.0162394 -0.400178
v -1.26314 0.00954722 -0.411339
v -1.2443 0.00484356 -0.393956
v -1.22056 0.0113582 -0.382378
v -1.21389 0.0200632 -0.390515
v -1.20704 0.00718004 -0.364486
v -1.20178 0.0207017 -0.372017
v -1.22742 -0.00138997 -0.377033
v -1.21273 -0.00817037 -0.360146
v -1.20647 0.0232812 -0.402521
v -1.22263 0.0207521 -0.419896
v -1.19836 0.0142121 -0.41866
v -1.21481 0.00862659 -0.433797
v -1.19546 0.0318296 -0.384503
v -1.24235 0.0226824 -0.439029
v -1.23502 0.010248 -0.452475
v 0.452895 -0.182173 -0.0899806
v 0.434763 -0.172361 -0.0720272
v 0.462795 -0.175639 -0.0671105
v 0.478206 -0.183425 -0.0852865
v 0.491359 -0.193751 -0.102412
v 0.468196 -0.194189 -0.106561
v 0.501399 -0.205063 -0.117681
v 0.479778 -0.206749 -0.121166
v 0.451076 -0.197629 -0.115422
v 0.433665 -0.183547 -0.0996178
v 0.440242 -0.200915 -0.126276
v 0.421124 -0.18496 -0.111618
v 0.464168 -0.211437 -0.129102
v 0.454814 -0.215799 -0.13885
v 0.412804 -0.17057 -0.0819625
v 0.398621 -0.168978 -0.0949198
v -1.17147 -0.182173 -0.0899806
v -1.15224 -0.183547 -0.0996178
v -1.16965 -0.197629 -0.115422
v -1.18677 -0.194189 -0.106561
v -1.18274 -0.211437 -0.129102
v -1.19835 -0.206749 -0.121166
v -1.1397 -0.18496 -0.111618
v -1.15882 -0.200915 -0.126276
v -1.17339 -0.215799 -0.13885
v -1.20994 -0.193751 -0.102412
v -1.19678 -0.183425 -0.0852865
v -1.21998 -0.205063 -0.117681
v -1.18137 -0.175639 -0.0671105
v -1.15334 -0.172361 -0.0720272
v -1.13138 -0.17057 -0.0819625
v -1.1172 -0.168978 -0.0949198
v 0.415548 -0.180829 -0.135472
v 0.43613 -0.198441 -0.146492
v 0.438777 -0.194458 -0.157225
v 0.417724 -0.176657 -0.148305
v 0.441844 -0.189829 -0.169287
v 0.421055 -0.17286 -0.162607
v 0.453338 -0.214332 -0.156574
v 0.456676 -0.210053 -0.165932
v 0.459705 -0.204444 -0.176549
v 0.396985 -0.156847 -0.13975
v 0.394711 -0.162315 -0.123862
v 0.380641 -0.13635 -0.129715
v 0.377649 -0.143692 -0.111825
v 0.400894 -0.153149 -0.15736
v 0.385482 -0.126561 -0.155168
v 0.393923 -0.166292 -0.108902
v 0.415883 -0.183825 -0.123406
v 0.375225 -0.148048 -0.0946725
v 0.435939 -0.20089 -0.136404
v 0.451961 -0.216505 -0.147776
v -1.13412 -0.180829 -0.135472
v -1.13446 -0.183825 -0.123406
v -1.1125 -0.166292 -0.108902
v -1.11329 -0.162315 -0.123862
v -1.0938 -0.148048 -0.0946725
v -1.09623 -0.143692 -0.111825
v -1.11556 -0.156847 -0.13975
v -1.1363 -0.176657 -0.148305
v -1.11947 -0.153149 -0.15736
v -1.13963 -0.17286 -0.162607
v -1.09922 -0.13635 -0.129715
v -1.10406 -0.126561 -0.155168
v -1.15735 -0.194458 -0.157225
v -1.15471 -0.198441 -0.146492
v -1.17525 -0.210053 -0.165932
v -1.17191 -0.214332 -0.156574
v -1.16042 -0.189829 -0.169287
v -1.17828 -0.204444 -0.176549
v -1.15452 -0.20089 -0.136404
v -1.17054 -0.216505 -0.147776
v 0.426868 -0.170908 -0.196025
v 0.428866 -0.172489 -0.211741
v 0.417323 -0.16364 -0.215011
v 0.412564 -0.158695 -0.197558
v 0.41183 -0.153844 -0.222627
v 0.405096 -0.145476 -0.204963
v 0.4307 -0.176144 -0.225309
v 0.421108 -0.169711 -0.22952
v 0.41714 -0.16223 -0.236922
v 0.406588 -0.154482 -0.177485
v 0.424184 -0.170988 -0.17908
v 0.396856 -0.136619 -0.183637
v 0.443294 -0.185443 -0.183366
v 0.443415 -0.182214 -0.197883
v 0.460155 -0.198279 -0.189114
v 0.458422 -0.192815 -0.20195
v 0.442497 -0.181058 -0.211261
v 0.442144 -0.182538 -0.222793
v 0.454901 -0.189305 -0.213375
v 0.450897 -0.187837 -0.221087
v -1.14544 -0.170908 -0.196025
v -1.16199 -0.182214 -0.197883
v -1.16187 -0.185443 -0.183366
v -1.14276 -0.170988 -0.17908
v -1.177 -0.192815 -0.20195
v -1.17873 -0.198279 -0.189114
v -1.12516 -0.154482 -0.177485
v -1.13114 -0.158695 -0.197558
v -1.11543 -0.136619 -0.183637
v -1.12367 -0.145476 -0.204963
v -1.1359 -0.16364 -0.215011
v -1.14744 -0.172489 -0.211741
v -1.13968 -0.169711 -0.22952
v -1.14928 -0.176144 -0.225309
v -1.13041 -0.153844 -0.222627
v -1.13572 -0.16223 -0.236922
v -1.16107 -0.181058 -0.211261
v -1.17348 -0.189305 -0.213375
v -1.16072 -0.182538 -0.222793
v -1.16947 -0.187837 -0.221087
v 0.420782 -0.116317 -0.241633
v 0.427959 -0.129937 -0.253607
v 0.443752 -0.116875 -0.273024
v 0.436618 -0.101562 -0.26451
v 0.460811 -0.103772 -0.292433
v 0.453582 -0.0873888 -0.286959
v 0.43465 -0.141691 -0.26428
v 0.450618 -0.129794 -0.281219
v 0.467723 -0.117588 -0.298322
v 0.430965 -0.0827608 -0.255912
v 0.41454 -0.0998351 -0.228606
v 0.428539 -0.0593685 -0.247463
v 0.411129 -0.0791352 -0.215388
v 0.447826 -0.0674212 -0.281962
v 0.445331 -0.0428524 -0.277505
v 0.401339 -0.118095 -0.202596
v 0.409055 -0.131152 -0.220719
v 0.395737 -0.101071 -0.184121
v 0.416347 -0.142435 -0.236151
v 0.422572 -0.152697 -0.249012
v -1.13936 -0.116317 -0.241633
v -1.12763 -0.131152 -0.220719
v -1.11992 -0.118095 -0.202596
v -1.13312 -0.0998351 -0.228606
v -1.11431 -0.101071 -0.184121
v -1.12971 -0.0791352 -0.215388
v -1.14954 -0.0827608 -0.255912
v -1.15519 -0.101562 -0.26451
v -1.1664 -0.0674212 -0.281962
v -1.17216 -0.0873888 -0.286959
v -1.14712 -0.0593685 -0.247463
v -1.16391 -0.0428524 -0.277505
v -1.16233 -0.116875 -0.273024
v -1.14654 -0.129937 -0.253607
v -1.16919 -0.129794 -0.281219
v -1.15323 -0.141691 -0.26428
v -1.17939 -0.103772 -0.292433
v -1.1863 -0.117588 -0.298322
v -1.13492 -0.142435 -0.236151
v -1.14115 -0.152697 -0.249012
v 0.482679 -0.0623242 -0.32412
v 0.496272 -0.0515239 -0.340296
v 0.488307 -0.0334617 -0.340929
v 0.475497 -0.0431854 -0.323555
v 0.481868 -0.0145162 -0.342872
v 0.47058 -0.0216166 -0.324088
v 0.510204 -0.041936 -0.355846
v 0.501765 -0.024783 -0.357241
v 0.462337 -0.0543675 -0.304205
v 0.468692 -0.0742943 -0.306585
v 0.458873 -0.030665 -0.302673
v 0.476222 -0.091154 -0.309859
v 0.490566 -0.0792907 -0.325884
v 0.483211 -0.105654 -0.314079
v 0.4976 -0.0943396 -0.328952
v 0.50442 -0.0684517 -0.341084
v 0.518367 -0.058906 -0.356039
v 0.511409 -0.0839959 -0.343405
v 0.525157 -0.0749702 -0.357898
v -1.20126 -0.0623242 -0.32412
v -1.20914 -0.0792907 -0.325884
v -1.1948 -0.091154 -0.309859
v -1.18727 -0.0742943 -0.306585
v -1.21618 -0.0943396 -0.328952
v -1.20179 -0.105654 -0.314079
v -1.18091 -0.0543675 -0.304205
v -1.19407 -0.0431854 -0.323555
v -1.17745 -0.030665 -0.302673
v -1.18916 -0.0216166 -0.324088
v -1.20688 -0.0334617 -0.340929
v -1.21485 -0.0515239 -0.340296
v -1.22034 -0.024783 -0.357241
v -1.22878 -0.041936 -0.355846
v -1.20044 -0.0145162 -0.342872
v -1.223 -0.0684517 -0.341084
v -1.22999 -0.0839959 -0.343405
v -1.23694 -0.058906 -0.356039
v -1.24373 -0.0749702 -0.357898
v 0.54132 -0.0270878 -0.387489
v 0.558604 -0.0229309 -0.404033
v 0.551692 -0.00542325 -0.406614
v 0.533542 -0.0100433 -0.389753
v 0.516872 -0.0167365 -0.373405
v 0.525203 -0.033607 -0.371502
v 0.532985 -0.0509243 -0.37133
v 0.548434 -0.0449578 -0.387083
v 0.539363 -0.067613 -0.372894
v 0.55426 -0.0623232 -0.388452
v 0.564876 -0.0414618 -0.403426
v 0.570079 -0.0595012 -0.404628
v -1.2599 -0.0270878 -0.387489
v -1.26701 -0.0449578 -0.387083
v -1.25156 -0.0509243 -0.37133
v -1.24378 -0.033607 -0.371502
v -1.27284 -0.0623232 -0.388452
v -1.25794 -0.067613 -0.372894
v -1.23545 -0.0167365 -0.373405
v -1.25212 -0.0100433 -0.389753
v -1.27027 -0.00542325 -0.406614
v -1.27718 -0.0229309 -0.404033
v -1.28345 -0.0414618 -0.403426
v -1.28866 -0.0595012 -0.404628
v 0.470357 0.0308965 -0.329742
v 0.471337 0.0644783 -0.338089
v 0.469179 0.0741967 -0.307202
v 0.464032 0.0319025 -0.303089
v 0.461751 0.0697193 -0.269292
v 0.453893 0.0244317 -0.270785
v 0.460017 -0.00247994 -0.301941
v 0.469485 0.00263818 -0.325612
v 0.447887 -0.0126637 -0.273651
v 0.478297 0.00506593 -0.346012
v 0.475814 0.0257386 -0.352238
v 0.472636 0.0479592 -0.36344
v -1.18893 0.0308965 -0.329742
v -1.19439 0.0257386 -0.352238
v -1.19687 0.00506593 -0.346012
v -1.18806 0.00263818 -0.325612
v -1.17859 -0.00247994 -0.301941
v -1.18261 0.0319025 -0.303089
v -1.16646 -0.0126637 -0.273651
v -1.17247 0.0244317 -0.270785
v -1.18776 0.0741967 -0.307202
v -1.18991 0.0644783 -0.338089
v -1.18033 0.0697193 -0.269292
v -1.19121 0.0479592 -0.36344
v 0.416823 -0.0232847 -0.189773
v 0.436993 0.00415844 -0.231331
v 0.444643 0.0436562 -0.222871
v 0.422602 0.00732054 -0.175001
v 0.400376 -0.027969 -0.132742
v 0.396873 -0.0522678 -0.151163
v 0.381241 -0.0598485 -0.10041
v 0.380206 -0.0788475 -0.119887
v 0.394788 -0.0778824 -0.167633
v 0.412445 -0.0528613 -0.20284
v 0.380702 -0.100655 -0.137548
v 0.431087 -0.0302897 -0.239398
v -1.1354 -0.0232847 -0.189773
v -1.13102 -0.0528613 -0.20284
v -1.11336 -0.0778824 -0.167633
v -1.11545 -0.0522678 -0.151163
v -1.09928 -0.100655 -0.137548
v -1.09878 -0.0788475 -0.119887
v -1.11895 -0.027969 -0.132742
v -1.14118 0.00732054 -0.175001
v -1.09982 -0.0598485 -0.10041
v -1.16322 0.0436562 -0.222871
v -1.15557 0.00415844 -0.231331
v -1.14966 -0.0302897 -0.239398
v 0.366459 -0.111245 -0.0917498
v 0.369885 -0.09908 -0.100336
v 0.368475 -0.0859551 -0.0823167
v 0.362803 -0.108287 -0.0768748
v 0.364952 -0.128849 -0.0824947
v 0.368394 -0.125756 -0.0995182
v 0.372774 -0.116486 -0.116356
v -1.08504 -0.111245 -0.0917498
v -1.08846 -0.09908 -0.100336
v -1.09135 -0.116486 -0.116356
v -1.08697 -0.125756 -0.0995182
v -1.08353 -0.128849 -0.0824947
v -1.08138 -0.108287 -0.0768748
v -1.08705 -0.0859551 -0.0823167
v 0.561607 -0.0921147 -0.395032
v 0.577281 -0.0901253 -0.410739
v 0.573787 -0.0755355 -0.407469
v 0.55817 -0.0778494 -0.391516
v 0.594165 -0.0908408 -0.427112
v 0.590587 -0.0760273 -0.424095
v 0.543483 -0.0825968 -0.376204
v 0.546901 -0.0964521 -0.379959
v 0.529475 -0.0894063 -0.361499
v 0.532924 -0.102782 -0.365492
v 0.551173 -0.109752 -0.382867
v 0.566013 -0.105696 -0.397754
v 0.557857 -0.123073 -0.383627
v 0.572829 -0.119168 -0.398441
v 0.537105 -0.115659 -0.368528
v 0.54362 -0.128609 -0.369256
v 0.581844 -0.103833 -0.413224
v 0.598888 -0.104508 -0.429305
v 0.588756 -0.117218 -0.413712
v 0.605853 -0.117548 -0.42945
v -1.28018 -0.0921147 -0.395032
v -1.28459 -0.105696 -0.397754
v -1.26975 -0.109752 -0.382867
v -1.26548 -0.0964521 -0.379959
v -1.25568 -0.115659 -0.368528
v -1.2515 -0.102782 -0.365492
v -1.29141 -0.119168 -0.398441
v -1.27643 -0.123073 -0.383627
v -1.2622 -0.128609 -0.369256
v -1.26206 -0.0825968 -0.376204
v -1.27675 -0.0778494 -0.391516
v -1.24805 -0.0894063 -0.361499
v -1.29236 -0.0755355 -0.407469
v -1.29586 -0.0901253 -0.410739
v -1.30916 -0.0760273 -0.424095
v -1.31274 -0.0908408 -0.427112
v -1.30042 -0.103833 -0.413224
v -1.30733 -0.117218 -0.413712
v -1.31746 -0.104508 -0.429305
v -1.32443 -0.117548 -0.42945
v 0.505893 -0.119997 -0.337947
v 0.519435 -0.110746 -0.351599
v 0.515895 -0.0979072 -0.34737
v 0.502223 -0.107728 -0.333429
v 0.487941 -0.1185 -0.31929
v 0.491756 -0.130189 -0.324205
v 0.47253 -0.129855 -0.304563
v 0.476482 -0.140971 -0.310038
v 0.495998 -0.141213 -0.327533
v 0.510066 -0.131692 -0.341135
v 0.50201 -0.152068 -0.327987
v 0.5162 -0.143353 -0.341623
v 0.48083 -0.151335 -0.313631
v 0.486827 -0.161349 -0.314222
v 0.523586 -0.123074 -0.354709
v 0.529903 -0.135451 -0.355317
v -1.22447 -0.119997 -0.337947
v -1.22864 -0.131692 -0.341135
v -1.21457 -0.141213 -0.327533
v -1.21033 -0.130189 -0.324205
v -1.19941 -0.151335 -0.313631
v -1.19506 -0.140971 -0.310038
v -1.23478 -0.143353 -0.341623
v -1.22059 -0.152068 -0.327987
v -1.2054 -0.161349 -0.314222
v -1.20652 -0.1185 -0.31929
v -1.2208 -0.107728 -0.333429
v -1.19111 -0.129855 -0.304563
v -1.23447 -0.0979072 -0.34737
v -1.23801 -0.110746 -0.351599
v -1.24216 -0.123074 -0.354709
v -1.24848 -0.135451 -0.355317
v 0.443603 -0.162489 -0.280548
v 0.459529 -0.151994 -0.295117
v 0.45547 -0.14142 -0.288862
v 0.439433 -0.152574 -0.273407
v 0.427089 -0.162688 -0.259424
v 0.431409 -0.171684 -0.267439
v 0.421108 -0.171139 -0.248136
v 0.42536 -0.179234 -0.256793
v 0.437044 -0.178956 -0.273103
v 0.448453 -0.171343 -0.28526
v 0.443731 -0.1854 -0.275495
v 0.454832 -0.179443 -0.286863
v 0.431524 -0.185173 -0.263419
v 0.43831 -0.188255 -0.267732
v 0.464015 -0.161758 -0.299155
v 0.470149 -0.17095 -0.300143
v -1.16218 -0.162489 -0.280548
v -1.16703 -0.171343 -0.28526
v -1.15562 -0.178956 -0.273103
v -1.14999 -0.171684 -0.267439
v -1.1501 -0.185173 -0.263419
v -1.14394 -0.179234 -0.256793
v -1.17341 -0.179443 -0.286863
v -1.16231 -0.1854 -0.275495
v -1.15689 -0.188255 -0.267732
v -1.14567 -0.162688 -0.259424
v -1.15801 -0.152574 -0.273407
v -1.13968 -0.171139 -0.248136
v -1.17405 -0.14142 -0.288862
v -1.17811 -0.151994 -0.295117
v -1.18259 -0.161758 -0.299155
v -1.18873 -0.17095 -0.300143
v 0.436191 -0.18925 -0.24431
v 0.427869 -0.184794 -0.249613
v 0.424159 -0.177302 -0.240764
v 0.432894 -0.182289 -0.235809
v 0.443962 -0.187215 -0.231769
v 0.447581 -0.193485 -0.239289
v 0.454779 -0.192155 -0.22651
v 0.459253 -0.198339 -0.232992
v 0.452632 -0.199749 -0.246448
v 0.441335 -0.195356 -0.251886
v 0.460307 -0.204023 -0.253992
v 0.449106 -0.198927 -0.259719
v 0.46458 -0.204816 -0.239605
v 0.472232 -0.209605 -0.246748
v 0.433627 -0.190568 -0.256945
v 0.441412 -0.193361 -0.264418
v -1.15477 -0.18925 -0.24431
v -1.15991 -0.195356 -0.251886
v -1.17121 -0.199749 -0.246448
v -1.16616 -0.193485 -0.239289
v -1.18316 -0.204816 -0.239605
v -1.17783 -0.198339 -0.232992
v -1.16768 -0.198927 -0.259719
v -1.17888 -0.204023 -0.253992
v -1.19081 -0.209605 -0.246748
v -1.16254 -0.187215 -0.231769
v -1.15147 -0.182289 -0.235809
v -1.17336 -0.192155 -0.22651
v -1.14274 -0.177302 -0.240764
v -1.14645 -0.184794 -0.249613
v -1.1522 -0.190568 -0.256945
v -1.15999 -0.193361 -0.264418
v 0.474889 -0.211963 -0.212983
v 0.468424 -0.204649 -0.223861
v 0.462761 -0.197188 -0.217892
v 0.468104 -0.202913 -0.207046
v 0.471004 -0.20993 -0.195101
v 0.478442 -0.219829 -0.201445
v 0.47108 -0.21709 -0.183542
v 0.478736 -0.227359 -0.190424
v 0.485072 -0.227413 -0.208266
v 0.481204 -0.219419 -0.219574
v 0.493495 -0.232116 -0.215686
v 0.489364 -0.224374 -0.226917
v 0.485439 -0.234843 -0.197353
v 0.493953 -0.239132 -0.204484
v 0.474239 -0.21163 -0.230334
v 0.482097 -0.216629 -0.237496
v -1.19347 -0.211963 -0.212983
v -1.19978 -0.219419 -0.219574
v -1.20365 -0.227413 -0.208266
v -1.19702 -0.219829 -0.201445
v -1.20402 -0.234843 -0.197353
v -1.19731 -0.227359 -0.190424
v -1.20794 -0.224374 -0.226917
v -1.21207 -0.232116 -0.215686
v -1.21253 -0.239132 -0.204484
v -1.18958 -0.20993 -0.195101
v -1.18668 -0.202913 -0.207046
v -1.18966 -0.21709 -0.183542
v -1.18134 -0.197188 -0.217892
v -1.187 -0.204649 -0.223861
v -1.19282 -0.21163 -0.230334
v -1.20067 -0.216629 -0.237496
v 0.471084 -0.238011 -0.1729
v 0.475421 -0.233664 -0.181097
v 0.467952 -0.223245 -0.173854
v 0.464053 -0.227683 -0.165364
v 0.461818 -0.229692 -0.157404
v 0.46831 -0.23967 -0.165267
v 0.46368 -0.228563 -0.149302
v 0.469519 -0.238232 -0.157732
v 0.474235 -0.245653 -0.171347
v 0.477236 -0.244832 -0.17921
v 0.481359 -0.247881 -0.175236
v 0.48506 -0.247919 -0.184231
v 0.475012 -0.24383 -0.164245
v 0.480357 -0.245617 -0.168609
v 0.481899 -0.24094 -0.187772
v 0.490199 -0.244701 -0.19399
v -1.18966 -0.238011 -0.1729
v -1.19581 -0.244832 -0.17921
v -1.19281 -0.245653 -0.171347
v -1.18689 -0.23967 -0.165267
v -1.19359 -0.24383 -0.164245
v -1.1881 -0.238232 -0.157732
v -1.20364 -0.247919 -0.184231
v -1.19994 -0.247881 -0.175236
v -1.19893 -0.245617 -0.168609
v -1.18039 -0.229692 -0.157404
v -1.18263 -0.227683 -0.165364
v -1.18226 -0.228563 -0.149302
v -1.18653 -0.223245 -0.173854
v -1.194 -0.233664 -0.181097
v -1.20048 -0.24094 -0.187772
v -1.20878 -0.244701 -0.19399
v 0.491063 -0.227979 -0.143714
v 0.477129 -0.233292 -0.149824
v 0.472072 -0.223583 -0.140387
v 0.486751 -0.218186 -0.133201
v 0.507472 -0.215808 -0.130289
v 0.511241 -0.225417 -0.141574
v 0.533992 -0.219879 -0.134192
v 0.537296 -0.229164 -0.145891
v 0.514369 -0.233325 -0.152874
v 0.494662 -0.235598 -0.153754
v 0.51852 -0.23896 -0.16553
v 0.499044 -0.240929 -0.164622
v 0.540065 -0.23674 -0.157847
v 0.543666 -0.24179 -0.171529
v 0.481682 -0.239789 -0.157963
v 0.486273 -0.243934 -0.166349
v -1.20964 -0.227979 -0.143714
v -1.21324 -0.235598 -0.153754
v -1.23295 -0.233325 -0.152874
v -1.22982 -0.225417 -0.141574
v -1.25864 -0.23674 -0.157847
v -1.25587 -0.229164 -0.145891
v -1.21762 -0.240929 -0.164622
v -1.2371 -0.23896 -0.16553
v -1.26224 -0.24179 -0.171529
v -1.22605 -0.215808 -0.130289
v -1.20533 -0.218186 -0.133201
v -1.25257 -0.219879 -0.134192
v -1.19065 -0.223583 -0.140387
v -1.19571 -0.233292 -0.149824
v -1.20026 -0.239789 -0.157963
v -1.20485 -0.243934 -0.166349
v 0.632931 -0.100957 -0.46152
v 0.656111 -0.109367 -0.478706
v 0.652431 -0.0946025 -0.476529
v 0.629199 -0.0860501 -0.459042
v 0.682688 -0.119354 -0.495311
v 0.679225 -0.104865 -0.493468
v 0.608821 -0.0796947 -0.441425
v 0.612498 -0.0946159 -0.444181
v 0.617366 -0.108066 -0.44603
v 0.637823 -0.114034 -0.462997
v 0.624339 -0.120482 -0.44567
v 0.644583 -0.125608 -0.46205
v 0.660803 -0.12194 -0.479802
v 0.68685 -0.131312 -0.496045
v 0.666952 -0.132513 -0.478268
v 0.691816 -0.140784 -0.494002
v -1.35151 -0.100957 -0.46152
v -1.3564 -0.114034 -0.462997
v -1.33594 -0.108066 -0.44603
v -1.33107 -0.0946159 -0.444181
v -1.36316 -0.125608 -0.46205
v -1.34292 -0.120482 -0.44567
v -1.3274 -0.0796947 -0.441425
v -1.34778 -0.0860501 -0.459042
v -1.37101 -0.0946025 -0.476529
v -1.37469 -0.109367 -0.478706
v -1.3978 -0.104865 -0.493468
v -1.40126 -0.119354 -0.495311
v -1.37938 -0.12194 -0.479802
v -1.38553 -0.132513 -0.478268
v -1.40543 -0.131312 -0.496045
v -1.41039 -0.140784 -0.494002
v 0.745679 -0.142552 -0.523524
v 0.777489 -0.155739 -0.531173
v 0.775722 -0.142833 -0.530582
v 0.743251 -0.129014 -0.522474
v 0.806513 -0.169997 -0.532101
v 0.805324 -0.157768 -0.531788
v 0.710292 -0.116347 -0.509443
v 0.713311 -0.130419 -0.510909
v 0.716508 -0.141677 -0.511324
v 0.74759 -0.153023 -0.523462
v 0.719544 -0.15001 -0.508933
v 0.748116 -0.160143 -0.520404
v 0.777909 -0.165335 -0.53028
v 0.805563 -0.178715 -0.530488
v 0.775513 -0.171134 -0.525766
v 0.800428 -0.183225 -0.524578
v -1.46426 -0.142552 -0.523524
v -1.46617 -0.153023 -0.523462
v -1.43508 -0.141677 -0.511324
v -1.43189 -0.130419 -0.510909
v -1.46669 -0.160143 -0.520404
v -1.43812 -0.15001 -0.508933
v -1.42887 -0.116347 -0.509443
v -1.46183 -0.129014 -0.522474
v -1.4943 -0.142833 -0.530582
v -1.49607 -0.155739 -0.531173
v -1.5239 -0.157768 -0.531788
v -1.52509 -0.169997 -0.532101
v -1.49649 -0.165335 -0.53028
v -1.49409 -0.171134 -0.525766
v -1.52414 -0.178715 -0.530488
v -1.519 -0.183225 -0.524578
v 0.848995 -0.201803 -0.509901
v 0.86143 -0.219414 -0.489543
v 0.860805 -0.209278 -0.488064
v 0.848323 -0.19094 -0.509046
v 0.867313 -0.238208 -0.464857
v 0.866664 -0.228854 -0.462654
v 0.829677 -0.173787 -0.524115
v 0.830519 -0.185341 -0.524548
v 0.828649 -0.193264 -0.522792
v 0.846556 -0.208953 -0.508465
v 0.821554 -0.196657 -0.516399
v 0.838121 -0.211281 -0.502364
v 0.858669 -0.225751 -0.488778
v 0.864375 -0.243627 -0.465003
v 0.849361 -0.226949 -0.483608
v 0.854503 -0.243513 -0.461266
v -1.56757 -0.201803 -0.509901
v -1.56513 -0.208953 -0.508465
v -1.54723 -0.193264 -0.522792
v -1.5491 -0.185341 -0.524548
v -1.5567 -0.211281 -0.502364
v -1.54013 -0.196657 -0.516399
v -1.54825 -0.173787 -0.524115
v -1.5669 -0.19094 -0.509046
v -1.57938 -0.209278 -0.488064
v -1.58001 -0.219414 -0.489543
v -1.58524 -0.228854 -0.462654
v -1.58589 -0.238208 -0.464857
v -1.57725 -0.225751 -0.488778
v -1.56794 -0.226949 -0.483608
v -1.58295 -0.243627 -0.465003
v -1.57308 -0.243513 -0.461266
v 0.857963 -0.277697 -0.407617
v 0.842891 -0.294922 -0.376985
v 0.842097 -0.287922 -0.372462
v 0.857227 -0.270026 -0.403927
v 0.820995 -0.308153 -0.346292
v 0.82014 -0.301561 -0.34083
v 0.865443 -0.24972 -0.4343
v 0.86613 -0.258214 -0.437228
v 0.863063 -0.262551 -0.438409
v 0.854846 -0.280953 -0.409939
v 0.852779 -0.260823 -0.436473
v 0.844398 -0.277572 -0.410036
v 0.839839 -0.297267 -0.380531
v 0.818156 -0.309926 -0.351126
v 0.82957 -0.292451 -0.382763
v 0.808505 -0.304152 -0.355461
v -1.57654 -0.277697 -0.407617
v -1.57342 -0.280953 -0.409939
v -1.58164 -0.262551 -0.438409
v -1.58471 -0.258214 -0.437228
v -1.56297 -0.277572 -0.410036
v -1.57136 -0.260823 -0.436473
v -1.58402 -0.24972 -0.4343
v -1.5758 -0.270026 -0.403927
v -1.56067 -0.287922 -0.372462
v -1.56147 -0.294922 -0.376985
v -1.53872 -0.301561 -0.34083
v -1.53957 -0.308153 -0.346292
v -1.55842 -0.297267 -0.380531
v -1.54815 -0.292451 -0.382763
v -1.53673 -0.309926 -0.351126
v -1.52708 -0.304152 -0.355461
v 0.758588 -0.317154 -0.287489
v 0.721317 -0.312374 -0.25915
v 0.720149 -0.305147 -0.250339
v 0.757579 -0.310343 -0.279806
v 0.682159 -0.301041 -0.231365
v 0.680736 -0.293333 -0.221518
v 0.791438 -0.30909 -0.309958
v 0.792354 -0.315654 -0.316498
v 0.789912 -0.317358 -0.322664
v 0.756702 -0.319206 -0.294979
v 0.781413 -0.311367 -0.328936
v 0.749763 -0.313672 -0.303028
v 0.720119 -0.315108 -0.267907
v 0.681758 -0.304704 -0.241283
v 0.715022 -0.310644 -0.277571
v 0.678661 -0.301861 -0.252403
v -1.47716 -0.317154 -0.287489
v -1.47528 -0.319206 -0.294979
v -1.50849 -0.317358 -0.322664
v -1.51093 -0.315654 -0.316498
v -1.46834 -0.313672 -0.303028
v -1.49999 -0.311367 -0.328936
v -1.51001 -0.30909 -0.309958
v -1.47616 -0.310343 -0.279806
v -1.43873 -0.305147 -0.250339
v -1.43989 -0.312374 -0.25915
v -1.39931 -0.293333 -0.221518
v -1.40074 -0.301041 -0.231365
v -1.4387 -0.315108 -0.267907
v -1.4336 -0.310644 -0.277571
v -1.40033 -0.304704 -0.241283
v -1.39724 -0.301861 -0.252403
v 0.604486 -0.262068 -0.179241
v 0.568858 -0.242771 -0.159156
v 0.566066 -0.233837 -0.147454
v 0.602206 -0.25351 -0.167888
v 0.640926 -0.274732 -0.193305
v 0.642734 -0.282882 -0.204019
v 0.643214 -0.287633 -0.21494
v 0.605846 -0.267926 -0.190904
v 0.642146 -0.2869 -0.22736
v 0.606677 -0.269444 -0.204298
v 0.57101 -0.249618 -0.171198
v 0.573451 -0.25318 -0.185069
v -1.32306 -0.262068 -0.179241
v -1.32442 -0.267926 -0.190904
v -1.36179 -0.287633 -0.21494
v -1.36131 -0.282882 -0.204019
v -1.32525 -0.269444 -0.204298
v -1.36072 -0.2869 -0.22736
v -1.3595 -0.274732 -0.193305
v -1.32078 -0.25351 -0.167888
v -1.28464 -0.233837 -0.147454
v -1.28743 -0.242771 -0.159156
v -1.28959 -0.249618 -0.171198
v -1.29203 -0.25318 -0.185069
v 0.517015 -0.224935 -0.244388
v 0.508571 -0.217012 -0.254664
v 0.493892 -0.218142 -0.245537
v 0.501682 -0.225919 -0.235106
v 0.497936 -0.209047 -0.263982
v 0.483684 -0.210718 -0.25482
v 0.506313 -0.23337 -0.223823
v 0.522327 -0.232208 -0.233011
v 0.507045 -0.239817 -0.211976
v 0.523566 -0.23822 -0.220388
v 0.54034 -0.229653 -0.243587
v 0.534221 -0.2223 -0.255007
v 0.559154 -0.226734 -0.255883
v 0.552158 -0.218894 -0.267206
v 0.542369 -0.235664 -0.230281
v 0.562305 -0.233468 -0.242213
v 0.525081 -0.214084 -0.265093
v 0.513988 -0.205483 -0.274395
v 0.542369 -0.2102 -0.277034
v 0.530841 -0.200913 -0.286218
v -1.23559 -0.224935 -0.244388
v -1.2528 -0.2223 -0.255007
v -1.25892 -0.229653 -0.243587
v -1.2409 -0.232208 -0.233011
v -1.26095 -0.235664 -0.230281
v -1.24214 -0.23822 -0.220388
v -1.27073 -0.218894 -0.267206
v -1.27773 -0.226734 -0.255883
v -1.28088 -0.233468 -0.242213
v -1.22489 -0.23337 -0.223823
v -1.22026 -0.225919 -0.235106
v -1.22562 -0.239817 -0.211976
v -1.21247 -0.218142 -0.245537
v -1.22715 -0.217012 -0.254664
v -1.20226 -0.210718 -0.25482
v -1.21651 -0.209047 -0.263982
v -1.24366 -0.214084 -0.265093
v -1.26095 -0.2102 -0.277034
v -1.23256 -0.205483 -0.274395
v -1.24942 -0.200913 -0.286218
v 0.586724 -0.212256 -0.296554
v 0.576015 -0.202088 -0.305618
v 0.559383 -0.206205 -0.290698
v 0.569682 -0.215594 -0.281229
v 0.563853 -0.191485 -0.314181
v 0.547496 -0.196228 -0.299613
v 0.577571 -0.224481 -0.270235
v 0.595538 -0.222488 -0.286043
v 0.582225 -0.232955 -0.256745
v 0.602012 -0.233282 -0.273135
v 0.613002 -0.22035 -0.302705
v 0.603214 -0.208734 -0.312659
v 0.629909 -0.217663 -0.319621
v 0.619079 -0.204882 -0.32902
v 0.621547 -0.233605 -0.290641
v 0.640712 -0.233083 -0.30852
v 0.592159 -0.197837 -0.321325
v 0.579814 -0.186737 -0.329527
v 0.607707 -0.19344 -0.337352
v 0.595279 -0.182041 -0.345253
v -1.3053 -0.212256 -0.296554
v -1.32179 -0.208734 -0.312659
v -1.33158 -0.22035 -0.302705
v -1.31411 -0.222488 -0.286043
v -1.34012 -0.233605 -0.290641
v -1.32059 -0.233282 -0.273135
v -1.33766 -0.204882 -0.32902
v -1.34849 -0.217663 -0.319621
v -1.35929 -0.233083 -0.30852
v -1.29615 -0.224481 -0.270235
v -1.28826 -0.215594 -0.281229
v -1.3008 -0.232955 -0.256745
v -1.27796 -0.206205 -0.290698
v -1.29459 -0.202088 -0.305618
v -1.26607 -0.196228 -0.299613
v -1.28243 -0.191485 -0.314181
v -1.31074 -0.197837 -0.321325
v -1.32628 -0.19344 -0.337352
v -1.29839 -0.186737 -0.329527
v -1.31386 -0.182041 -0.345253
v 0.648996 -0.196042 -0.360564
v 0.63705 -0.184419 -0.368599
v 0.622554 -0.18889 -0.353228
v 0.63425 -0.200555 -0.345113
v 0.624797 -0.173175 -0.376349
v 0.610149 -0.177451 -0.360961
v 0.646205 -0.214024 -0.33619
v 0.662006 -0.209782 -0.352055
v 0.659389 -0.230871 -0.326031
v 0.677451 -0.227378 -0.34288
v 0.677425 -0.205289 -0.366856
v 0.663585 -0.191633 -0.374995
v 0.692577 -0.200898 -0.380235
v 0.678287 -0.187616 -0.388028
v 0.694774 -0.223012 -0.358772
v 0.71123 -0.218183 -0.373415
v 0.651546 -0.180268 -0.383109
v 0.639598 -0.16942 -0.391117
v 0.666393 -0.176671 -0.396403
v 0.654926 -0.166395 -0.404961
v -1.36757 -0.196042 -0.360564
v -1.38216 -0.191633 -0.374995
v -1.396 -0.205289 -0.366856
v -1.38058 -0.209782 -0.352055
v -1.41335 -0.223012 -0.358772
v -1.39603 -0.227378 -0.34288
v -1.39686 -0.187616 -0.388028
v -1.41115 -0.200898 -0.380235
v -1.42981 -0.218183 -0.373415
v -1.36478 -0.214024 -0.33619
v -1.35283 -0.200555 -0.345113
v -1.37797 -0.230871 -0.326031
v -1.34113 -0.18889 -0.353228
v -1.35563 -0.184419 -0.368599
v -1.32873 -0.177451 -0.360961
v -1.34337 -0.173175 -0.376349
v -1.37012 -0.180268 -0.383109
v -1.38497 -0.176671 -0.396403
v -1.35817 -0.16942 -0.391117
v -1.3735 -0.166395 -0.404961
v 0.709512 -0.182316 -0.410174
v 0.698759 -0.172433 -0.419582
v 0.681941 -0.173866 -0.408123
v 0.69337 -0.184283 -0.39929
v 0.68857 -0.163546 -0.430014
v 0.671153 -0.164307 -0.417581
v 0.707576 -0.196959 -0.391835
v 0.722854 -0.194174 -0.402941
v 0.726695 -0.213297 -0.386514
v 0.741205 -0.209012 -0.399048
v 0.738843 -0.193246 -0.414839
v 0.727389 -0.182399 -0.422085
v 0.757513 -0.195735 -0.427772
v 0.748063 -0.185429 -0.436157
v 0.754797 -0.205987 -0.41199
v 0.765188 -0.204731 -0.422836
v 0.717413 -0.172951 -0.432092
v 0.707464 -0.164506 -0.443292
v 0.73847 -0.175997 -0.446966
v 0.728125 -0.167579 -0.458457
v -1.42809 -0.182316 -0.410174
v -1.44597 -0.182399 -0.422085
v -1.45742 -0.193246 -0.414839
v -1.44143 -0.194174 -0.402941
v -1.47337 -0.205987 -0.41199
v -1.45978 -0.209012 -0.399048
v -1.46664 -0.185429 -0.436157
v -1.47609 -0.195735 -0.427772
v -1.48376 -0.204731 -0.422836
v -1.42615 -0.196959 -0.391835
v -1.41195 -0.184283 -0.39929
v -1.44527 -0.213297 -0.386514
v -1.40052 -0.173866 -0.408123
v -1.41734 -0.172433 -0.419582
v -1.38973 -0.164307 -0.417581
v -1.40715 -0.163546 -0.430014
v -1.43599 -0.172951 -0.432092
v -1.45705 -0.175997 -0.446966
v -1.42604 -0.164506 -0.443292
v -1.4467 -0.167579 -0.458457
v 0.664977 -0.145576 -0.449674
v 0.684777 -0.149058 -0.464043
v 0.675004 -0.141279 -0.472555
v 0.653916 -0.136003 -0.457264
v 0.70554 -0.153847 -0.478501
v 0.697694 -0.147816 -0.487512
v 0.634334 -0.132301 -0.4418
v 0.64622 -0.143537 -0.435265
v 0.616161 -0.130478 -0.426323
v 0.628589 -0.143077 -0.420688
v 0.65887 -0.154201 -0.42691
v 0.676919 -0.154675 -0.440317
v 0.641917 -0.155123 -0.413312
v 0.696091 -0.156671 -0.454116
v 0.716416 -0.160315 -0.468892
v -1.38355 -0.145576 -0.449674
v -1.3955 -0.154675 -0.440317
v -1.37745 -0.154201 -0.42691
v -1.3648 -0.143537 -0.435265
v -1.36049 -0.155123 -0.413312
v -1.34717 -0.143077 -0.420688
v -1.35291 -0.132301 -0.4418
v -1.37249 -0.136003 -0.457264
v -1.33474 -0.130478 -0.426323
v -1.39358 -0.141279 -0.472555
v -1.40335 -0.149058 -0.464043
v -1.41627 -0.147816 -0.487512
v -1.42412 -0.153847 -0.478501
v -1.41467 -0.156671 -0.454116
v -1.43499 -0.160315 -0.468892
v 0.596639 -0.147062 -0.39077
v 0.583499 -0.13311 -0.395848
v 0.568507 -0.136989 -0.380944
v 0.581714 -0.151015 -0.375691
v 0.554073 -0.142195 -0.366327
v 0.567085 -0.155945 -0.360706
v 0.596065 -0.164664 -0.368739
v 0.610866 -0.160571 -0.384004
v 0.581279 -0.169384 -0.353359
v 0.626033 -0.157318 -0.398936
v 0.612163 -0.144334 -0.405812
v 0.5993 -0.130844 -0.410989
v -1.31522 -0.147062 -0.39077
v -1.33074 -0.144334 -0.405812
v -1.34461 -0.157318 -0.398936
v -1.32944 -0.160571 -0.384004
v -1.31464 -0.164664 -0.368739
v -1.30029 -0.151015 -0.375691
v -1.29986 -0.169384 -0.353359
v -1.28566 -0.155945 -0.360706
v -1.28708 -0.136989 -0.380944
v -1.30208 -0.13311 -0.395848
v -1.27265 -0.142195 -0.366327
v -1.31788 -0.130844 -0.410989
v 0.537616 -0.167842 -0.331523
v 0.552448 -0.161605 -0.345946
v 0.539943 -0.14844 -0.352043
v 0.525752 -0.155523 -0.338042
v 0.511134 -0.163246 -0.324276
v 0.522403 -0.174499 -0.317547
v 0.495723 -0.17141 -0.310694
v 0.506622 -0.181421 -0.30413
v 0.534847 -0.185577 -0.308944
v 0.550685 -0.179949 -0.323193
v 0.518626 -0.191287 -0.295611
v 0.566158 -0.174516 -0.338088
v -1.25619 -0.167842 -0.331523
v -1.26926 -0.179949 -0.323193
v -1.25342 -0.185577 -0.308944
v -1.24098 -0.174499 -0.317547
v -1.2372 -0.191287 -0.295611
v -1.2252 -0.181421 -0.30413
v -1.22971 -0.163246 -0.324276
v -1.24433 -0.155523 -0.338042
v -1.2143 -0.17141 -0.310694
v -1.25852 -0.14844 -0.352043
v -1.27102 -0.161605 -0.345946
v -1.28473 -0.174516 -0.338088
v 0.474178 -0.194455 -0.27958
v 0.460286 -0.198287 -0.268988
v 0.471797 -0.204328 -0.262666
v 0.486049 -0.201649 -0.272486
v 0.50201 -0.196974 -0.283462
v 0.490085 -0.188453 -0.291384
v 0.479152 -0.179814 -0.297249
v 0.46359 -0.1871 -0.284671
v 0.451205 -0.19191 -0.273694
v -1.19275 -0.194455 -0.27958
v -1.18217 -0.1871 -0.284671
v -1.19773 -0.179814 -0.297249
v -1.20866 -0.188453 -0.291384
v -1.22059 -0.196974 -0.283462
v -1.20463 -0.201649 -0.272486
v -1.19037 -0.204328 -0.262666
v -1.17886 -0.198287 -0.268988
v -1.16978 -0.19191 -0.273694
v 0.513133 -0.244345 -0.191833
v 0.497103 -0.247042 -0.1879
v 0.491447 -0.246589 -0.176529
v 0.505709 -0.243855 -0.177614
v 0.525356 -0.241758 -0.180882
v 0.532916 -0.24197 -0.197646
v 0.549464 -0.243491 -0.188404
v 0.555686 -0.242341 -0.206876
v 0.539241 -0.239854 -0.21454
v 0.519794 -0.242367 -0.206377
v 0.560558 -0.238835 -0.225345
v 0.503139 -0.24458 -0.199859
v -1.23171 -0.244345 -0.191833
v -1.23837 -0.242367 -0.206377
v -1.25782 -0.239854 -0.21454
v -1.25149 -0.24197 -0.197646
v -1.27913 -0.238835 -0.225345
v -1.27426 -0.242341 -0.206876
v -1.24393 -0.241758 -0.180882
v -1.22429 -0.243855 -0.177614
v -1.26804 -0.243491 -0.188404
v -1.21002 -0.246589 -0.176529
v -1.21568 -0.247042 -0.1879
v -1.22172 -0.24458 -0.199859
v 0.607267 -0.256288 -0.238911
v 0.607372 -0.264977 -0.22084
v 0.639308 -0.278599 -0.242571
v 0.634837 -0.265261 -0.259143
v 0.671993 -0.290052 -0.265854
v 0.662769 -0.272502 -0.280469
v 0.628871 -0.249419 -0.275643
v 0.605701 -0.245135 -0.256883
v 0.652004 -0.252437 -0.295079
v 0.58282 -0.241101 -0.239788
v 0.580676 -0.24788 -0.221059
v 0.577113 -0.252253 -0.202255
v -1.32584 -0.256288 -0.238911
v -1.29925 -0.24788 -0.221059
v -1.3014 -0.241101 -0.239788
v -1.32428 -0.245135 -0.256883
v -1.34745 -0.249419 -0.275643
v -1.35341 -0.265261 -0.259143
v -1.37058 -0.252437 -0.295079
v -1.38135 -0.272502 -0.280469
v -1.35788 -0.278599 -0.242571
v -1.32595 -0.264977 -0.22084
v -1.39057 -0.290052 -0.265854
v -1.29569 -0.252253 -0.202255
v 0.71701 -0.275349 -0.322502
v 0.735614 -0.297718 -0.312383
v 0.764156 -0.294843 -0.335795
v 0.741634 -0.271881 -0.34313
v 0.788921 -0.288105 -0.359422
v 0.763469 -0.265771 -0.363444
v 0.717342 -0.246573 -0.350826
v 0.696704 -0.250567 -0.332849
v 0.736217 -0.241135 -0.367963
v 0.67477 -0.252671 -0.314208
v 0.69044 -0.27571 -0.301602
v 0.704494 -0.296273 -0.289096
v -1.43559 -0.275349 -0.322502
v -1.40902 -0.27571 -0.301602
v -1.39335 -0.252671 -0.314208
v -1.41528 -0.250567 -0.332849
v -1.43592 -0.246573 -0.350826
v -1.46021 -0.271881 -0.34313
v -1.45479 -0.241135 -0.367963
v -1.48205 -0.265771 -0.363444
v -1.48273 -0.294843 -0.335795
v -1.45419 -0.297718 -0.312383
v -1.5075 -0.288105 -0.359422
v -1.42307 -0.296273 -0.289096
v 0.795767 -0.247617 -0.402942
v 0.823138 -0.265328 -0.407053
v 0.831813 -0.251123 -0.430046
v 0.805275 -0.236778 -0.421993
v 0.834346 -0.236265 -0.45182
v 0.809072 -0.22512 -0.440119
v 0.778272 -0.221115 -0.415175
v 0.766983 -0.227836 -0.399661
v 0.78385 -0.213311 -0.429618
v 0.752864 -0.234699 -0.384083
v 0.781673 -0.257482 -0.383403
v 0.808711 -0.277961 -0.383341
v -1.51434 -0.247617 -0.402942
v -1.50025 -0.257482 -0.383403
v -1.47144 -0.234699 -0.384083
v -1.48556 -0.227836 -0.399661
v -1.49685 -0.221115 -0.415175
v -1.52385 -0.236778 -0.421993
v -1.50243 -0.213311 -0.429618
v -1.52765 -0.22512 -0.440119
v -1.55039 -0.251123 -0.430046
v -1.54171 -0.265328 -0.407053
v -1.55292 -0.236265 -0.45182
v -1.52729 -0.277961 -0.383341
v 0.79788 -0.200548 -0.471967
v 0.820809 -0.207676 -0.489221
v 0.806717 -0.194618 -0.50292
v 0.786309 -0.189124 -0.485058
v 0.789063 -0.182831 -0.512
v 0.772267 -0.17899 -0.49518
v 0.762498 -0.182153 -0.465513
v 0.772595 -0.192305 -0.453532
v 0.75084 -0.173156 -0.476542
v 0.780835 -0.203201 -0.441985
v 0.806038 -0.212794 -0.456882
v 0.830348 -0.22167 -0.471866
v -1.51646 -0.200548 -0.471967
v -1.52461 -0.212794 -0.456882
v -1.49941 -0.203201 -0.441985
v -1.49117 -0.192305 -0.453532
v -1.48107 -0.182153 -0.465513
v -1.50489 -0.189124 -0.485058
v -1.46942 -0.173156 -0.476542
v -1.49084 -0.17899 -0.49518
v -1.52529 -0.194618 -0.50292
v -1.53939 -0.207676 -0.489221
v -1.50764 -0.182831 -0.512
v -1.54892 -0.22167 -0.471866
v 0.743584 -0.16472 -0.502809
v 0.746389 -0.163629 -0.512468
v 0.722082 -0.155308 -0.501978
v 0.727186 -0.159804 -0.493175
v 0.737921 -0.16573 -0.485228
v 0.756697 -0.17061 -0.501354
v 0.768835 -0.172652 -0.515496
v -1.46216 -0.16472 -0.502809
v -1.46497 -0.163629 -0.512468
v -1.48741 -0.172652 -0.515496
v -1.47527 -0.17061 -0.501354
v -1.4565 -0.16573 -0.485228
v -1.44576 -0.159804 -0.493175
v -1.44066 -0.155308 -0.501978
v 0.553132 -0.319395 -0.105263
v 0.615573 -0.341225 -0.137217
v 0.614528 -0.318852 -0.111518
v 0.552158 -0.295547 -0.0782155
v 0.679504 -0.358147 -0.173788
v 0.677913 -0.337408 -0.149469
v 0.492366 -0.272194 -0.052507
v 0.493633 -0.297306 -0.0811799
v 0.436717 -0.253498 -0.0373421
v 0.438525 -0.279608 -0.0682211
v 0.497615 -0.312829 -0.124815
v 0.555705 -0.333115 -0.14722
v 0.504039 -0.31075 -0.185047
v 0.559665 -0.328702 -0.206222
v 0.444164 -0.296759 -0.113736
v 0.453235 -0.297074 -0.174702
v 0.617122 -0.353113 -0.177479
v 0.680553 -0.368317 -0.212119
v 0.618968 -0.346654 -0.234733
v 0.680804 -0.360325 -0.267087
v -1.27171 -0.319395 -0.105263
v -1.27428 -0.333115 -0.14722
v -1.21619 -0.312829 -0.124815
v -1.21221 -0.297306 -0.0811799
v -1.16274 -0.296759 -0.113736
v -1.1571 -0.279608 -0.0682211
v -1.27824 -0.328702 -0.206222
v -1.22262 -0.31075 -0.185047
v -1.17181 -0.297074 -0.174702
v -1.21094 -0.272194 -0.052507
v -1.27073 -0.295547 -0.0782155
v -1.15529 -0.253498 -0.0373421
v -1.3331 -0.318852 -0.111518
v -1.33415 -0.341225 -0.137217
v -1.39649 -0.337408 -0.149469
v -1.39808 -0.358147 -0.173788
v -1.3357 -0.353113 -0.177479
v -1.33754 -0.346654 -0.234733
v -1.39913 -0.368317 -0.212119
v -1.39938 -0.360325 -0.267087
v 0.804442 -0.363657 -0.251124
v 0.859376 -0.352916 -0.292109
v 0.853847 -0.337044 -0.273675
v 0.800304 -0.346334 -0.23051
v 0.905236 -0.333623 -0.334785
v 0.898647 -0.318813 -0.318654
v 0.740749 -0.346512 -0.189121
v 0.743472 -0.365513 -0.21172
v 0.744685 -0.374223 -0.247669
v 0.806206 -0.371339 -0.2842
v 0.744029 -0.365438 -0.299793
v 0.805119 -0.362668 -0.332701
v 0.861802 -0.360168 -0.321786
v 0.908158 -0.341216 -0.360498
v 0.860551 -0.352689 -0.365661
v 0.9068 -0.336174 -0.398523
v -1.52302 -0.363657 -0.251124
v -1.52478 -0.371339 -0.2842
v -1.46326 -0.374223 -0.247669
v -1.46205 -0.365513 -0.21172
v -1.5237 -0.362668 -0.332701
v -1.46261 -0.365438 -0.299793
v -1.45933 -0.346512 -0.189121
v -1.51888 -0.346334 -0.23051
v -1.57242 -0.337044 -0.273675
v -1.57795 -0.352916 -0.292109
v -1.61722 -0.318813 -0.318654
v -1.62381 -0.333623 -0.334785
v -1.58038 -0.360168 -0.321786
v -1.57913 -0.352689 -0.365661
v -1.62673 -0.341216 -0.360498
v -1.62538 -0.336174 -0.398523
v 0.960732 -0.273597 -0.424482
v 0.970583 -0.239266 -0.46939
v 0.964473 -0.224423 -0.460089
v 0.953891 -0.259268 -0.413014
v 0.969261 -0.206526 -0.513162
v 0.963786 -0.190505 -0.505558
v 0.931972 -0.291809 -0.365484
v 0.938986 -0.306116 -0.379262
v 0.941961 -0.31499 -0.400408
v 0.963083 -0.284417 -0.440581
v 0.940344 -0.3138 -0.431139
v 0.96072 -0.287232 -0.463887
v 0.971396 -0.252425 -0.480083
v 0.969237 -0.222736 -0.518906
v 0.967467 -0.25814 -0.497148
v 0.965787 -0.234676 -0.521969
v -1.67931 -0.273597 -0.424482
v -1.68166 -0.284417 -0.440581
v -1.66054 -0.31499 -0.400408
v -1.65756 -0.306116 -0.379262
v -1.6793 -0.287232 -0.463887
v -1.65892 -0.3138 -0.431139
v -1.65055 -0.291809 -0.365484
v -1.67247 -0.259268 -0.413014
v -1.68305 -0.224423 -0.460089
v -1.68916 -0.239266 -0.46939
v -1.68236 -0.190505 -0.505558
v -1.68784 -0.206526 -0.513162
v -1.68997 -0.252425 -0.480083
v -1.68604 -0.25814 -0.497148
v -1.68781 -0.222736 -0.518906
v -1.68436 -0.234676 -0.521969
v 0.935948 -0.155178 -0.591599
v 0.90531 -0.13489 -0.619821
v 0.899562 -0.111782 -0.61353
v 0.930072 -0.134671 -0.58525
v 0.866868 -0.117268 -0.636649
v 0.861629 -0.0915955 -0.63014
v 0.9519 -0.16075 -0.548268
v 0.957491 -0.178777 -0.554972
v 0.958945 -0.199073 -0.55704
v 0.939524 -0.179932 -0.590818
v 0.958739 -0.222684 -0.549047
v 0.941906 -0.208324 -0.579079
v 0.909979 -0.163812 -0.616573
v 0.871781 -0.150001 -0.631565
v 0.914343 -0.197564 -0.599755
v 0.877259 -0.189035 -0.609841
v -1.65452 -0.155178 -0.591599
v -1.6581 -0.179932 -0.590818
v -1.67752 -0.199073 -0.55704
v -1.67607 -0.178777 -0.554972
v -1.66048 -0.208324 -0.579079
v -1.67732 -0.222684 -0.549047
v -1.67048 -0.16075 -0.548268
v -1.64865 -0.134671 -0.58525
v -1.61814 -0.111782 -0.61353
v -1.62389 -0.13489 -0.619821
v -1.58021 -0.0915955 -0.63014
v -1.58544 -0.117268 -0.636649
v -1.62856 -0.163812 -0.616573
v -1.63292 -0.197564 -0.599755
v -1.59036 -0.150001 -0.631565
v -1.59584 -0.189035 -0.609841
v 0.773169 -0.0877968 -0.63033
v 0.723346 -0.0753322 -0.613539
v 0.721584 -0.0438222 -0.605391
v 0.769954 -0.0577454 -0.622754
v 0.675163 -0.0639722 -0.591897
v 0.675105 -0.031729 -0.58334
v 0.817531 -0.0736265 -0.632109
v 0.821915 -0.101673 -0.639093
v 0.826401 -0.137791 -0.633049
v 0.77665 -0.126684 -0.623939
v 0.831864 -0.181366 -0.608106
v 0.781155 -0.173873 -0.597046
v 0.725337 -0.116181 -0.607147
v 0.675273 -0.105786 -0.585583
v 0.72813 -0.165872 -0.579158
v 0.675784 -0.15668 -0.556938
v -1.49175 -0.0877968 -0.63033
v -1.49523 -0.126684 -0.623939
v -1.54498 -0.137791 -0.633049
v -1.54049 -0.101673 -0.639093
v -1.49973 -0.173873 -0.597046
v -1.55044 -0.181366 -0.608106
v -1.53611 -0.0736265 -0.632109
v -1.48853 -0.0577454 -0.622754
v -1.44016 -0.0438222 -0.605391
v -1.44192 -0.0753322 -0.613539
v -1.39368 -0.031729 -0.58334
v -1.39374 -0.0639722 -0.591897
v -1.44391 -0.116181 -0.607147
v -1.44671 -0.165872 -0.579158
v -1.39385 -0.105786 -0.585583
v -1.39436 -0.15668 -0.556938
v 0.591869 -0.0450507 -0.544556
v 0.556766 -0.0402967 -0.520771
v 0.562587 -0.00903504 -0.51203
v 0.595744 -0.0134876 -0.53589
v 0.526031 -0.0405549 -0.498187
v 0.533595 -0.00882487 -0.489106
v 0.633205 -0.0213349 -0.559917
v 0.631335 -0.05341 -0.568584
v 0.629268 -0.0949974 -0.562159
v 0.587474 -0.0858405 -0.538112
v 0.627116 -0.145615 -0.532882
v 0.582446 -0.135304 -0.508622
v 0.550044 -0.0803383 -0.514681
v 0.517131 -0.0805118 -0.493103
v 0.542094 -0.128383 -0.485792
v 0.506381 -0.127481 -0.466025
v -1.31045 -0.0450507 -0.544556
v -1.30605 -0.0858405 -0.538112
v -1.34784 -0.0949974 -0.562159
v -1.34991 -0.05341 -0.568584
v -1.30102 -0.135304 -0.508622
v -1.34569 -0.145615 -0.532882
v -1.35178 -0.0213349 -0.559917
v -1.31432 -0.0134876 -0.53589
v -1.28116 -0.00903504 -0.51203
v -1.27534 -0.0402967 -0.520771
v -1.25217 -0.00882487 -0.489106
v -1.24461 -0.0405549 -0.498187
v -1.26862 -0.0803383 -0.514681
v -1.26067 -0.128383 -0.485792
v -1.23571 -0.0805118 -0.493103
v -1.22496 -0.127481 -0.466025
v 0.570628 -0.250025 -0.369226
v 0.576671 -0.192887 -0.448145
v 0.624995 -0.204778 -0.472991
v 0.62292 -0.263797 -0.394998
v 0.677043 -0.216169 -0.498503
v 0.6786 -0.275664 -0.422542
v 0.620906 -0.313986 -0.311409
v 0.5648 -0.298151 -0.284404
v 0.680003 -0.326578 -0.341315
v 0.51263 -0.283053 -0.263511
v 0.522456 -0.237953 -0.347957
v 0.465343 -0.272675 -0.251938
v 0.479137 -0.231191 -0.333918
v 0.532588 -0.183659 -0.426134
v 0.493266 -0.180251 -0.409122
v -1.2892 -0.250025 -0.369226
v -1.24103 -0.237953 -0.347957
v -1.23121 -0.283053 -0.263511
v -1.28338 -0.298151 -0.284404
v -1.19771 -0.231191 -0.333918
v -1.18392 -0.272675 -0.251938
v -1.33948 -0.313986 -0.311409
v -1.3415 -0.263797 -0.394998
v -1.39858 -0.326578 -0.341315
v -1.39718 -0.275664 -0.422542
v -1.34357 -0.204778 -0.472991
v -1.29525 -0.192887 -0.448145
v -1.39562 -0.216169 -0.498503
v -1.25116 -0.183659 -0.426134
v -1.21184 -0.180251 -0.409122
v 0.794348 -0.283772 -0.473506
v 0.736934 -0.282017 -0.449129
v 0.732295 -0.223904 -0.522514
v 0.787443 -0.228828 -0.543114
v 0.839178 -0.231782 -0.55839
v 0.847265 -0.281846 -0.494414
v 0.884191 -0.233612 -0.566433
v 0.892111 -0.277154 -0.510598
v 0.855047 -0.324365 -0.426687
v 0.800703 -0.330933 -0.399585
v 0.900549 -0.313081 -0.451593
v 0.741145 -0.331949 -0.370918
v -1.51292 -0.283772 -0.473506
v -1.51928 -0.330933 -0.399585
v -1.57362 -0.324365 -0.426687
v -1.56584 -0.281846 -0.494414
v -1.61913 -0.313081 -0.451593
v -1.61069 -0.277154 -0.510598
v -1.55775 -0.231782 -0.55839
v -1.50602 -0.228828 -0.543114
v -1.60277 -0.233612 -0.566433
v -1.45087 -0.223904 -0.522514
v -1.45551 -0.282017 -0.449129
v -1.45972 -0.331949 -0.370918
v 0.94218 -0.263097 -0.524083
v 0.925309 -0.270611 -0.520802
v 0.919175 -0.235163 -0.565329
v 0.944203 -0.239741 -0.55255
v 0.959352 -0.250656 -0.525563
v 0.953419 -0.277548 -0.496977
v 0.933579 -0.297915 -0.473671
v -1.66076 -0.263097 -0.524083
v -1.64389 -0.270611 -0.520802
v -1.65216 -0.297915 -0.473671
v -1.672 -0.277548 -0.496977
v -1.67793 -0.250656 -0.525563
v -1.66278 -0.239741 -0.55255
v -1.63775 -0.235163 -0.565329
v 0.477615 -0.0543299 -0.462732
v 0.464763 -0.0987065 -0.46306
v 0.444208 -0.106219 -0.462269
v 0.459815 -0.0558669 -0.456334
v 0.44868 -0.147413 -0.443986
v 0.424386 -0.159805 -0.448532
v 0.471049 -0.0139478 -0.439198
v 0.487762 -0.0174762 -0.450527
v 0.508632 -0.013704 -0.467884
v 0.499667 -0.047229 -0.477762
v 0.488887 -0.0883861 -0.474617
v 0.475627 -0.135232 -0.450953
v -1.19619 -0.0543299 -0.462732
v -1.21824 -0.047229 -0.477762
v -1.22721 -0.013704 -0.467884
v -1.20634 -0.0174762 -0.450527
v -1.18963 -0.0139478 -0.439198
v -1.17839 -0.0558669 -0.456334
v -1.16278 -0.106219 -0.462269
v -1.18334 -0.0987065 -0.46306
v -1.14296 -0.159805 -0.448532
v -1.16726 -0.147413 -0.443986
v -1.20746 -0.0883861 -0.474617
v -1.1942 -0.135232 -0.450953
v 0.407375 -0.242239 -0.334655
v 0.375178 -0.255682 -0.347295
v 0.400507 -0.211431 -0.406649
v 0.428843 -0.197256 -0.39799
v 0.459224 -0.185822 -0.399278
v 0.441402 -0.233348 -0.32984
v 0.423885 -0.270994 -0.252891
v 0.386394 -0.276366 -0.263562
v 0.408397 -0.291952 -0.178678
v 0.367816 -0.293989 -0.193075
v 0.351009 -0.287143 -0.281144
v 0.329784 -0.301788 -0.213989
v -1.12595 -0.242239 -0.334655
v -1.10497 -0.276366 -0.263562
v -1.14246 -0.270994 -0.252891
v -1.15998 -0.233348 -0.32984
v -1.08639 -0.293989 -0.193075
v -1.12697 -0.291952 -0.178678
v -1.1778 -0.185822 -0.399278
v -1.14742 -0.197256 -0.39799
v -1.11908 -0.211431 -0.406649
v -1.09375 -0.255682 -0.347295
v -1.06959 -0.287143 -0.281144
v -1.04836 -0.301788 -0.213989
v 0.344417 -0.269591 -0.0806258
v 0.341198 -0.241204 -0.0419112
v 0.298642 -0.241653 -0.0505032
v 0.302562 -0.273798 -0.096359
v 0.313289 -0.295592 -0.151625
v 0.353557 -0.289459 -0.131554
v 0.396663 -0.289408 -0.117453
v 0.389262 -0.270949 -0.0696415
v 0.386775 -0.24416 -0.0356679
v -1.06299 -0.269591 -0.0806258
v -1.10784 -0.270949 -0.0696415
v -1.11524 -0.289408 -0.117453
v -1.07213 -0.289459 -0.131554
v -1.03187 -0.295592 -0.151625
v -1.02114 -0.273798 -0.096359
v -1.01722 -0.241653 -0.0505032
v -1.05977 -0.241204 -0.0419112
v -1.10535 -0.24416 -0.0356679
vt 0.5265 0.844254
vt 0.530676 0.849474
vt 0.524815 0.852431
vt 0.521291 0.848055
vt 0.518939 0.855454
vt 0.516061 0.851849
vt 0.533753 0.855397
vt 0.527439 0.857507
vt 0.521096 0.859664
vt 0.516997 0.844526
vt 0.521376 0.839819
vt 0.512064 0.841994
vt 0.515529 0.836604
vt 0.512553 0.848968
vt 0.508503 0.846931
vt 0.525628 0.83458
vt 0.531671 0.84044
vt 0.530145 0.829779
vt 0.536897 0.836914
vt 0.518801 0.830309
vt 0.521463 0.821002
vt 0.536504 0.84665
vt 0.540012 0.85338
vt 0.542285 0.844024
vt 0.546185 0.8515
vt 0.697132 0.856107
vt 0.702721 0.851906
vt 0.70568 0.858461
vt 0.699718 0.861841
vt 0.707956 0.865484
vt 0.701705 0.868002
vt 0.708434 0.847803
vt 0.71174 0.855104
vt 0.714285 0.862918
vt 0.693821 0.865237
vt 0.691626 0.860374
vt 0.687957 0.868641
vt 0.68616 0.864673
vt 0.695505 0.870488
vt 0.68933 0.872958
vt 0.689088 0.855769
vt 0.694147 0.850657
vt 0.68638 0.851292
vt 0.690962 0.845349
vt 0.68408 0.860939
vt 0.681859 0.85732
vt 0.699307 0.845663
vt 0.70462 0.840844
vt 0.695666 0.839575
vt 0.700553 0.834055
vt 0.547682 0.831386
vt 0.55367 0.8395
vt 0.548001 0.841663
vt 0.542272 0.83398
vt 0.558221 0.848249
vt 0.552245 0.849805
vt 0.535321 0.826387
vt 0.540679 0.823643
vt 0.527759 0.818839
vt 0.533169 0.816084
vt 0.545742 0.820788
vt 0.553011 0.828885
vt 0.550658 0.817877
vt 0.5583 0.826429
vt 0.537986 0.812934
vt 0.542508 0.809587
vt 0.559306 0.837469
vt 0.56414 0.846785
vt 0.564926 0.835505
vt 0.570031 0.845367
vt 0.72031 0.839959
vt 0.726393 0.836152
vt 0.730569 0.84519
vt 0.724217 0.848477
vt 0.733781 0.854896
vt 0.727223 0.857608
vt 0.732516 0.832378
vt 0.736955 0.841912
vt 0.740365 0.852169
vt 0.717929 0.851779
vt 0.71431 0.843832
vt 0.720715 0.860287
vt 0.710136 0.83626
vt 0.715804 0.831851
vt 0.705683 0.828874
vt 0.710997 0.823947
vt 0.721573 0.82756
vt 0.727393 0.823327
vt 0.716432 0.81919
vt 0.721928 0.814517
vt 0.732294 0.958187
vt 0.732251 0.947959
vt 0.73788 0.948286
vt 0.737948 0.957857
vt 0.743509 0.948613
vt 0.743602 0.957527
vt 0.732209 0.937732
vt 0.737812 0.938715
vt 0.743415 0.939698
vt 0.738016 0.967428
vt 0.732337 0.968414
vt 0.738085 0.976999
vt 0.73238 0.978642
vt 0.743696 0.966442
vt 0.74379 0.975356
vt 0.726657 0.969401
vt 0.72664 0.958517
vt 0.720978 0.970387
vt 0.720986 0.958846
vt 0.726675 0.980285
vt 0.720969 0.981927
vt 0.726623 0.947633
vt 0.726605 0.936749
vt 0.720994 0.947306
vt 0.721002 0.935766
vt 0.729648 0.877905
vt 0.736366 0.876532
vt 0.735779 0.887558
vt 0.729101 0.888229
vt 0.733965 0.898123
vt 0.727403 0.898109
vt 0.743102 0.875099
vt 0.742474 0.886809
vt 0.740549 0.89804
vt 0.722461 0.888742
vt 0.722968 0.879159
vt 0.715875 0.889019
vt 0.716342 0.880235
vt 0.720883 0.897903
vt 0.714426 0.897407
vt 0.72239 0.869544
vt 0.729028 0.867557
vt 0.715815 0.871414
vt 0.735707 0.865494
vt 0.742406 0.863392
vt 0.502437 0.834566
vt 0.509185 0.835044
vt 0.506625 0.840606
vt 0.500807 0.840077
vt 0.504001 0.845859
vt 0.49916 0.84551
vt 0.494734 0.840119
vt 0.495377 0.834594
vt 0.488536 0.840448
vt 0.48816 0.834877
vt 0.494092 0.845644
vt 0.488911 0.84602
vt 0.496019 0.829069
vt 0.504036 0.8289
vt 0.496661 0.823544
vt 0.505619 0.823157
vt 0.487784 0.829305
vt 0.487408 0.823734
vt 0.511617 0.828864
vt 0.513984 0.822375
vt 0.703291 0.881731
vt 0.709789 0.881072
vt 0.709363 0.88898
vt 0.702905 0.888704
vt 0.708054 0.896524
vt 0.701746 0.895351
vt 0.696485 0.888271
vt 0.696829 0.882272
vt 0.690083 0.887759
vt 0.690386 0.882752
vt 0.695479 0.893986
vt 0.689234 0.892524
vt 0.696505 0.876255
vt 0.702893 0.874731
vt 0.690137 0.87774
vt 0.709323 0.873131
vt 0.946118 0.408574
vt 0.945062 0.415559
vt 0.93966 0.412345
vt 0.940516 0.406432
vt 0.934309 0.409071
vt 0.934962 0.404257
vt 0.943865 0.422591
vt 0.938685 0.418297
vt 0.933562 0.41392
vt 0.941138 0.4006
vt 0.946892 0.401683
vt 0.941406 0.394888
vt 0.947241 0.394931
vt 0.935427 0.39951
vt 0.935609 0.394865
vt 0.952731 0.402752
vt 0.951814 0.410651
vt 0.958698 0.403801
vt 0.957652 0.412629
vt 0.953154 0.395013
vt 0.959183 0.395154
vt 0.950569 0.418657
vt 0.94916 0.426716
vt 0.956232 0.421578
vt 0.954625 0.430588
vt 0.697318 0.906932
vt 0.703035 0.909709
vt 0.699761 0.915696
vt 0.694433 0.912177
vt 0.696268 0.92151
vt 0.691356 0.917266
vt 0.708857 0.912104
vt 0.705222 0.918791
vt 0.701344 0.925289
vt 0.689193 0.908375
vt 0.69167 0.9039
vt 0.683998 0.904432
vt 0.686058 0.900741
vt 0.686553 0.912712
vt 0.681805 0.908004
vt 0.69382 0.89915
vt 0.699819 0.901375
vt 0.687848 0.896811
vt 0.705872 0.903376
vt 0.712006 0.905039
vt 0.969847 0.416224
vt 0.968131 0.426777
vt 0.962103 0.424266
vt 0.963678 0.414476
vt 0.966185 0.437406
vt 0.96032 0.434123
vt 0.964836 0.404823
vt 0.971102 0.405824
vt 0.965367 0.395374
vt 0.971666 0.395652
vt 0.977453 0.406812
vt 0.97611 0.417907
vt 0.983847 0.407793
vt 0.98242 0.419557
vt 0.978042 0.395971
vt 0.984457 0.396308
vt 0.974263 0.429172
vt 0.972165 0.440521
vt 0.980447 0.431507
vt 0.978202 0.443551
vt 0.720885 0.915493
vt 0.727021 0.916741
vt 0.722494 0.925251
vt 0.716633 0.923428
vt 0.717664 0.933533
vt 0.712097 0.931146
vt 0.733192 0.917863
vt 0.728399 0.926934
vt 0.723287 0.935766
vt 0.710861 0.921321
vt 0.714818 0.913989
vt 0.706639 0.92845
vt 0.718247 0.906251
vt 0.724569 0.907125
vt 0.730946 0.907775
vt 0.737349 0.908311
vt 0.97026 0.376147
vt 0.971308 0.385785
vt 0.965062 0.386197
vt 0.964131 0.377224
vt 0.958921 0.386748
vt 0.958098 0.378524
vt 0.962782 0.368388
vt 0.968751 0.366661
vt 0.961224 0.359619
vt 0.967011 0.357251
vt 0.956902 0.37042
vt 0.955519 0.362377
vt 0.974779 0.365139
vt 0.976453 0.375219
vt 0.980836 0.363718
vt 0.982679 0.374364
vt 0.972852 0.355144
vt 0.97872 0.353165
vt 0.977625 0.385468
vt 0.983977 0.385197
vt 0.643072 0.835142
vt 0.648291 0.836432
vt 0.646928 0.846775
vt 0.641818 0.844893
vt 0.644167 0.856833
vt 0.639236 0.85435
vt 0.65344 0.83779
vt 0.651968 0.848698
vt 0.649031 0.859333
vt 0.636566 0.843092
vt 0.637713 0.833989
vt 0.631104 0.841414
vt 0.632144 0.833042
vt 0.634173 0.851902
vt 0.628912 0.849507
vt 0.63803 0.824691
vt 0.643443 0.825195
vt 0.637931 0.815294
vt 0.643371 0.81515
vt 0.632418 0.824483
vt 0.632307 0.815832
vt 0.648723 0.825899
vt 0.653937 0.826701
vt 0.648689 0.81527
vt 0.653945 0.815521
vt 0.946388 0.381939
vt 0.947027 0.388365
vt 0.941203 0.389337
vt 0.940646 0.383907
vt 0.935414 0.390356
vt 0.934936 0.385948
vt 0.939854 0.378557
vt 0.945468 0.375606
vt 0.938944 0.373247
vt 0.944406 0.36932
vt 0.93427 0.381609
vt 0.93351 0.377303
vt 0.951141 0.37286
vt 0.952195 0.38012
vt 0.949922 0.365654
vt 0.952921 0.387487
vt 0.620237 0.831898
vt 0.626296 0.832367
vt 0.62536 0.839898
vt 0.619404 0.838504
vt 0.623386 0.847182
vt 0.617662 0.84491
vt 0.613308 0.837192
vt 0.614038 0.831566
vt 0.607141 0.83592
vt 0.607769 0.831302
vt 0.611806 0.842674
vt 0.605883 0.840455
vt 0.614253 0.825845
vt 0.620463 0.825159
vt 0.614211 0.820076
vt 0.620386 0.818354
vt 0.607977 0.826629
vt 0.607976 0.821928
vt 0.62654 0.824673
vt 0.626438 0.816896
vt 0.954629 0.740568
vt 0.954937 0.747856
vt 0.95115 0.746062
vt 0.950954 0.739499
vt 0.948032 0.744745
vt 0.947886 0.738688
vt 0.955207 0.75505
vt 0.951388 0.752486
vt 0.948243 0.750599
vt 0.950843 0.732658
vt 0.954245 0.733093
vt 0.950775 0.725677
vt 0.953822 0.725524
vt 0.947873 0.732225
vt 0.948249 0.724401
vt 0.957934 0.732775
vt 0.958811 0.741552
vt 0.962387 0.732493
vt 0.963554 0.742495
vt 0.956862 0.723762
vt 0.959365 0.720211
vt 0.959298 0.749859
vt 0.959589 0.75793
vt 0.964137 0.751805
vt 0.964426 0.760769
vt 0.610749 0.856717
vt 0.615522 0.86054
vt 0.610096 0.866161
vt 0.605992 0.8617
vt 0.603985 0.870776
vt 0.600647 0.865791
vt 0.620176 0.864328
vt 0.614138 0.87056
vt 0.607325 0.875675
vt 0.601847 0.857197
vt 0.605895 0.852871
vt 0.597682 0.852672
vt 0.601003 0.849013
vt 0.59731 0.860748
vt 0.593975 0.855676
vt 0.609275 0.847965
vt 0.614708 0.851051
vt 0.603787 0.84488
vt 0.620029 0.854138
vt 0.625185 0.857227
vt 0.974633 0.744268
vt 0.974867 0.754811
vt 0.969358 0.753429
vt 0.968913 0.743443
vt 0.975051 0.765343
vt 0.969609 0.763206
vt 0.968078 0.733039
vt 0.974301 0.7337
vt 0.967396 0.723025
vt 0.974003 0.723351
vt 0.980348 0.733765
vt 0.980463 0.744842
vt 0.986308 0.733532
vt 0.986348 0.745291
vt 0.980215 0.722859
vt 0.986231 0.721958
vt 0.980567 0.756032
vt 0.980665 0.767279
vt 0.986363 0.757172
vt 0.986366 0.769115
vt 0.629046 0.871776
vt 0.633341 0.875459
vt 0.625853 0.883335
vt 0.621996 0.879126
vt 0.617366 0.889794
vt 0.614017 0.885155
vt 0.637597 0.87913
vt 0.629689 0.887524
vt 0.620716 0.894403
vt 0.618098 0.874874
vt 0.62467 0.868069
vt 0.61067 0.880458
vt 0.630118 0.860319
vt 0.634885 0.863414
vt 0.639542 0.866509
vt 0.644142 0.869605
vt 0.973796 0.703791
vt 0.973874 0.713463
vt 0.967408 0.714211
vt 0.967635 0.705777
vt 0.960802 0.714692
vt 0.961439 0.707696
vt 0.967596 0.696903
vt 0.97365 0.69409
vt 0.967425 0.687809
vt 0.973469 0.684374
vt 0.961543 0.699716
vt 0.96138 0.691244
vt 0.979703 0.691277
vt 0.979887 0.701672
vt 0.985757 0.688464
vt 0.985944 0.699485
vt 0.979514 0.680939
vt 0.985558 0.677505
vt 0.98006 0.71218
vt 0.986106 0.71063
vt 0.596271 0.892728
vt 0.598436 0.897857
vt 0.58835 0.900345
vt 0.586829 0.895087
vt 0.578085 0.902392
vt 0.577224 0.897039
vt 0.600648 0.902942
vt 0.58994 0.90555
vt 0.579039 0.907683
vt 0.585447 0.889722
vt 0.594198 0.887508
vt 0.584276 0.884198
vt 0.592264 0.882153
vt 0.576551 0.891563
vt 0.576158 0.885902
vt 0.602654 0.884545
vt 0.605388 0.889553
vt 0.59999 0.879426
vt 0.608168 0.894487
vt 0.610971 0.899384
vt 0.501902 0.905373
vt 0.495106 0.905802
vt 0.494473 0.90078
vt 0.500255 0.90032
vt 0.493839 0.895758
vt 0.49859 0.895346
vt 0.488186 0.905987
vt 0.488607 0.900967
vt 0.489028 0.895947
vt 0.50587 0.899311
vt 0.508447 0.904456
vt 0.511234 0.897481
vt 0.514692 0.902478
vt 0.50322 0.894487
vt 0.507669 0.892957
vt 0.510878 0.910243
vt 0.503512 0.910587
vt 0.513237 0.91635
vt 0.505104 0.91588
vt 0.517933 0.90842
vt 0.520474 0.917471
vt 0.49574 0.910824
vt 0.487766 0.911008
vt 0.496374 0.915846
vt 0.487345 0.916028
vt 0.588906 0.870948
vt 0.590515 0.876618
vt 0.583384 0.878461
vt 0.582701 0.872563
vt 0.576139 0.879995
vt 0.576401 0.873904
vt 0.582158 0.86656
vt 0.587389 0.865188
vt 0.581685 0.860503
vt 0.585918 0.859382
vt 0.576851 0.86769
vt 0.577394 0.861414
vt 0.592465 0.863331
vt 0.594919 0.868782
vt 0.590035 0.857843
vt 0.59742 0.874159
vt 0.525852 0.894074
vt 0.520585 0.898866
vt 0.516265 0.894556
vt 0.520759 0.890692
vt 0.511876 0.890532
vt 0.515654 0.887333
vt 0.524515 0.886044
vt 0.530216 0.888557
vt 0.527331 0.880769
vt 0.533483 0.882411
vt 0.518814 0.883481
vt 0.521167 0.879095
vt 0.535914 0.890968
vt 0.530918 0.897504
vt 0.541608 0.893226
vt 0.536056 0.900696
vt 0.539614 0.88399
vt 0.545712 0.885474
vt 0.524768 0.903748
vt 0.529193 0.90825
vt 0.043814 0.89661
vt 0.038487 0.898469
vt 0.037107 0.890815
vt 0.042622 0.88999
vt 0.03609 0.883065
vt 0.04171 0.883226
vt 0.03283 0.9002
vt 0.031293 0.891698
vt 0.030164 0.88309
vt 0.047963 0.88942
vt 0.048927 0.89472
vt 0.053218 0.888978
vt 0.053932 0.892814
vt 0.047114 0.883818
vt 0.052852 0.886054
vt 0.050113 0.900296
vt 0.04523 0.903255
vt 0.051411 0.906009
vt 0.046757 0.909912
vt 0.054879 0.897259
vt 0.055942 0.902008
vt 0.04011 0.90606
vt 0.034638 0.908633
vt 0.041855 0.913618
vt 0.036581 0.91703
vt 0.54673 0.905743
vt 0.539452 0.913997
vt 0.53424 0.91142
vt 0.541367 0.903365
vt 0.531662 0.922102
vt 0.526516 0.91946
vt 0.547298 0.895282
vt 0.552985 0.897186
vt 0.551765 0.886832
vt 0.557786 0.888096
vt 0.558669 0.898988
vt 0.55203 0.908062
vt 0.564352 0.90074
vt 0.557297 0.910351
vt 0.563785 0.889297
vt 0.569773 0.890466
vt 0.544375 0.916723
vt 0.536212 0.925177
vt 0.549152 0.919521
vt 0.540462 0.92847
vt 0.020286 0.903041
vt 0.013623 0.904263
vt 0.01174 0.893633
vt 0.018504 0.893071
vt 0.010393 0.882869
vt 0.017215 0.882977
vt 0.006848 0.90543
vt 0.00487 0.894159
vt 0.00347 0.882747
vt 0.025057 0.892437
vt 0.026725 0.901705
vt 0.023839 0.883056
vt 0.028693 0.910897
vt 0.022396 0.912929
vt 0.030811 0.92005
vt 0.024669 0.922775
vt 0.015862 0.914806
vt 0.009211 0.916606
vt 0.01828 0.925304
vt 0.011767 0.927736
vt 0.561744 0.868036
vt 0.560704 0.878241
vt 0.554497 0.877676
vt 0.55549 0.868196
vt 0.548228 0.877074
vt 0.54915 0.868377
vt 0.55474 0.858778
vt 0.560915 0.8579
vt 0.548471 0.859735
vt 0.567025 0.857075
vt 0.567942 0.86789
vt 0.573105 0.856277
vt 0.574111 0.867752
vt 0.566869 0.878781
vt 0.573013 0.879309
vt 0.016443 0.862339
vt 0.009661 0.860857
vt 0.009919 0.849697
vt 0.016632 0.851876
vt 0.010356 0.838492
vt 0.016984 0.841372
vt 0.00279 0.859403
vt 0.003125 0.847566
vt 0.003652 0.835682
vt 0.023182 0.85415
vt 0.023051 0.863874
vt 0.029488 0.856568
vt 0.029397 0.86549
vt 0.023462 0.844388
vt 0.029714 0.84761
vt 0.02322 0.873522
vt 0.016583 0.87272
vt 0.029577 0.874343
vt 0.009759 0.87193
vt 0.002841 0.871145
vt 0.536156 0.868815
vt 0.53546 0.875734
vt 0.529003 0.875021
vt 0.52956 0.869058
vt 0.522526 0.874296
vt 0.522936 0.869309
vt 0.52903 0.863135
vt 0.535584 0.86194
vt 0.522444 0.864356
vt 0.542075 0.860798
vt 0.542696 0.868585
vt 0.541875 0.876422
vt 0.040876 0.868936
vt 0.035392 0.867214
vt 0.035468 0.859176
vt 0.040915 0.861738
vt 0.035665 0.851107
vt 0.041101 0.85455
vt 0.045618 0.864015
vt 0.045687 0.870546
vt 0.049371 0.865769
vt 0.04949 0.871783
vt 0.045808 0.857613
vt 0.049571 0.859967
vt 0.04627 0.877337
vt 0.041135 0.876153
vt 0.050248 0.878222
vt 0.035559 0.875187
vt 0.483358 0.819203
vt 0.484299 0.814518
vt 0.485325 0.814606
vt 0.48442 0.819218
vt 0.486352 0.814695
vt 0.485482 0.819232
vt 0.485357 0.809897
vt 0.486351 0.810052
vt 0.487345 0.810207
vt 0.483756 0.823943
vt 0.482652 0.824017
vt 0.483452 0.828841
vt 0.482299 0.829025
vt 0.484859 0.82387
vt 0.484606 0.828656
vt 0.481549 0.824091
vt 0.482296 0.819188
vt 0.480446 0.824165
vt 0.481234 0.819174
vt 0.481146 0.829209
vt 0.479993 0.829393
vt 0.483272 0.814429
vt 0.484363 0.809742
vt 0.482246 0.814341
vt 0.483369 0.809587
vt 0.053505 0.872581
vt 0.054578 0.872608
vt 0.054329 0.877987
vt 0.053427 0.878049
vt 0.05408 0.883366
vt 0.0534 0.883552
vt 0.055412 0.872549
vt 0.055145 0.878016
vt 0.054877 0.883484
vt 0.05235 0.878293
vt 0.051952 0.872384
vt 0.052952 0.884347
vt 0.051963 0.866763
vt 0.053685 0.867186
vt 0.052178 0.861285
vt 0.053916 0.861826
vt 0.054827 0.867229
vt 0.055679 0.867081
vt 0.055076 0.861849
vt 0.055947 0.861613
vt 0.482886 0.83975
vt 0.482417 0.834291
vt 0.483631 0.833967
vt 0.484171 0.839264
vt 0.484846 0.833642
vt 0.485456 0.838778
vt 0.484952 0.844676
vt 0.483591 0.845338
vt 0.485854 0.850145
vt 0.484414 0.850991
vt 0.486313 0.844013
vt 0.487293 0.849298
vt 0.482231 0.846001
vt 0.481602 0.840236
vt 0.48087 0.846663
vt 0.480317 0.840722
vt 0.482975 0.851837
vt 0.481535 0.852683
vt 0.481202 0.834615
vt 0.479987 0.834939
vt 0.154095 0.972747
vt 0.15278 0.973057
vt 0.150638 0.968594
vt 0.152079 0.968373
vt 0.148968 0.963886
vt 0.150495 0.963768
vt 0.151465 0.973368
vt 0.149197 0.968815
vt 0.14744 0.964003
vt 0.153521 0.968152
vt 0.155411 0.972436
vt 0.154962 0.96793
vt 0.156726 0.972125
vt 0.152022 0.963651
vt 0.15355 0.963534
vt 0.157561 0.976577
vt 0.156399 0.976967
vt 0.159843 0.980645
vt 0.158847 0.981111
vt 0.158723 0.976186
vt 0.160838 0.980179
vt 0.155237 0.977358
vt 0.154075 0.977749
vt 0.157852 0.981577
vt 0.156856 0.982043
vt 0.943282 0.71818
vt 0.943302 0.713455
vt 0.944615 0.713889
vt 0.94467 0.718318
vt 0.945928 0.714323
vt 0.946089 0.718412
vt 0.943369 0.70873
vt 0.9447 0.709326
vt 0.946031 0.709923
vt 0.945005 0.72248
vt 0.943358 0.722906
vt 0.94536 0.727011
vt 0.943477 0.727826
vt 0.946775 0.721875
vt 0.941957 0.722974
vt 0.941956 0.717952
vt 0.940679 0.722864
vt 0.940661 0.71768
vt 0.942009 0.728132
vt 0.940749 0.728184
vt 0.941989 0.71302
vt 0.942038 0.708133
vt 0.940675 0.712586
vt 0.940707 0.707537
vt 0.149074 0.9538
vt 0.147522 0.953657
vt 0.14776 0.948468
vt 0.149277 0.948757
vt 0.148648 0.943448
vt 0.150116 0.943888
vt 0.145971 0.953515
vt 0.146244 0.948179
vt 0.14718 0.943008
vt 0.150793 0.949045
vt 0.150625 0.953942
vt 0.15231 0.949334
vt 0.152177 0.954085
vt 0.151584 0.944328
vt 0.153052 0.944768
vt 0.151046 0.958863
vt 0.149486 0.958857
vt 0.152606 0.958868
vt 0.147927 0.958852
vt 0.146367 0.958847
vt 0.943717 0.738638
vt 0.943586 0.733132
vt 0.945478 0.732551
vt 0.945527 0.738477
vt 0.945678 0.74417
vt 0.943898 0.744152
vt 0.94588 0.749747
vt 0.944104 0.749671
vt 0.942499 0.744505
vt 0.942297 0.738942
vt 0.941292 0.745043
vt 0.941072 0.739318
vt 0.942719 0.750112
vt 0.94153 0.750813
vt 0.942128 0.733469
vt 0.940885 0.733683
vt 0.153598 0.935073
vt 0.152227 0.934331
vt 0.154591 0.930065
vt 0.155913 0.930959
vt 0.157118 0.925884
vt 0.158392 0.926929
vt 0.150856 0.933588
vt 0.153268 0.929171
vt 0.155844 0.924839
vt 0.157236 0.931853
vt 0.154969 0.935816
vt 0.158559 0.932747
vt 0.15634 0.936559
vt 0.159667 0.927975
vt 0.160941 0.92902
vt 0.15303 0.939946
vt 0.151611 0.939355
vt 0.15445 0.940538
vt 0.150191 0.938763
vt 0.148772 0.938172
vt 0.9426 0.02386
vt 0.944319 0.018945
vt 0.945531 0.019662
vt 0.94382 0.024416
vt 0.946744 0.020379
vt 0.94504 0.024972
vt 0.946281 0.01403
vt 0.947486 0.014907
vt 0.948691 0.015784
vt 0.942595 0.029167
vt 0.941367 0.028771
vt 0.942101 0.033914
vt 0.940865 0.033679
vt 0.943824 0.029563
vt 0.943337 0.034149
vt 0.940139 0.028375
vt 0.941379 0.023303
vt 0.938911 0.02798
vt 0.940159 0.022747
vt 0.939629 0.033443
vt 0.938393 0.033208
vt 0.943106 0.018229
vt 0.945076 0.013152
vt 0.941894 0.017512
vt 0.943872 0.012275
vt 0.844503 0.046189
vt 0.843052 0.046661
vt 0.842492 0.041612
vt 0.843958 0.041304
vt 0.842241 0.036534
vt 0.843723 0.036388
vt 0.841602 0.047133
vt 0.841025 0.041921
vt 0.840758 0.036679
vt 0.845424 0.040995
vt 0.845953 0.045718
vt 0.846891 0.040687
vt 0.847404 0.045246
vt 0.845206 0.036243
vt 0.846688 0.036097
vt 0.846688 0.050421
vt 0.845254 0.051055
vt 0.847527 0.055113
vt 0.846109 0.055911
vt 0.848123 0.049786
vt 0.848945 0.054316
vt 0.84382 0.05169
vt 0.842385 0.052324
vt 0.84469 0.056708
vt 0.843272 0.057506
vt 0.942539 0.043479
vt 0.941337 0.038581
vt 0.942581 0.038655
vt 0.943791 0.043393
vt 0.943825 0.03873
vt 0.945042 0.043307
vt 0.945487 0.048127
vt 0.944228 0.048374
vt 0.947427 0.052861
vt 0.94616 0.053268
vt 0.946747 0.047881
vt 0.948695 0.052454
vt 0.942968 0.04862
vt 0.941287 0.043564
vt 0.941708 0.048866
vt 0.940035 0.04365
vt 0.944892 0.053674
vt 0.943625 0.054081
vt 0.940093 0.038506
vt 0.938849 0.038431
vt 0.84439 0.026448
vt 0.842875 0.026267
vt 0.843554 0.021099
vt 0.845084 0.021442
vt 0.844336 0.015921
vt 0.845882 0.016427
vt 0.841361 0.026086
vt 0.842023 0.020755
vt 0.842789 0.015414
vt 0.846615 0.021786
vt 0.845904 0.026628
vt 0.848145 0.02213
vt 0.847418 0.026809
vt 0.847429 0.016934
vt 0.848975 0.017441
vt 0.8454 0.031451
vt 0.843901 0.031433
vt 0.846898 0.031468
vt 0.842403 0.031415
vt 0.840905 0.031398
vt 0.747297 0.032181
vt 0.747153 0.037436
vt 0.745875 0.036728
vt 0.7461 0.031646
vt 0.744597 0.03602
vt 0.744902 0.031112
vt 0.746994 0.04272
vt 0.745631 0.041832
vt 0.744267 0.040944
vt 0.746284 0.026609
vt 0.747412 0.026982
vt 0.746408 0.02164
vt 0.747481 0.021868
vt 0.745157 0.026237
vt 0.745335 0.021411
vt 0.748539 0.027354
vt 0.748495 0.032715
vt 0.749667 0.027726
vt 0.749692 0.033249
vt 0.748554 0.022097
vt 0.749627 0.022325
vt 0.748431 0.038144
vt 0.748358 0.043609
vt 0.749709 0.038853
vt 0.749721 0.044497
vt 0.821132 0.945868
vt 0.820008 0.946106
vt 0.819073 0.941272
vt 0.820144 0.941167
vt 0.818804 0.936408
vt 0.819818 0.936427
vt 0.818884 0.946345
vt 0.818003 0.941376
vt 0.81779 0.936389
vt 0.821214 0.941062
vt 0.822255 0.94563
vt 0.822285 0.940958
vt 0.823379 0.945392
vt 0.820832 0.936446
vt 0.821845 0.936465
vt 0.823735 0.950166
vt 0.82256 0.950544
vt 0.825435 0.954686
vt 0.82421 0.955207
vt 0.82491 0.949788
vt 0.826659 0.954164
vt 0.821386 0.950922
vt 0.820211 0.951301
vt 0.822985 0.955729
vt 0.821761 0.95625
vt 0.747456 0.011954
vt 0.747491 0.016868
vt 0.746451 0.01676
vt 0.746434 0.011947
vt 0.745411 0.016651
vt 0.745412 0.01194
vt 0.746376 0.00717902
vt 0.747391 0.00709701
vt 0.746298 0.002433
vt 0.747311 0.00226802
vt 0.745362 0.00726098
vt 0.745286 0.002599
vt 0.748405 0.00701398
vt 0.748478 0.011961
vt 0.74942 0.00693202
vt 0.749499 0.011969
vt 0.748323 0.00210202
vt 0.749336 0.00193602
vt 0.748531 0.016977
vt 0.74957 0.017086
vt 0.821591 0.926808
vt 0.820703 0.926577
vt 0.822429 0.921628
vt 0.82325 0.921953
vt 0.824376 0.91667
vt 0.82513 0.917086
vt 0.819815 0.926347
vt 0.821607 0.921303
vt 0.823622 0.916254
vt 0.824072 0.922278
vt 0.82248 0.927038
vt 0.824893 0.922603
vt 0.823368 0.927269
vt 0.825883 0.917502
vt 0.826637 0.917918
vt 0.821326 0.931766
vt 0.820374 0.931637
vt 0.822279 0.931896
vt 0.819421 0.931507
vt 0.818468 0.931377
vt 0.797709 0.027582
vt 0.795644 0.029991
vt 0.790547 0.027505
vt 0.795598 0.025117
vt 0.787118 0.024054
vt 0.793462 0.021795
vt 0.793646 0.03343
vt 0.787267 0.031073
vt 0.777929 0.02772
vt 0.800959 0.02374
vt 0.801736 0.027673
vt 0.806474 0.022867
vt 0.807024 0.027839
vt 0.799285 0.019864
vt 0.804847 0.018096
vt 0.801025 0.031644
vt 0.799502 0.035672
vt 0.806547 0.03288
vt 0.805097 0.037856
vt 0.352705 0.958073
vt 0.350487 0.957497
vt 0.353168 0.952904
vt 0.355194 0.955469
vt 0.356275 0.948446
vt 0.358573 0.951973
vt 0.348001 0.956168
vt 0.350704 0.950867
vt 0.353506 0.945651
vt 0.356357 0.959008
vt 0.352451 0.961265
vt 0.357039 0.963133
vt 0.352639 0.965195
vt 0.36032 0.95617
vt 0.361435 0.960969
vt 0.34866 0.962361
vt 0.345495 0.961639
vt 0.348231 0.967052
vt 0.342792 0.968767
vt 0.791799 0.01516
vt 0.788376 0.014704
vt 0.790969 0.010493
vt 0.794654 0.012793
vt 0.794041 0.00657701
vt 0.798416 0.00975299
vt 0.784315 0.013764
vt 0.786785 0.00888401
vt 0.789179 0.00432903
vt 0.797305 0.016066
vt 0.792272 0.018129
vt 0.80209 0.013659
vt 0.786743 0.019505
vt 0.781694 0.019294
vt 0.354627 0.971756
vt 0.352728 0.974347
vt 0.349742 0.971127
vt 0.353543 0.968947
vt 0.350355 0.977654
vt 0.34608 0.973649
vt 0.357621 0.967455
vt 0.357662 0.971921
vt 0.361837 0.966306
vt 0.361704 0.972047
vt 0.35672 0.976475
vt 0.355287 0.981074
vt 0.361215 0.978058
vt 0.360549 0.984202
vt 0.778345 0.010631
vt 0.780799 0.012151
vt 0.778098 0.016598
vt 0.77575 0.012574
vt 0.774488 0.019823
vt 0.772318 0.014704
vt 0.774442 0.00837803
vt 0.778522 0.00735998
vt 0.773654 0.00409597
vt 0.778808 0.00314999
vt 0.770458 0.010193
vt 0.768755 0.00598502
vt 0.782636 0.00768399
vt 0.784042 0.00320703
vt 0.816028 0.010226
vt 0.813852 0.012164
vt 0.812867 0.00679898
vt 0.816247 0.00644797
vt 0.812118 0.00111598
vt 0.816509 0.00155801
vt 0.811054 0.014651
vt 0.80946 0.00776398
vt 0.807672 0.000899971
vt 0.819574 0.00732398
vt 0.8179 0.012151
vt 0.822894 0.00891298
vt 0.820635 0.014109
vt 0.82079 0.00245303
vt 0.824907 0.00402701
vt 0.81531 0.01689
vt 0.812262 0.021586
vt 0.817881 0.019926
vt 0.812888 0.028594
vt 0.765679 0.016899
vt 0.768633 0.016104
vt 0.769922 0.020625
vt 0.765176 0.019847
vt 0.769559 0.025176
vt 0.764115 0.023609
vt 0.761026 0.018334
vt 0.763364 0.014876
vt 0.757173 0.016452
vt 0.760385 0.012285
vt 0.759294 0.022305
vt 0.754785 0.021134
vt 0.766637 0.012261
vt 0.764289 0.00875503
vt 0.826808 0.015629
vt 0.823965 0.015179
vt 0.826252 0.010703
vt 0.829211 0.013093
vt 0.828804 0.00650799
vt 0.832311 0.00980502
vt 0.831334 0.016482
vt 0.82709 0.018744
vt 0.832924 0.020482
vt 0.827973 0.022615
vt 0.835259 0.013827
vt 0.837478 0.018486
vt 0.822207 0.020218
vt 0.822229 0.025022
vt 0.760519 0.030066
vt 0.762274 0.027253
vt 0.766598 0.029109
vt 0.76228 0.032316
vt 0.769588 0.032328
vt 0.764138 0.035577
vt 0.757848 0.034689
vt 0.757184 0.030646
vt 0.753359 0.036645
vt 0.752873 0.031453
vt 0.759318 0.038621
vt 0.754812 0.041563
vt 0.75784 0.026464
vt 0.75335 0.026209
vt 0.831583 0.028941
vt 0.829776 0.02623
vt 0.834283 0.024702
vt 0.83493 0.029036
vt 0.838797 0.023691
vt 0.839262 0.029183
vt 0.834386 0.033377
vt 0.829844 0.031569
vt 0.833203 0.037653
vt 0.828202 0.035198
vt 0.838918 0.034704
vt 0.837809 0.039996
vt 0.825283 0.028794
vt 0.822408 0.032518
vt 0.765797 0.042651
vt 0.765237 0.039398
vt 0.770022 0.037206
vt 0.768816 0.042727
vt 0.774733 0.037057
vt 0.772672 0.043474
vt 0.766886 0.047875
vt 0.763487 0.045726
vt 0.764593 0.052836
vt 0.760533 0.049782
vt 0.770917 0.049375
vt 0.769314 0.055018
vt 0.761081 0.042471
vt 0.757239 0.045983
vt 0.827636 0.042526
vt 0.82762 0.03922
vt 0.831938 0.041791
vt 0.830195 0.045325
vt 0.83598 0.0448
vt 0.833507 0.048981
vt 0.827582 0.047789
vt 0.824934 0.042915
vt 0.824494 0.049594
vt 0.821793 0.043952
vt 0.830462 0.052405
vt 0.826921 0.054935
vt 0.82275 0.037524
vt 0.818545 0.037709
vt 0.779251 0.047179
vt 0.776394 0.04528
vt 0.778667 0.040113
vt 0.78176 0.044954
vt 0.782217 0.036558
vt 0.785282 0.042668
vt 0.783944 0.050159
vt 0.779619 0.051159
vt 0.785674 0.055546
vt 0.780141 0.056386
vt 0.788144 0.048293
vt 0.790904 0.053674
vt 0.775219 0.050684
vt 0.774592 0.056206
vt 0.817486 0.047859
vt 0.819236 0.045913
vt 0.821328 0.051149
vt 0.818021 0.051911
vt 0.822957 0.056437
vt 0.818677 0.057168
vt 0.81451 0.051338
vt 0.8151 0.045675
vt 0.810898 0.050096
vt 0.812013 0.042873
vt 0.814186 0.057384
vt 0.809589 0.057343
vt 0.81622 0.040779
vt 0.812741 0.035697
vt 0.792549 0.040749
vt 0.789245 0.041329
vt 0.787222 0.035989
vt 0.792742 0.037397
vt 0.797839 0.039774
vt 0.795556 0.043442
vt 0.802724 0.042636
vt 0.799512 0.047007
vt 0.792169 0.046168
vt 0.795545 0.050757
vt 0.344668 0.951704
vt 0.342521 0.953522
vt 0.342623 0.947634
vt 0.345584 0.947635
vt 0.343246 0.941261
vt 0.346894 0.942259
vt 0.339832 0.955784
vt 0.339502 0.94827
vt 0.339501 0.940463
vt 0.348227 0.948912
vt 0.345977 0.953923
vt 0.350346 0.943656
vt 0.343463 0.958441
vt 0.340819 0.962714
vt 0.926188 0.26914
vt 0.930995 0.268512
vt 0.932902 0.276272
vt 0.927996 0.276774
vt 0.934912 0.283672
vt 0.929689 0.283792
vt 0.935831 0.267772
vt 0.937778 0.275555
vt 0.940096 0.283308
vt 0.92303 0.276845
vt 0.921441 0.269541
vt 0.917976 0.276271
vt 0.916685 0.269497
vt 0.924391 0.283424
vt 0.918981 0.282324
vt 0.919679 0.261672
vt 0.924373 0.261066
vt 0.917797 0.253396
vt 0.92246 0.252507
vt 0.915159 0.262178
vt 0.913452 0.254492
vt 0.929448 0.260682
vt 0.934713 0.260408
vt 0.927728 0.252175
vt 0.934887 0.253914
vt 0.918263 0.234141
vt 0.920357 0.243414
vt 0.915852 0.244873
vt 0.913889 0.236389
vt 0.911614 0.246616
vt 0.909698 0.238827
vt 0.911955 0.228227
vt 0.916379 0.225042
vt 0.910097 0.220674
vt 0.914629 0.216601
vt 0.907755 0.231405
vt 0.905838 0.224629
vt 0.921046 0.221279
vt 0.922845 0.231891
vt 0.925609 0.217944
vt 0.927369 0.22958
vt 0.919486 0.211645
vt 0.925093 0.203147
vt 0.9253 0.242384
vt 0.930065 0.240881
vt 0.932467 0.295647
vt 0.9385 0.296687
vt 0.940157 0.302627
vt 0.933661 0.300881
vt 0.941774 0.308404
vt 0.934801 0.305917
vt 0.944485 0.297497
vt 0.9466 0.304173
vt 0.948692 0.310728
vt 0.927062 0.298737
vt 0.926337 0.294148
vt 0.920307 0.295994
vt 0.920062 0.291961
vt 0.927717 0.303104
vt 0.920467 0.299802
vt 0.92547 0.289118
vt 0.931161 0.290017
vt 0.919648 0.287479
vt 0.936765 0.290423
vt 0.942324 0.290582
vt 0.911153 0.202923
vt 0.912937 0.2093
vt 0.908362 0.214015
vt 0.90652 0.208234
vt 0.903997 0.218777
vt 0.902003 0.213787
vt 0.904345 0.203314
vt 0.909129 0.19725
vt 0.901606 0.19924
vt 0.90664 0.192453
vt 0.899624 0.209596
vt 0.896627 0.206142
vt 0.913955 0.191331
vt 0.915887 0.19764
vt 0.918802 0.185485
vt 0.920672 0.192372
vt 0.91171 0.185742
vt 0.916798 0.179069
vt 0.917749 0.204088
vt 0.92268 0.198628
vt 0.411594 0.619384
vt 0.419608 0.615803
vt 0.421244 0.620282
vt 0.413064 0.624101
vt 0.422438 0.626068
vt 0.414122 0.629813
vt 0.427603 0.612409
vt 0.429398 0.616644
vt 0.430726 0.622497
vt 0.404831 0.628283
vt 0.403539 0.62334
vt 0.396516 0.633008
vt 0.395425 0.627859
vt 0.405751 0.633905
vt 0.397299 0.638519
vt 0.402001 0.618851
vt 0.409847 0.61533
vt 0.400339 0.614588
vt 0.407964 0.611607
vt 0.394128 0.622951
vt 0.392729 0.618164
vt 0.417677 0.612195
vt 0.425498 0.609253
vt 0.415598 0.609023
vt 0.423237 0.606637
vt 0.89957 0.185853
vt 0.903465 0.188701
vt 0.898077 0.195996
vt 0.893844 0.193485
vt 0.892782 0.203361
vt 0.888277 0.201183
vt 0.888994 0.191614
vt 0.894926 0.183765
vt 0.883614 0.190285
vt 0.889499 0.182295
vt 0.883301 0.199538
vt 0.878041 0.198357
vt 0.901017 0.175966
vt 0.905403 0.178264
vt 0.907188 0.168193
vt 0.911289 0.170696
vt 0.895593 0.174358
vt 0.901791 0.166449
vt 0.908914 0.181454
vt 0.914393 0.174231
vt 0.414735 0.645273
vt 0.423221 0.642756
vt 0.423146 0.653436
vt 0.414592 0.655142
vt 0.422985 0.665525
vt 0.414351 0.666517
vt 0.431701 0.640394
vt 0.431713 0.651874
vt 0.43165 0.664665
vt 0.406063 0.657138
vt 0.40624 0.648101
vt 0.39757 0.659566
vt 0.397729 0.651393
vt 0.405776 0.667776
vt 0.397291 0.669435
vt 0.406178 0.640434
vt 0.414629 0.63685
vt 0.397671 0.644512
vt 0.42304 0.633597
vt 0.431433 0.630508
vt 0.876409 0.180663
vt 0.88326 0.181301
vt 0.877791 0.189405
vt 0.871637 0.18886
vt 0.872687 0.197568
vt 0.867262 0.197073
vt 0.865261 0.188539
vt 0.869153 0.180264
vt 0.858774 0.188329
vt 0.861693 0.179983
vt 0.86179 0.196775
vt 0.856293 0.196575
vt 0.873325 0.171964
vt 0.881448 0.172479
vt 0.877638 0.163652
vt 0.886618 0.1643
vt 0.864903 0.171571
vt 0.86826 0.163125
vt 0.88897 0.173237
vt 0.894802 0.165192
vt 0.413964 0.693118
vt 0.422816 0.692812
vt 0.422626 0.706446
vt 0.4137 0.706655
vt 0.422243 0.71903
vt 0.413309 0.719224
vt 0.431727 0.692617
vt 0.431625 0.706342
vt 0.431268 0.71894
vt 0.404923 0.707076
vt 0.405232 0.693649
vt 0.396369 0.707812
vt 0.396678 0.694517
vt 0.404557 0.719624
vt 0.396078 0.720333
vt 0.405508 0.680248
vt 0.414161 0.679457
vt 0.396989 0.681405
vt 0.422906 0.678911
vt 0.431695 0.678486
vt 0.249708 0.739468
vt 0.26065 0.731756
vt 0.263074 0.739928
vt 0.252798 0.747767
vt 0.265412 0.748355
vt 0.255352 0.756447
vt 0.272045 0.723756
vt 0.273617 0.731836
vt 0.275741 0.739996
vt 0.243061 0.755098
vt 0.239669 0.746602
vt 0.234129 0.761669
vt 0.230618 0.75297
vt 0.245828 0.764004
vt 0.237109 0.770761
vt 0.235027 0.738927
vt 0.245542 0.731932
vt 0.228511 0.732482
vt 0.239024 0.725732
vt 0.226045 0.745056
vt 0.219877 0.738319
vt 0.258058 0.724094
vt 0.271576 0.715834
vt 0.252255 0.717969
vt 0.272762 0.708151
vt 0.187698 0.34755
vt 0.177422 0.356077
vt 0.172692 0.34699
vt 0.183451 0.33973
vt 0.168889 0.339103
vt 0.180048 0.332773
vt 0.167238 0.364606
vt 0.162298 0.35426
vt 0.158271 0.34545
vt 0.194942 0.332492
vt 0.198157 0.339029
vt 0.206799 0.325265
vt 0.208707 0.33051
vt 0.192291 0.326477
vt 0.208056 0.320279
vt 0.20274 0.34594
vt 0.192756 0.355952
vt 0.208008 0.353039
vt 0.198219 0.364645
vt 0.212724 0.335928
vt 0.217797 0.341432
vt 0.182771 0.365964
vt 0.172787 0.375976
vt 0.18843 0.376251
vt 0.17864 0.387858
vt 0.711368 0.778856
vt 0.698116 0.780697
vt 0.703591 0.766594
vt 0.71596 0.764412
vt 0.708257 0.752477
vt 0.71962 0.750134
vt 0.684821 0.782648
vt 0.691049 0.769215
vt 0.694971 0.758784
vt 0.72798 0.763107
vt 0.724532 0.777233
vt 0.739826 0.762241
vt 0.737653 0.775721
vt 0.730537 0.749165
vt 0.741231 0.748882
vt 0.72049 0.791483
vt 0.706012 0.793682
vt 0.716151 0.805793
vt 0.700276 0.808701
vt 0.734968 0.789283
vt 0.732027 0.802885
vt 0.691535 0.795882
vt 0.677057 0.798082
vt 0.6844 0.811609
vt 0.668524 0.814517
vt 0.635066 0.018238
vt 0.643961 0.019529
vt 0.644036 0.029019
vt 0.63511 0.027089
vt 0.644111 0.03851
vt 0.635155 0.03594
vt 0.652857 0.02082
vt 0.652962 0.03095
vt 0.653067 0.041079
vt 0.626185 0.025159
vt 0.62617 0.016947
vt 0.617259 0.023229
vt 0.617275 0.015656
vt 0.626199 0.033371
vt 0.617243 0.030802
vt 0.626156 0.008735
vt 0.635021 0.00938702
vt 0.626142 0.000522971
vt 0.634977 0.000536025
vt 0.61729 0.00808299
vt 0.617306 0.000509977
vt 0.643887 0.010039
vt 0.652752 0.010691
vt 0.643812 0.000549018
vt 0.652647 0.000562012
vt 0.723712 0.721672
vt 0.715427 0.722123
vt 0.716692 0.708314
vt 0.724291 0.707988
vt 0.716842 0.695366
vt 0.724306 0.694587
vt 0.708237 0.72309
vt 0.709945 0.709553
vt 0.71021 0.697191
vt 0.732457 0.708272
vt 0.732433 0.721882
vt 0.740907 0.708861
vt 0.741372 0.722422
vt 0.732323 0.694505
vt 0.740616 0.694772
vt 0.731907 0.735468
vt 0.722179 0.735804
vt 0.741614 0.735686
vt 0.712408 0.737249
vt 0.704336 0.738457
vt 0.60072 0.354854
vt 0.592852 0.365825
vt 0.588239 0.36158
vt 0.596364 0.349275
vt 0.583277 0.357743
vt 0.591766 0.343849
vt 0.585244 0.377502
vt 0.580479 0.374651
vt 0.575222 0.372518
vt 0.605217 0.338501
vt 0.609107 0.345291
vt 0.615162 0.330025
vt 0.618347 0.337748
vt 0.601123 0.331719
vt 0.61178 0.322232
vt 0.612586 0.352096
vt 0.604591 0.360739
vt 0.615452 0.358922
vt 0.607917 0.366912
vt 0.621139 0.345332
vt 0.623342 0.352707
vt 0.596766 0.370887
vt 0.589028 0.381788
vt 0.600365 0.376484
vt 0.591339 0.388228
vt 0.72314 0.668469
vt 0.71527 0.670931
vt 0.712669 0.659925
vt 0.720628 0.656433
vt 0.708271 0.65005
vt 0.715942 0.64553
vt 0.708412 0.674237
vt 0.705835 0.664043
vt 0.701796 0.654971
vt 0.729338 0.653357
vt 0.731685 0.666571
vt 0.738424 0.650489
vt 0.740568 0.664955
vt 0.724409 0.641278
vt 0.733276 0.637159
vt 0.732373 0.680446
vt 0.724144 0.681301
vt 0.740901 0.679927
vt 0.716515 0.682825
vt 0.709785 0.685353
vt 0.639649 0.330386
vt 0.628776 0.332834
vt 0.626562 0.324611
vt 0.638498 0.321978
vt 0.624171 0.316271
vt 0.637257 0.313482
vt 0.650047 0.321841
vt 0.650222 0.330239
vt 0.66029 0.323918
vt 0.659509 0.332028
vt 0.649998 0.313511
vt 0.661356 0.316005
vt 0.650651 0.338773
vt 0.640622 0.338619
vt 0.650641 0.346496
vt 0.641124 0.346337
vt 0.6593 0.340531
vt 0.661154 0.350526
vt 0.630635 0.340823
vt 0.631962 0.34846
vt 0.698703 0.627737
vt 0.693113 0.633904
vt 0.683039 0.626612
vt 0.687463 0.620026
vt 0.67219 0.619495
vt 0.675459 0.612641
vt 0.68868 0.640257
vt 0.679829 0.633538
vt 0.668445 0.625246
vt 0.692101 0.613101
vt 0.704914 0.621553
vt 0.696846 0.606007
vt 0.711437 0.61536
vt 0.678411 0.605052
vt 0.681205 0.597096
vt 0.715976 0.630811
vt 0.708414 0.636102
vt 0.72393 0.625596
vt 0.701638 0.641547
vt 0.69604 0.647222
vt 0.672347 0.340399
vt 0.666523 0.335389
vt 0.668305 0.327927
vt 0.674993 0.333696
vt 0.670289 0.320608
vt 0.677689 0.327027
vt 0.681254 0.341053
vt 0.678064 0.34714
vt 0.687988 0.349829
vt 0.684534 0.355527
vt 0.684443 0.334966
vt 0.691442 0.34413
vt 0.674874 0.353227
vt 0.669803 0.347175
vt 0.671685 0.359313
vt 0.66731 0.353986
vt 0.68108 0.361226
vt 0.677627 0.366925
vt 0.665148 0.343137
vt 0.663976 0.351029
vt 0.199159 0.654547
vt 0.197888 0.660224
vt 0.190292 0.662541
vt 0.190966 0.656359
vt 0.180802 0.664612
vt 0.18113 0.658037
vt 0.196617 0.665804
vt 0.189682 0.668662
vt 0.180587 0.671157
vt 0.19177 0.650058
vt 0.200428 0.648676
vt 0.192768 0.643578
vt 0.201696 0.642514
vt 0.181686 0.651402
vt 0.182583 0.644679
vt 0.208136 0.647269
vt 0.206257 0.652645
vt 0.215369 0.645848
vt 0.212807 0.650698
vt 0.209784 0.641476
vt 0.217453 0.640451
vt 0.204223 0.657744
vt 0.202112 0.662704
vt 0.209926 0.655181
vt 0.206886 0.659482
vt 0.701836 0.37629
vt 0.692619 0.365479
vt 0.696096 0.359851
vt 0.705246 0.370549
vt 0.699574 0.354223
vt 0.708655 0.364807
vt 0.715102 0.381351
vt 0.711706 0.387255
vt 0.725333 0.391687
vt 0.721748 0.397669
vt 0.718498 0.375447
vt 0.728919 0.385704
vt 0.70831 0.393159
vt 0.698427 0.382031
vt 0.704914 0.399063
vt 0.695018 0.387772
vt 0.718162 0.403652
vt 0.714576 0.409635
vt 0.689141 0.371107
vt 0.685663 0.376735
vt 0.155669 0.660823
vt 0.155209 0.667787
vt 0.141029 0.668925
vt 0.141606 0.661873
vt 0.127206 0.669786
vt 0.127697 0.662657
vt 0.154908 0.674756
vt 0.140629 0.675992
vt 0.126927 0.676939
vt 0.142537 0.654852
vt 0.156443 0.653869
vt 0.143999 0.647875
vt 0.157689 0.64693
vt 0.128611 0.655574
vt 0.130161 0.648561
vt 0.169701 0.652696
vt 0.169104 0.659534
vt 0.17072 0.645831
vt 0.168787 0.666355
vt 0.168611 0.673166
vt 0.740342 0.41502
vt 0.73148 0.406828
vt 0.735605 0.400984
vt 0.745277 0.40956
vt 0.739731 0.39514
vt 0.750138 0.404039
vt 0.753707 0.41773
vt 0.747773 0.422535
vt 0.760254 0.425812
vt 0.753496 0.429863
vt 0.759343 0.412682
vt 0.76655 0.421352
vt 0.741243 0.426853
vt 0.735257 0.420359
vt 0.734415 0.430927
vt 0.730098 0.425636
vt 0.74581 0.433098
vt 0.735409 0.434319
vt 0.727354 0.412672
vt 0.723228 0.418516
vt 0.102452 0.663409
vt 0.103188 0.670792
vt 0.092333 0.671067
vt 0.090648 0.663525
vt 0.081808 0.671278
vt 0.079077 0.663568
vt 0.104281 0.678219
vt 0.094472 0.678664
vt 0.085095 0.679053
vt 0.089868 0.656091
vt 0.102429 0.656111
vt 0.090448 0.648819
vt 0.103475 0.648944
vt 0.07746 0.655988
vt 0.077511 0.648605
vt 0.115292 0.655966
vt 0.114723 0.663144
vt 0.116683 0.648888
vt 0.114703 0.670387
vt 0.114956 0.677662
vt 0.759348 0.445379
vt 0.75723 0.437493
vt 0.764277 0.43412
vt 0.766406 0.442598
vt 0.77096 0.430331
vt 0.773273 0.439543
vt 0.767273 0.45119
vt 0.760222 0.453476
vt 0.767508 0.459838
vt 0.760473 0.461677
vt 0.774189 0.448908
vt 0.774405 0.458351
vt 0.752902 0.455772
vt 0.75191 0.447612
vt 0.745025 0.456808
vt 0.744126 0.44876
vt 0.753162 0.464223
vt 0.745437 0.467827
vt 0.749456 0.440036
vt 0.741645 0.441557
vt 0.122 0.931213
vt 0.114644 0.927904
vt 0.116613 0.920946
vt 0.124149 0.923645
vt 0.117375 0.912663
vt 0.124949 0.914808
vt 0.107288 0.924595
vt 0.109077 0.918247
vt 0.1098 0.910518
vt 0.131685 0.926345
vt 0.129356 0.934523
vt 0.139221 0.929044
vt 0.136712 0.937832
vt 0.132523 0.916953
vt 0.140097 0.919098
vt 0.126032 0.941891
vt 0.11895 0.937935
vt 0.122211 0.948854
vt 0.115451 0.944233
vt 0.133114 0.945847
vt 0.128972 0.953475
vt 0.111868 0.933979
vt 0.104786 0.930023
vt 0.10869 0.939612
vt 0.101929 0.934991
vt 0.190003 0.893538
vt 0.189475 0.906225
vt 0.18277 0.907874
vt 0.183374 0.894988
vt 0.175868 0.908912
vt 0.176522 0.895943
vt 0.188854 0.919331
vt 0.182081 0.921217
vt 0.175135 0.922359
vt 0.183807 0.883018
vt 0.190344 0.881688
vt 0.183983 0.872422
vt 0.190406 0.871095
vt 0.177014 0.883929
vt 0.177266 0.873348
vt 0.196712 0.880078
vt 0.196483 0.891757
vt 0.202994 0.878329
vt 0.202889 0.88981
vt 0.196632 0.869501
vt 0.202761 0.867774
vt 0.196049 0.904169
vt 0.195512 0.916949
vt 0.202557 0.90191
vt 0.202112 0.914319
vt 0.121889 0.892895
vt 0.11475 0.891597
vt 0.112738 0.880416
vt 0.11951 0.881504
vt 0.111174 0.869871
vt 0.117552 0.870944
vt 0.107611 0.890298
vt 0.105965 0.879328
vt 0.104797 0.868798
vt 0.126282 0.882591
vt 0.129028 0.894194
vt 0.133054 0.883679
vt 0.136167 0.895492
vt 0.123929 0.872017
vt 0.130306 0.87309
vt 0.131373 0.905942
vt 0.123949 0.904277
vt 0.138797 0.907606
vt 0.116524 0.902613
vt 0.1091 0.900948
vt 0.189503 0.854514
vt 0.190094 0.862177
vt 0.183817 0.863656
vt 0.183395 0.856263
vt 0.177197 0.864677
vt 0.176886 0.857439
vt 0.182802 0.849785
vt 0.188726 0.84769
vt 0.182123 0.843765
vt 0.187855 0.841283
vt 0.176415 0.851157
vt 0.175863 0.845352
vt 0.19434 0.845112
vt 0.195344 0.852385
vt 0.1998 0.842293
vt 0.201051 0.850065
vt 0.193234 0.838205
vt 0.198437 0.834829
vt 0.196142 0.860393
vt 0.202075 0.858456
vt 0.116829 0.854427
vt 0.111172 0.852733
vt 0.112165 0.845421
vt 0.117483 0.847633
vt 0.113442 0.838469
vt 0.118428 0.841257
vt 0.105516 0.851039
vt 0.106847 0.84321
vt 0.108455 0.835682
vt 0.122801 0.849844
vt 0.122485 0.856121
vt 0.12812 0.852055
vt 0.128142 0.857814
vt 0.123414 0.844045
vt 0.128401 0.846832
vt 0.122762 0.863352
vt 0.116755 0.862058
vt 0.12877 0.864647
vt 0.110747 0.860763
vt 0.10474 0.859468
vt 0.718094 0.47045
vt 0.713099 0.476266
vt 0.709282 0.472289
vt 0.7132 0.466865
vt 0.705671 0.46894
vt 0.708783 0.46392
vt 0.708054 0.481793
vt 0.704975 0.477369
vt 0.701972 0.47361
vt 0.71647 0.461285
vt 0.722623 0.464566
vt 0.718831 0.455736
vt 0.726031 0.458642
vt 0.711205 0.458735
vt 0.712836 0.453571
vt 0.729668 0.468533
vt 0.72338 0.474511
vt 0.73716 0.472843
vt 0.728863 0.478809
vt 0.734462 0.462282
vt 0.717054 0.480661
vt 0.711183 0.48666
vt 0.721078 0.485265
vt 0.714338 0.491749
vt 0.599917 0.73584
vt 0.59266 0.736743
vt 0.589985 0.728112
vt 0.598186 0.728185
vt 0.588196 0.719987
vt 0.597203 0.720958
vt 0.585403 0.737646
vt 0.581784 0.728038
vt 0.57919 0.719016
vt 0.606387 0.728259
vt 0.607174 0.734937
vt 0.614588 0.728333
vt 0.614431 0.734034
vt 0.606209 0.721928
vt 0.615215 0.722899
vt 0.608526 0.741719
vt 0.60218 0.743604
vt 0.610399 0.748361
vt 0.604757 0.75116
vt 0.614873 0.739834
vt 0.616042 0.745562
vt 0.595833 0.745489
vt 0.589486 0.747374
vt 0.599114 0.753958
vt 0.593472 0.756757
vt 0.727978 0.446837
vt 0.727662 0.452706
vt 0.720024 0.450407
vt 0.720315 0.445056
vt 0.713575 0.448612
vt 0.713582 0.443527
vt 0.719968 0.439443
vt 0.727444 0.441109
vt 0.719303 0.433699
vt 0.726484 0.435453
vt 0.713018 0.43798
vt 0.712135 0.430737
vt 0.734489 0.441864
vt 0.736032 0.448287
vt 0.732309 0.435744
vt 0.736303 0.455313
vt 0.598109 0.708627
vt 0.588394 0.706319
vt 0.590277 0.70056
vt 0.599961 0.703312
vt 0.59328 0.695374
vt 0.602722 0.698422
vt 0.57868 0.70401
vt 0.580593 0.697808
vt 0.583837 0.692326
vt 0.609646 0.706064
vt 0.607823 0.710936
vt 0.61933 0.708817
vt 0.617538 0.713245
vt 0.612164 0.701469
vt 0.621607 0.704517
vt 0.606683 0.716189
vt 0.597183 0.714474
vt 0.616182 0.717904
vt 0.587683 0.712758
vt 0.578184 0.711043
vt 0.758738 0.62849
vt 0.765706 0.634445
vt 0.765218 0.642498
vt 0.758518 0.637493
vt 0.764699 0.651513
vt 0.758211 0.647601
vt 0.772674 0.6404
vt 0.771919 0.647503
vt 0.771186 0.655424
vt 0.751817 0.632488
vt 0.75177 0.622535
vt 0.745116 0.627483
vt 0.744801 0.61658
vt 0.751724 0.64369
vt 0.745237 0.639779
vt 0.75163 0.613415
vt 0.758901 0.620224
vt 0.751443 0.604711
vt 0.759035 0.612326
vt 0.744359 0.606606
vt 0.743852 0.597096
vt 0.766172 0.627033
vt 0.773443 0.633841
vt 0.766627 0.61994
vt 0.774219 0.627555
vt 0.61092 0.689247
vt 0.606372 0.693849
vt 0.59735 0.690653
vt 0.602471 0.685974
vt 0.588328 0.687456
vt 0.594022 0.682701
vt 0.608624 0.680916
vt 0.616375 0.684265
vt 0.615792 0.675056
vt 0.622746 0.678557
vt 0.600873 0.677566
vt 0.608837 0.671555
vt 0.624126 0.687615
vt 0.619369 0.69252
vt 0.631877 0.690965
vt 0.627818 0.695792
vt 0.6297 0.682058
vt 0.636654 0.685559
vt 0.615394 0.697046
vt 0.624416 0.700243
vt 0.75745 0.671301
vt 0.763686 0.672599
vt 0.763508 0.683096
vt 0.757382 0.683018
vt 0.763756 0.692512
vt 0.757784 0.693397
vt 0.769923 0.673897
vt 0.769633 0.683174
vt 0.769728 0.691626
vt 0.751257 0.68294
vt 0.751212 0.670003
vt 0.745132 0.682862
vt 0.744976 0.668705
vt 0.751811 0.694282
vt 0.745839 0.695168
vt 0.751445 0.656557
vt 0.757791 0.659183
vt 0.7451 0.653931
vt 0.764136 0.661809
vt 0.770481 0.664435
vt 0.637769 0.664646
vt 0.630041 0.671772
vt 0.623956 0.667972
vt 0.632572 0.660433
vt 0.617871 0.664172
vt 0.627375 0.65622
vt 0.641093 0.653208
vt 0.645437 0.657911
vt 0.648974 0.647064
vt 0.652551 0.652302
vt 0.63675 0.648504
vt 0.645396 0.641825
vt 0.64978 0.662615
vt 0.642966 0.668859
vt 0.654123 0.667319
vt 0.648163 0.673072
vt 0.656129 0.657541
vt 0.659706 0.66278
vt 0.636127 0.675573
vt 0.642212 0.679373
vt 0.760407 0.707899
vt 0.765858 0.706205
vt 0.76742 0.711417
vt 0.762299 0.713159
vt 0.769128 0.716162
vt 0.764356 0.71785
vt 0.771308 0.704512
vt 0.77254 0.709675
vt 0.773899 0.714473
vt 0.757178 0.714901
vt 0.754957 0.709592
vt 0.752058 0.716643
vt 0.749507 0.711286
vt 0.759585 0.719539
vt 0.754814 0.721228
vt 0.753106 0.702943
vt 0.758847 0.701501
vt 0.747365 0.704385
vt 0.764588 0.700059
vt 0.770329 0.698617
vt 0.663888 0.646441
vt 0.658621 0.648553
vt 0.655668 0.64277
vt 0.661426 0.639858
vt 0.652716 0.636988
vt 0.658882 0.633164
vt 0.666496 0.637858
vt 0.668594 0.645748
vt 0.671945 0.637992
vt 0.673348 0.646666
vt 0.664067 0.629526
vt 0.67003 0.652756
vt 0.666184 0.652804
vt 0.671135 0.659322
vt 0.668397 0.659056
vt 0.673827 0.653964
vt 0.672554 0.660639
vt 0.661573 0.654335
vt 0.664526 0.660117
vt 0.640227 0.359398
vt 0.63962 0.365136
vt 0.632726 0.368246
vt 0.632747 0.36225
vt 0.626238 0.372538
vt 0.62564 0.366467
vt 0.639176 0.370366
vt 0.632775 0.373536
vt 0.626805 0.377862
vt 0.632579 0.355629
vt 0.64086 0.353197
vt 0.624758 0.359805
vt 0.649499 0.352457
vt 0.648016 0.357561
vt 0.658317 0.352562
vt 0.655961 0.356232
vt 0.646983 0.362711
vt 0.646149 0.36784
vt 0.654581 0.360629
vt 0.654671 0.364847
vt 0.684214 0.653649
vt 0.678757 0.64939
vt 0.678837 0.641484
vt 0.685937 0.646999
vt 0.692012 0.653205
vt 0.689115 0.659171
vt 0.696916 0.660428
vt 0.693227 0.666026
vt 0.686909 0.664796
vt 0.682838 0.659725
vt 0.684953 0.669757
vt 0.681467 0.664953
vt 0.690326 0.671375
vt 0.687811 0.676083
vt 0.678287 0.656201
vt 0.677441 0.66168
vt 0.612808 0.37975
vt 0.614466 0.38579
vt 0.609529 0.394006
vt 0.607252 0.388241
vt 0.605457 0.402786
vt 0.602689 0.397498
vt 0.615912 0.391078
vt 0.61135 0.399096
vt 0.60762 0.407472
vt 0.604029 0.382335
vt 0.610641 0.373353
vt 0.598726 0.392189
vt 0.617498 0.365778
vt 0.618965 0.372396
vt 0.620093 0.378511
vt 0.621123 0.383855
vt 0.698436 0.683635
vt 0.696314 0.674286
vt 0.700502 0.668994
vt 0.702904 0.678669
vt 0.704254 0.68922
vt 0.699652 0.693763
vt 0.704686 0.700411
vt 0.700019 0.704354
vt 0.695709 0.698319
vt 0.694702 0.688543
vt 0.692154 0.702226
vt 0.691392 0.692798
vt 0.695959 0.708349
vt 0.692255 0.711724
vt 0.692916 0.679426
vt 0.689951 0.683924
vt 0.597557 0.417447
vt 0.600679 0.421295
vt 0.600475 0.431769
vt 0.596681 0.428649
vt 0.601771 0.442406
vt 0.597009 0.440552
vt 0.603489 0.424517
vt 0.603681 0.434235
vt 0.607021 0.4468
vt 0.592946 0.425815
vt 0.594212 0.413422
vt 0.58924 0.423125
vt 0.590757 0.409308
vt 0.592383 0.439391
vt 0.587824 0.438575
vt 0.595796 0.402382
vt 0.599508 0.407148
vt 0.591686 0.397539
vt 0.602423 0.411759
vt 0.604901 0.415771
vt 0.69841 0.726144
vt 0.699596 0.715097
vt 0.704333 0.71201
vt 0.702802 0.724429
vt 0.699703 0.738084
vt 0.696486 0.737649
vt 0.695819 0.752356
vt 0.694194 0.749383
vt 0.692662 0.738673
vt 0.694349 0.728239
vt 0.688635 0.739645
vt 0.690515 0.729961
vt 0.690696 0.749317
vt 0.685927 0.75161
vt 0.695477 0.718227
vt 0.691715 0.720811
vt 0.601556 0.465136
vt 0.608465 0.461953
vt 0.613316 0.471074
vt 0.605566 0.476364
vt 0.618591 0.478804
vt 0.610542 0.485641
vt 0.615387 0.458831
vt 0.621066 0.465784
vt 0.62664 0.471968
vt 0.597816 0.481655
vt 0.59467 0.468444
vt 0.590065 0.486945
vt 0.587796 0.471813
vt 0.602493 0.492478
vt 0.594444 0.499315
vt 0.592908 0.453978
vt 0.598669 0.452957
vt 0.587195 0.455247
vt 0.604526 0.452432
vt 0.61043 0.452155
vt 0.635464 0.577565
vt 0.638238 0.586157
vt 0.632765 0.587018
vt 0.627507 0.578364
vt 0.627292 0.587879
vt 0.619435 0.579286
vt 0.641371 0.595026
vt 0.638288 0.596061
vt 0.635205 0.597096
vt 0.622779 0.570485
vt 0.633407 0.569523
vt 0.620693 0.562479
vt 0.632845 0.561833
vt 0.611688 0.571938
vt 0.604108 0.566457
vt 0.643106 0.569543
vt 0.643188 0.577011
vt 0.652341 0.570053
vt 0.650797 0.576579
vt 0.643518 0.56269
vt 0.653783 0.56552
vt 0.643711 0.585296
vt 0.644455 0.593991
vt 0.649184 0.584435
vt 0.647538 0.592956
vt 0.622558 0.495991
vt 0.616329 0.491966
vt 0.623807 0.484152
vt 0.629012 0.487635
vt 0.631286 0.476338
vt 0.63531 0.479307
vt 0.634253 0.489771
vt 0.628859 0.498366
vt 0.639578 0.491078
vt 0.63553 0.499631
vt 0.639022 0.481285
vt 0.64273 0.482683
vt 0.622216 0.507179
vt 0.615791 0.504401
vt 0.614948 0.516099
vt 0.608868 0.512837
vt 0.629691 0.508499
vt 0.61763 0.518434
vt 0.608851 0.49978
vt 0.601373 0.507594
vt 0.637738 0.547276
vt 0.62784 0.544209
vt 0.631191 0.535619
vt 0.641572 0.541143
vt 0.636006 0.528938
vt 0.646412 0.536258
vt 0.618239 0.541679
vt 0.620932 0.531391
vt 0.649699 0.545908
vt 0.6464 0.550546
vt 0.655722 0.549873
vt 0.653197 0.553597
vt 0.653901 0.542202
vt 0.659112 0.546895
vt 0.644478 0.556249
vt 0.634559 0.554295
vt 0.652017 0.558354
vt 0.62336 0.553441
vt 0.61307 0.552257
vt 0.698735 0.491165
vt 0.695623 0.485726
vt 0.700539 0.481916
vt 0.703373 0.48681
vt 0.692754 0.481122
vt 0.697785 0.477743
vt 0.706261 0.492184
vt 0.701817 0.497064
vt 0.709176 0.497799
vt 0.704882 0.503194
vt 0.697381 0.50113
vt 0.69382 0.494706
vt 0.692485 0.504211
vt 0.688578 0.49737
vt 0.70075 0.50771
vt 0.696071 0.511123
vt 0.689875 0.488596
vt 0.686518 0.483529
vt 0.684032 0.49067
vt 0.677372 0.483982
vt 0.610331 0.764623
vt 0.613579 0.77039
vt 0.608444 0.775174
vt 0.605127 0.768848
vt 0.603309 0.779958
vt 0.599923 0.773072
vt 0.617302 0.775418
vt 0.612359 0.780693
vt 0.607415 0.785967
vt 0.602115 0.76176
vt 0.607432 0.75819
vt 0.596797 0.76533
vt 0.612749 0.754619
vt 0.615534 0.760399
vt 0.618066 0.751049
vt 0.620738 0.756175
vt 0.618714 0.765606
vt 0.622246 0.770144
vt 0.623849 0.760821
vt 0.62719 0.76487
vt 0.677024 0.500123
vt 0.673679 0.492959
vt 0.678828 0.492095
vt 0.682961 0.499091
vt 0.670369 0.485845
vt 0.674478 0.485123
vt 0.686658 0.506138
vt 0.680436 0.507389
vt 0.690137 0.513211
vt 0.683882 0.514705
vt 0.674354 0.508439
vt 0.670825 0.500718
vt 0.667701 0.509036
vt 0.664333 0.500955
vt 0.678237 0.516338
vt 0.674135 0.518842
vt 0.668002 0.493353
vt 0.665532 0.486166
vt 0.662108 0.493398
vt 0.660454 0.486102
vt 0.626402 0.783251
vt 0.631477 0.78646
vt 0.628554 0.792974
vt 0.622636 0.789379
vt 0.625631 0.799488
vt 0.61887 0.795506
vt 0.636702 0.789467
vt 0.634694 0.796355
vt 0.632686 0.803244
vt 0.617163 0.785356
vt 0.621627 0.779638
vt 0.6127 0.791074
vt 0.62609 0.77392
vt 0.630167 0.777124
vt 0.630553 0.768202
vt 0.633933 0.770996
vt 0.6344 0.779946
vt 0.638711 0.782578
vt 0.637323 0.773432
vt 0.640719 0.77569
vt 0.650367 0.500672
vt 0.650479 0.508646
vt 0.639784 0.508746
vt 0.642869 0.500322
vt 0.651793 0.516471
vt 0.639286 0.517173
vt 0.645035 0.492074
vt 0.650615 0.492779
vt 0.646742 0.483914
vt 0.651043 0.484927
vt 0.656309 0.493213
vt 0.657518 0.500911
vt 0.655619 0.485673
vt 0.659764 0.508924
vt 0.662241 0.516584
vt 0.659452 0.530783
vt 0.666212 0.529138
vt 0.669181 0.534604
vt 0.663616 0.53687
vt 0.672069 0.539549
vt 0.667172 0.54202
vt 0.672934 0.527769
vt 0.674986 0.532419
vt 0.678242 0.536008
vt 0.658531 0.539296
vt 0.652612 0.532981
vt 0.662891 0.544373
vt 0.644879 0.525429
vt 0.655147 0.523917
vt 0.664145 0.523227
vt 0.672508 0.522948
vt 0.906966 0.267542
vt 0.907584 0.272633
vt 0.902394 0.269758
vt 0.902065 0.265906
vt 0.897219 0.266547
vt 0.897156 0.264073
vt 0.907858 0.277284
vt 0.902449 0.27352
vt 0.897092 0.268184
vt 0.901453 0.2616
vt 0.906039 0.262038
vt 0.900558 0.257064
vt 0.90484 0.25629
vt 0.896859 0.261058
vt 0.896284 0.257801
vt 0.91061 0.262265
vt 0.911849 0.268785
vt 0.909135 0.255445
vt 0.912802 0.274835
vt 0.913419 0.280248
vt 0.901757 0.244756
vt 0.905667 0.241648
vt 0.907473 0.248493
vt 0.903404 0.250473
vt 0.899384 0.25252
vt 0.897927 0.248056
vt 0.895388 0.254601
vt 0.894137 0.251451
vt 0.896184 0.243758
vt 0.899921 0.239311
vt 0.894151 0.239715
vt 0.897919 0.23431
vt 0.892498 0.248346
vt 0.890438 0.245281
vt 0.903761 0.235147
vt 0.901796 0.229228
vt 0.90729 0.285211
vt 0.906475 0.288531
vt 0.900004 0.284645
vt 0.90151 0.28141
vt 0.894762 0.281082
vt 0.89688 0.278002
vt 0.905485 0.291639
vt 0.898109 0.287569
vt 0.891048 0.284036
vt 0.90224 0.277553
vt 0.907756 0.28147
vt 0.897925 0.274143
vt 0.913651 0.284854
vt 0.913594 0.288855
vt 0.913344 0.292452
vt 0.912997 0.295848
vt 0.893328 0.226143
vt 0.897617 0.219795
vt 0.899818 0.224129
vt 0.895776 0.229923
vt 0.891826 0.236013
vt 0.889104 0.232718
vt 0.887922 0.24225
vt 0.884913 0.239406
vt 0.88588 0.229895
vt 0.890412 0.222959
vt 0.882051 0.227609
vt 0.886868 0.220364
vt 0.881369 0.236903
vt 0.877254 0.234892
vt 0.894987 0.216169
vt 0.89172 0.213196
vt 0.378925 0.638935
vt 0.379382 0.644357
vt 0.370198 0.65043
vt 0.370475 0.645071
vt 0.360777 0.65659
vt 0.361952 0.65137
vt 0.3798 0.649482
vt 0.37022 0.655128
vt 0.35848 0.660301
vt 0.370339 0.639114
vt 0.378289 0.633276
vt 0.369996 0.632857
vt 0.377563 0.627497
vt 0.36238 0.645145
vt 0.362435 0.638416
vt 0.386221 0.627824
vt 0.387231 0.633128
vt 0.385139 0.622533
vt 0.388094 0.638458
vt 0.388737 0.643828
vt 0.877731 0.216845
vt 0.882923 0.208967
vt 0.88761 0.21082
vt 0.882531 0.218349
vt 0.877513 0.225926
vt 0.872647 0.224825
vt 0.872526 0.233526
vt 0.867619 0.232855
vt 0.867837 0.224283
vt 0.872796 0.215781
vt 0.863443 0.223811
vt 0.868052 0.214971
vt 0.862964 0.232927
vt 0.858994 0.23379
vt 0.877926 0.207563
vt 0.872886 0.206535
vt 0.380409 0.697447
vt 0.388362 0.695833
vt 0.388113 0.70897
vt 0.380274 0.710405
vt 0.387963 0.721455
vt 0.380316 0.722827
vt 0.372977 0.71197
vt 0.372944 0.69921
vt 0.366342 0.71352
vt 0.366093 0.700969
vt 0.373242 0.724289
vt 0.366845 0.725677
vt 0.373015 0.687079
vt 0.38062 0.685001
vt 0.373065 0.676647
vt 0.380809 0.67411
vt 0.365964 0.689102
vt 0.365822 0.678995
vt 0.388652 0.683049
vt 0.388927 0.671626
vt 0.312387 0.713393
vt 0.30877 0.699897
vt 0.313864 0.698606
vt 0.317806 0.712018
vt 0.3192 0.697696
vt 0.323181 0.710799
vt 0.305007 0.686039
vt 0.309622 0.684838
vt 0.313202 0.683476
vt 0.321145 0.724721
vt 0.315712 0.726164
vt 0.323954 0.736414
vt 0.318691 0.737862
vt 0.326403 0.723346
vt 0.329008 0.734985
vt 0.310162 0.727652
vt 0.306804 0.714801
vt 0.304553 0.729163
vt 0.301139 0.716226
vt 0.313288 0.739323
vt 0.307815 0.740791
vt 0.303292 0.701163
vt 0.299703 0.687132
vt 0.297622 0.702417
vt 0.294055 0.688171
vt 0.380742 0.659435
vt 0.37245 0.663374
vt 0.371253 0.659099
vt 0.380318 0.654248
vt 0.364708 0.666607
vt 0.362945 0.662951
vt 0.389087 0.649251
vt 0.389199 0.655306
vt 0.389127 0.662571
vt 0.380877 0.665822
vt 0.372965 0.668984
vt 0.365536 0.671726
vt 0.859974 0.213593
vt 0.856391 0.21311
vt 0.85888 0.204961
vt 0.863418 0.20531
vt 0.852939 0.212701
vt 0.854397 0.204688
vt 0.868068 0.20581
vt 0.863819 0.214228
vt 0.859824 0.222919
vt 0.856798 0.221947
vt 0.855956 0.231748
vt 0.853756 0.230336
vt 0.854183 0.221233
vt 0.851773 0.220647
vt 0.852115 0.229343
vt 0.850753 0.22856
vt 0.358783 0.747071
vt 0.363541 0.746777
vt 0.364743 0.755882
vt 0.360209 0.755477
vt 0.365929 0.764788
vt 0.361668 0.763548
vt 0.36877 0.746162
vt 0.369705 0.755659
vt 0.369777 0.766666
vt 0.355732 0.755487
vt 0.3543 0.747483
vt 0.351347 0.756128
vt 0.349997 0.748243
vt 0.357187 0.763109
vt 0.35268 0.763634
vt 0.352912 0.738717
vt 0.357422 0.737999
vt 0.351591 0.728806
vt 0.35621 0.727842
vt 0.348614 0.739599
vt 0.347182 0.729818
vt 0.36231 0.737272
vt 0.367736 0.736362
vt 0.361232 0.72683
vt 0.341577 0.751268
vt 0.340092 0.742263
vt 0.344367 0.740819
vt 0.34578 0.749579
vt 0.338353 0.732235
vt 0.342795 0.73097
vt 0.347087 0.757614
vt 0.342893 0.759591
vt 0.348341 0.765286
vt 0.344124 0.767573
vt 0.338702 0.761707
vt 0.337313 0.753084
vt 0.334455 0.763608
vt 0.332915 0.754801
vt 0.339984 0.770008
vt 0.335875 0.772099
vt 0.335709 0.743816
vt 0.333783 0.733583
vt 0.331139 0.745366
vt 0.354418 0.704051
vt 0.353718 0.692489
vt 0.359588 0.690891
vt 0.35998 0.702576
vt 0.353068 0.682529
vt 0.359209 0.680916
vt 0.360491 0.71491
vt 0.355229 0.71618
vt 0.350358 0.71737
vt 0.34922 0.705413
vt 0.345684 0.71852
vt 0.3442 0.706685
vt 0.348181 0.693941
vt 0.347246 0.683957
vt 0.342808 0.695292
vt 0.341587 0.68532
vt 0.334017 0.708962
vt 0.339168 0.707886
vt 0.34101 0.71967
vt 0.336277 0.720843
vt 0.331428 0.72206
vt 0.328637 0.709856
vt 0.325403 0.697577
vt 0.331726 0.697468
vt 0.32289 0.687389
vt 0.329852 0.687625
vt 0.337425 0.696587
vt 0.335937 0.686739
vt 0.351671 0.669873
vt 0.345675 0.670848
vt 0.344984 0.666475
vt 0.350786 0.665868
vt 0.344321 0.662726
vt 0.349828 0.662528
vt 0.339838 0.671977
vt 0.339183 0.667406
vt 0.338591 0.663435
vt 0.356448 0.66495
vt 0.357899 0.668617
vt 0.35469 0.662
vt 0.358732 0.673715
vt 0.352409 0.675209
vt 0.34642 0.676467
vt 0.340619 0.677748
vt 0.328334 0.675766
vt 0.328841 0.680699
vt 0.322263 0.681456
vt 0.322478 0.677936
vt 0.315404 0.681898
vt 0.316571 0.680158
vt 0.322493 0.674986
vt 0.327973 0.671901
vt 0.322408 0.672321
vt 0.327685 0.668571
vt 0.317049 0.678311
vt 0.317182 0.67641
vt 0.333524 0.669294
vt 0.334089 0.673698
vt 0.333062 0.665496
vt 0.334859 0.679311
vt 0.971631 0.341739
vt 0.974037 0.341022
vt 0.973909 0.345218
vt 0.971369 0.34581
vt 0.973773 0.349333
vt 0.971077 0.349761
vt 0.976499 0.340219
vt 0.976516 0.344549
vt 0.976536 0.348818
vt 0.968964 0.34625
vt 0.969337 0.342284
vt 0.966762 0.346461
vt 0.967267 0.342673
vt 0.968514 0.350016
vt 0.966152 0.350012
vt 0.969557 0.337918
vt 0.971832 0.337425
vt 0.969703 0.33328
vt 0.971982 0.332831
vt 0.967566 0.338412
vt 0.967239 0.332822
vt 0.974149 0.336663
vt 0.976487 0.335766
vt 0.974238 0.33206
vt 0.976482 0.331128
vt 0.037972 0.944792
vt 0.040755 0.948094
vt 0.03843 0.948719
vt 0.035818 0.945534
vt 0.036353 0.949324
vt 0.033815 0.94627
vt 0.043362 0.951932
vt 0.040925 0.952447
vt 0.038796 0.952951
vt 0.033128 0.942711
vt 0.035178 0.941873
vt 0.030399 0.94007
vt 0.032379 0.939144
vt 0.031213 0.943599
vt 0.028579 0.941118
vt 0.037312 0.940833
vt 0.040264 0.943782
vt 0.039474 0.939344
vt 0.042523 0.942135
vt 0.03447 0.938129
vt 0.03662 0.936815
vt 0.043438 0.947219
vt 0.046302 0.951235
vt 0.045962 0.945446
vt 0.050714 0.950126
vt 0.332123 0.948677
vt 0.33467 0.948885
vt 0.333901 0.952737
vt 0.331339 0.952544
vt 0.333565 0.956875
vt 0.330965 0.9566
vt 0.337216 0.949092
vt 0.336464 0.952929
vt 0.336165 0.95715
vt 0.328776 0.952351
vt 0.329577 0.94847
vt 0.326214 0.952159
vt 0.327031 0.948263
vt 0.328365 0.956325
vt 0.325765 0.95605
vt 0.330638 0.94465
vt 0.333182 0.944937
vt 0.331828 0.940861
vt 0.334377 0.941259
vt 0.328093 0.944364
vt 0.329279 0.940463
vt 0.335726 0.945223
vt 0.33827 0.94551
vt 0.336926 0.941657
vt 0.339475 0.942056
vt 0.308382 0.962008
vt 0.308092 0.966929
vt 0.305676 0.967302
vt 0.306085 0.962197
vt 0.303335 0.967539
vt 0.30383 0.962397
vt 0.307811 0.971821
vt 0.3053 0.972292
vt 0.302879 0.972525
vt 0.306558 0.956861
vt 0.308688 0.957029
vt 0.307065 0.951409
vt 0.309002 0.952021
vt 0.3044 0.956943
vt 0.305353 0.950272
vt 0.310912 0.95701
vt 0.310735 0.961738
vt 0.313185 0.956898
vt 0.313117 0.961427
vt 0.311089 0.952283
vt 0.313252 0.952369
vt 0.310558 0.966465
vt 0.310381 0.971192
vt 0.31305 0.965956
vt 0.312982 0.970485
vt 0.331724 0.965405
vt 0.334476 0.9662
vt 0.335436 0.971197
vt 0.332582 0.970028
vt 0.336539 0.976289
vt 0.333578 0.974715
vt 0.337229 0.966996
vt 0.33829 0.972366
vt 0.339501 0.977863
vt 0.329728 0.96886
vt 0.328971 0.96461
vt 0.326875 0.967691
vt 0.326218 0.963814
vt 0.330616 0.97314
vt 0.327654 0.971566
vt 0.328473 0.960421
vt 0.331139 0.960908
vt 0.325807 0.959935
vt 0.333805 0.961395
vt 0.336471 0.961881
vt 0.318414 0.952976
vt 0.318452 0.957434
vt 0.315968 0.957974
vt 0.31591 0.953936
vt 0.313483 0.958515
vt 0.313406 0.954895
vt 0.31849 0.961892
vt 0.316025 0.962013
vt 0.31356 0.962134
vt 0.315853 0.949897
vt 0.318376 0.948518
vt 0.315795 0.945858
vt 0.318338 0.944059
vt 0.313329 0.951276
vt 0.313252 0.947656
vt 0.320899 0.947139
vt 0.320918 0.952016
vt 0.323422 0.94576
vt 0.323422 0.951057
vt 0.320881 0.942261
vt 0.323423 0.940463
vt 0.320936 0.956894
vt 0.320955 0.961771
vt 0.323421 0.956354
vt 0.32342 0.961651
vt 0.015932 0.662173
vt 0.018665 0.662765
vt 0.018442 0.665842
vt 0.015753 0.665677
vt 0.018218 0.668919
vt 0.015573 0.669181
vt 0.021461 0.663474
vt 0.021193 0.666093
vt 0.020924 0.668712
vt 0.013188 0.665683
vt 0.013326 0.661811
vt 0.010808 0.665947
vt 0.01091 0.661797
vt 0.013049 0.669556
vt 0.010706 0.670097
vt 0.013465 0.657939
vt 0.016112 0.658668
vt 0.013604 0.654066
vt 0.016292 0.655164
vt 0.011012 0.657646
vt 0.011114 0.653496
vt 0.018888 0.659689
vt 0.021729 0.660855
vt 0.019112 0.656612
vt 0.021998 0.658236
vt 0.530414 0.933997
vt 0.534083 0.934171
vt 0.534576 0.936499
vt 0.530725 0.935952
vt 0.534645 0.938604
vt 0.530674 0.937743
vt 0.537753 0.934345
vt 0.538428 0.937046
vt 0.538616 0.939465
vt 0.526873 0.935405
vt 0.526744 0.933823
vt 0.523022 0.934858
vt 0.523074 0.933649
vt 0.526703 0.936882
vt 0.522732 0.936021
vt 0.526415 0.932171
vt 0.529861 0.931932
vt 0.525986 0.930483
vt 0.529188 0.929812
vt 0.522969 0.93241
vt 0.522785 0.931154
vt 0.533307 0.931693
vt 0.536753 0.931455
vt 0.532389 0.929141
vt 0.535591 0.92847
vt 0.972153 0.322716
vt 0.972174 0.317262
vt 0.974348 0.316622
vt 0.974329 0.321958
vt 0.976521 0.315982
vt 0.976502 0.321175
vt 0.972174 0.311681
vt 0.974358 0.311205
vt 0.976543 0.310728
vt 0.974295 0.327131
vt 0.972089 0.327917
vt 0.976488 0.326244
vt 0.969856 0.328499
vt 0.96997 0.323423
vt 0.96761 0.32898
vt 0.967784 0.324105
vt 0.970001 0.317902
vt 0.96999 0.312157
vt 0.967827 0.318541
vt 0.967805 0.312634
vt 0.047717 0.961509
vt 0.045516 0.96203
vt 0.043265 0.956901
vt 0.045626 0.956456
vt 0.043347 0.962492
vt 0.041112 0.957342
vt 0.048326 0.955918
vt 0.050025 0.96102
vt 0.051196 0.955333
vt 0.052386 0.960548
vt 0.051913 0.966296
vt 0.049802 0.966931
vt 0.053895 0.971657
vt 0.051885 0.972537
vt 0.054048 0.965769
vt 0.055947 0.970993
vt 0.047743 0.967784
vt 0.045548 0.968392
vt 0.049959 0.97385
vt 0.048158 0.975811
vt 0.040464 0.981065
vt 0.041186 0.977073
vt 0.043828 0.977775
vt 0.042751 0.981544
vt 0.046525 0.978638
vt 0.045016 0.982112
vt 0.041267 0.972764
vt 0.044126 0.97355
vt 0.041509 0.985435
vt 0.039402 0.984951
vt 0.040184 0.989386
vt 0.038171 0.988784
vt 0.043592 0.986019
vt 0.042209 0.990143
vt 0.03725 0.984669
vt 0.038134 0.980764
vt 0.035029 0.98469
vt 0.035671 0.98065
vt 0.036186 0.988492
vt 0.03424 0.988663
vt 0.038654 0.976693
vt 0.038631 0.972374
vt 0.036019 0.976475
vt 0.035925 0.972099
vt 0.038899 0.963
vt 0.036659 0.963136
vt 0.035214 0.959007
vt 0.03706 0.958438
vt 0.033494 0.955506
vt 0.034977 0.954455
vt 0.034254 0.962978
vt 0.033246 0.959109
vt 0.032492 0.956503
vt 0.039035 0.957869
vt 0.041135 0.9628
vt 0.036779 0.953612
vt 0.04303 0.968293
vt 0.040403 0.967924
vt 0.037882 0.967723
vt 0.035242 0.967454
vt 0.006774 0.66304
vt 0.008747 0.662245
vt 0.008677 0.666553
vt 0.006731 0.667417
vt 0.008607 0.670862
vt 0.006689 0.671794
vt 0.00491 0.668453
vt 0.004927 0.664067
vt 0.00315 0.669573
vt 0.003144 0.665209
vt 0.004892 0.672838
vt 0.003156 0.673938
vt 0.004945 0.659681
vt 0.006817 0.658663
vt 0.004963 0.655296
vt 0.006859 0.654286
vt 0.003138 0.660845
vt 0.003132 0.656481
vt 0.008818 0.657936
vt 0.008888 0.653628
vt 0.529328 0.940903
vt 0.533317 0.942115
vt 0.532383 0.943916
vt 0.528439 0.942746
vt 0.531577 0.94601
vt 0.527677 0.945081
vt 0.537305 0.943327
vt 0.536326 0.945086
vt 0.535478 0.946938
vt 0.524496 0.941576
vt 0.525339 0.939691
vt 0.520552 0.940407
vt 0.521351 0.938478
vt 0.523776 0.944152
vt 0.519876 0.943224
vt 0.526134 0.938218
vt 0.530141 0.939314
vt 0.522126 0.937122
vt 0.534148 0.94041
vt 0.538155 0.941506
vt 0.95965 0.663372
vt 0.961632 0.662904
vt 0.961628 0.666307
vt 0.959674 0.666533
vt 0.961298 0.66978
vt 0.959411 0.669776
vt 0.963503 0.662427
vt 0.963453 0.666126
vt 0.963054 0.669902
vt 0.957462 0.666848
vt 0.957447 0.663818
vt 0.954862 0.667299
vt 0.954885 0.664177
vt 0.957261 0.670011
vt 0.954717 0.670601
vt 0.957003 0.661054
vt 0.959053 0.660375
vt 0.955755 0.658638
vt 0.957555 0.657613
vt 0.954663 0.661418
vt 0.95427 0.659514
vt 0.960983 0.65964
vt 0.962854 0.658878
vt 0.959356 0.656585
vt 0.961157 0.655556
vt 0.298946 0.948796
vt 0.299551 0.951549
vt 0.297563 0.952698
vt 0.297091 0.950057
vt 0.295659 0.953683
vt 0.295256 0.951277
vt 0.299882 0.954749
vt 0.297788 0.955721
vt 0.295823 0.956447
vt 0.296453 0.947671
vt 0.298211 0.946232
vt 0.295733 0.945413
vt 0.297412 0.943763
vt 0.294695 0.94911
vt 0.294055 0.947063
vt 0.299969 0.944793
vt 0.300842 0.947452
vt 0.301727 0.943353
vt 0.30276 0.946068
vt 0.299091 0.942113
vt 0.300769 0.940463
vt 0.301706 0.950073
vt 0.30223 0.953282
vt 0.303944 0.948433
vt 0.951179 0.6529
vt 0.952514 0.651241
vt 0.956424 0.653809
vt 0.954832 0.655156
vt 0.953921 0.649742
vt 0.958063 0.652536
vt 0.953333 0.656653
vt 0.949987 0.654883
vt 0.952239 0.658578
vt 0.949076 0.657399
vt 0.945969 0.653108
vt 0.946891 0.650742
vt 0.941616 0.651333
vt 0.942287 0.648633
vt 0.945253 0.656129
vt 0.9411 0.654812
vt 0.947951 0.648812
vt 0.94908 0.6471
vt 0.943062 0.646453
vt 0.94389 0.644533
vt 0.299427 0.962995
vt 0.29893 0.967514
vt 0.296815 0.967342
vt 0.297332 0.963171
vt 0.294725 0.967125
vt 0.295276 0.963287
vt 0.298366 0.972121
vt 0.296215 0.971641
vt 0.294094 0.971083
vt 0.297684 0.959255
vt 0.299792 0.958652
vt 0.295669 0.959688
vt 0.302088 0.957711
vt 0.301602 0.9627
vt 0.301095 0.967595
vt 0.300578 0.972441
vt 0.964019 0.342997
vt 0.965534 0.342922
vt 0.964829 0.346366
vt 0.963099 0.346043
vt 0.964057 0.349661
vt 0.962163 0.349051
vt 0.961505 0.345566
vt 0.962607 0.342865
vt 0.959977 0.345014
vt 0.961247 0.342629
vt 0.960402 0.348268
vt 0.958708 0.347398
vt 0.96371 0.340163
vt 0.964905 0.339876
vt 0.964813 0.337462
vt 0.965774 0.336719
vt 0.962516 0.340245
vt 0.963786 0.337861
vt 0.966103 0.339179
vt 0.966605 0.335287
vt 0.030405 0.948667
vt 0.032744 0.951273
vt 0.031449 0.952804
vt 0.029186 0.950615
vt 0.03076 0.955039
vt 0.028444 0.953305
vt 0.026816 0.948648
vt 0.028005 0.946417
vt 0.024393 0.946793
vt 0.025573 0.944345
vt 0.025976 0.951627
vt 0.023432 0.949978
vt 0.029488 0.944784
vt 0.031979 0.947267
vt 0.02697 0.942498
vt 0.034419 0.950144
vt 0.94836 0.664488
vt 0.948244 0.668694
vt 0.944483 0.669549
vt 0.944579 0.664567
vt 0.940593 0.670449
vt 0.940641 0.66463
vt 0.948183 0.673089
vt 0.944456 0.674749
vt 0.940597 0.676527
vt 0.944813 0.660021
vt 0.948586 0.660662
vt 0.940793 0.659331
vt 0.951863 0.661208
vt 0.951826 0.664379
vt 0.951747 0.667929
vt 0.951647 0.671667
vt 0.52706 0.951754
vt 0.530957 0.951544
vt 0.530962 0.95474
vt 0.52704 0.955727
vt 0.531057 0.958058
vt 0.527102 0.959883
vt 0.534854 0.951334
vt 0.534884 0.953752
vt 0.535012 0.956233
vt 0.523117 0.956715
vt 0.523162 0.951963
vt 0.519195 0.957703
vt 0.519265 0.952173
vt 0.523147 0.961708
vt 0.519192 0.963534
vt 0.523357 0.947695
vt 0.527244 0.948144
vt 0.519469 0.947246
vt 0.531132 0.948593
vt 0.53502 0.949042
vt 0.030139 0.980962
vt 0.02718 0.981291
vt 0.02653 0.975844
vt 0.029878 0.976052
vt 0.025993 0.970448
vt 0.029515 0.971095
vt 0.024166 0.981668
vt 0.023104 0.975637
vt 0.02238 0.96976
vt 0.033067 0.976262
vt 0.032988 0.980733
vt 0.032856 0.971659
vt 0.032716 0.985115
vt 0.030334 0.985843
vt 0.032347 0.989453
vt 0.030495 0.990707
vt 0.027906 0.986772
vt 0.025455 0.987802
vt 0.028669 0.992271
vt 0.026857 0.993988
vt 0.028557 0.961267
vt 0.028299 0.956932
vt 0.030905 0.958275
vt 0.031525 0.962295
vt 0.032259 0.96688
vt 0.029018 0.966077
vt 0.025607 0.965122
vt 0.025433 0.960071
vt 0.022109 0.96409
vt 0.022232 0.958792
vt 0.025536 0.955504
vt 0.022693 0.954033
vt 0.760563 0.922174
vt 0.763098 0.914467
vt 0.767107 0.919605
vt 0.764812 0.925956
vt 0.771116 0.924743
vt 0.769062 0.929739
vt 0.766077 0.906622
vt 0.769722 0.913145
vt 0.773366 0.919668
vt 0.763158 0.932091
vt 0.758914 0.929603
vt 0.762463 0.937899
vt 0.758595 0.936617
vt 0.767401 0.934578
vt 0.76633 0.939181
vt 0.754671 0.927116
vt 0.756314 0.918391
vt 0.750427 0.924628
vt 0.752064 0.914608
vt 0.754728 0.935335
vt 0.750861 0.934052
vt 0.75909 0.909329
vt 0.762433 0.900098
vt 0.755081 0.904191
vt 0.758788 0.893575
vt 0.603618 0.539128
vt 0.61047 0.540018
vt 0.605877 0.549312
vt 0.600372 0.546222
vt 0.600204 0.556374
vt 0.596417 0.551946
vt 0.595148 0.544602
vt 0.59677 0.538907
vt 0.590064 0.543717
vt 0.589923 0.539022
vt 0.59278 0.549429
vt 0.589219 0.547866
vt 0.597894 0.532634
vt 0.606098 0.531438
vt 0.59877 0.526072
vt 0.608195 0.523452
vt 0.589126 0.533964
vt 0.587999 0.528724
vt 0.613173 0.53051
vt 0.61493 0.520895
vt 0.762834 0.94912
vt 0.76005 0.943076
vt 0.763047 0.943273
vt 0.764591 0.948322
vt 0.766044 0.94347
vt 0.766348 0.947523
vt 0.766775 0.953153
vt 0.766505 0.954887
vt 0.769279 0.957876
vt 0.77062 0.960515
vt 0.767045 0.951419
vt 0.767938 0.955237
vt 0.766236 0.95662
vt 0.761078 0.949918
vt 0.765966 0.958354
vt 0.759321 0.950717
vt 0.771961 0.963154
vt 0.773302 0.965792
vt 0.757053 0.942879
vt 0.754056 0.942682
vt 0.586713 0.557792
vt 0.588131 0.559992
vt 0.581886 0.561021
vt 0.581296 0.559572
vt 0.575585 0.562163
vt 0.575718 0.561111
vt 0.589558 0.562346
vt 0.582477 0.56247
vt 0.575451 0.563216
vt 0.580705 0.558124
vt 0.58531 0.5559
vt 0.580114 0.556675
vt 0.583916 0.554163
vt 0.575851 0.560058
vt 0.575984 0.559005
vt 0.589418 0.553098
vt 0.591808 0.555526
vt 0.58706 0.551287
vt 0.594263 0.559188
vt 0.59675 0.563468
vt 0.384588 0.767979
vt 0.385414 0.772059
vt 0.381889 0.773202
vt 0.380127 0.769746
vt 0.37828 0.774679
vt 0.3758 0.771731
vt 0.386147 0.775962
vt 0.383585 0.776566
vt 0.380608 0.777746
vt 0.378232 0.766107
vt 0.383577 0.763543
vt 0.376561 0.761155
vt 0.382575 0.758182
vt 0.373016 0.76902
vt 0.38918 0.761681
vt 0.389318 0.766646
vt 0.395346 0.760381
vt 0.394844 0.765591
vt 0.388739 0.756143
vt 0.39535 0.754803
vt 0.38877 0.771585
vt 0.387879 0.776511
vt 0.393263 0.771109
vt 0.388366 0.778791
vt 0.046547 0.936146
vt 0.048555 0.932445
vt 0.051272 0.933505
vt 0.04943 0.937925
vt 0.053989 0.934565
vt 0.052347 0.939745
vt 0.050582 0.928562
vt 0.053225 0.928975
vt 0.055867 0.929388
vt 0.04781 0.942127
vt 0.044577 0.939482
vt 0.051176 0.944932
vt 0.041612 0.937157
vt 0.043731 0.934445
vt 0.038781 0.934991
vt 0.040949 0.932785
vt 0.045839 0.931384
vt 0.04794 0.928149
vt 0.043122 0.930324
vt 0.045297 0.927736
vt 0.381143 0.743109
vt 0.381778 0.751326
vt 0.375469 0.753762
vt 0.374667 0.744788
vt 0.373864 0.735096
vt 0.38063 0.733669
vt 0.38797 0.732278
vt 0.388114 0.741577
vt 0.395817 0.73112
vt 0.395599 0.740345
vt 0.388377 0.749487
vt 0.395439 0.748182
vt 0.323552 0.757348
vt 0.31869 0.758338
vt 0.316105 0.749421
vt 0.321271 0.748138
vt 0.313776 0.759247
vt 0.310872 0.750674
vt 0.326305 0.746796
vt 0.328311 0.756196
vt 0.330089 0.76494
vt 0.325634 0.765846
vt 0.331752 0.773357
vt 0.327617 0.773989
vt 0.321121 0.766468
vt 0.316578 0.766948
vt 0.323475 0.774205
vt 0.319329 0.774213
vt 0.412043 0.739125
vt 0.412732 0.729979
vt 0.421577 0.729783
vt 0.420733 0.738911
vt 0.430534 0.729694
vt 0.429556 0.73881
vt 0.419814 0.746621
vt 0.411317 0.746867
vt 0.418925 0.75312
vt 0.410631 0.753409
vt 0.42847 0.746493
vt 0.427407 0.752949
vt 0.403139 0.747348
vt 0.40362 0.739565
vt 0.40271 0.753931
vt 0.404108 0.730389
vt 0.215672 0.762963
vt 0.219416 0.771904
vt 0.213484 0.775839
vt 0.209651 0.766842
vt 0.208402 0.779167
vt 0.204515 0.770144
vt 0.222802 0.781215
vt 0.217034 0.785202
vt 0.212072 0.788557
vt 0.205253 0.758577
vt 0.211213 0.754763
vt 0.200008 0.751411
vt 0.205681 0.747672
vt 0.200191 0.761857
vt 0.195213 0.754673
vt 0.218125 0.750295
vt 0.22264 0.758381
vt 0.212285 0.743346
vt 0.226273 0.767226
vt 0.229463 0.776449
vt 0.409379 0.763913
vt 0.410058 0.758955
vt 0.418172 0.758616
vt 0.417436 0.76342
vt 0.426502 0.758383
vt 0.425677 0.763054
vt 0.416601 0.767846
vt 0.408375 0.768686
vt 0.41555 0.772207
vt 0.407032 0.773536
vt 0.424852 0.767222
vt 0.42395 0.771144
vt 0.400197 0.769958
vt 0.40169 0.764658
vt 0.398279 0.775397
vt 0.402377 0.759508
vt 0.196516 0.775751
vt 0.20039 0.784861
vt 0.197108 0.788137
vt 0.193271 0.778766
vt 0.194075 0.792306
vt 0.190273 0.782395
vt 0.204139 0.794363
vt 0.200854 0.797932
vt 0.197816 0.80269
vt 0.18925 0.770245
vt 0.19239 0.767429
vt 0.184955 0.762998
vt 0.187887 0.760285
vt 0.18635 0.773432
vt 0.182244 0.765889
vt 0.19597 0.76472
vt 0.2002 0.772995
vt 0.191239 0.757571
vt 0.204096 0.782022
vt 0.207826 0.791425
vt 0.403321 0.784232
vt 0.412532 0.781609
vt 0.410731 0.786526
vt 0.400996 0.790071
vt 0.408847 0.791505
vt 0.398519 0.796072
vt 0.421718 0.779028
vt 0.420466 0.782982
vt 0.419175 0.786939
vt 0.391261 0.793616
vt 0.39406 0.786941
vt 0.381526 0.79716
vt 0.384774 0.789692
vt 0.388191 0.800639
vt 0.377862 0.805205
vt 0.396316 0.780963
vt 0.40534 0.778719
vt 0.387193 0.783376
vt 0.414166 0.776815
vt 0.422892 0.775081
vt 0.184434 0.792317
vt 0.187333 0.786993
vt 0.191116 0.797822
vt 0.188211 0.804349
vt 0.194869 0.809195
vt 0.191988 0.817012
vt 0.185344 0.81155
vt 0.181564 0.798125
vt 0.182494 0.819088
vt 0.178708 0.804175
vt 0.189153 0.825702
vt 0.18634 0.834829
vt 0.177841 0.786154
vt 0.180655 0.781544
vt 0.174206 0.776364
vt 0.176874 0.772662
vt 0.175037 0.790921
vt 0.171542 0.780155
vt 0.183488 0.777251
vt 0.179552 0.76914
vt 0.869956 0.265409
vt 0.870586 0.269553
vt 0.869657 0.270196
vt 0.868906 0.265898
vt 0.868728 0.27084
vt 0.8679 0.266414
vt 0.872049 0.272926
vt 0.871288 0.273697
vt 0.870528 0.274467
vt 0.868438 0.26099
vt 0.86965 0.260725
vt 0.867653 0.255659
vt 0.868994 0.255611
vt 0.8674 0.261362
vt 0.86659 0.255854
vt 0.871214 0.260677
vt 0.871095 0.264974
vt 0.872953 0.260736
vt 0.872277 0.264565
vt 0.870887 0.255858
vt 0.874353 0.257231
vt 0.871514 0.26891
vt 0.872809 0.272156
vt 0.872443 0.268266
vt 0.87357 0.271385
vt 0.864965 0.244594
vt 0.866559 0.244627
vt 0.869128 0.250357
vt 0.867313 0.250175
vt 0.8685 0.244304
vt 0.87126 0.250102
vt 0.865955 0.250093
vt 0.863712 0.244457
vt 0.864826 0.250062
vt 0.862627 0.244266
vt 0.86129 0.238912
vt 0.862307 0.239047
vt 0.85878 0.233415
vt 0.859494 0.233517
vt 0.860511 0.238749
vt 0.863801 0.239124
vt 0.86573 0.238903
vt 0.860948 0.233733
vt 0.862955 0.2337
vt 0.878552 0.276762
vt 0.882673 0.277414
vt 0.883484 0.279305
vt 0.878595 0.277996
vt 0.884479 0.281434
vt 0.878683 0.279289
vt 0.886624 0.277137
vt 0.888127 0.279547
vt 0.874398 0.276212
vt 0.874858 0.275298
vt 0.873939 0.277125
vt 0.875317 0.274384
vt 0.878602 0.275647
vt 0.875776 0.27347
vt 0.878698 0.274592
vt 0.882231 0.275998
vt 0.885768 0.27549
vt 0.881972 0.27482
vt 0.885236 0.274226
vt 0.01218 0.973352
vt 0.012725 0.972311
vt 0.015846 0.976012
vt 0.015702 0.97737
vt 0.019186 0.97968
vt 0.019469 0.981373
vt 0.013269 0.971271
vt 0.01599 0.974654
vt 0.018902 0.977987
vt 0.015557 0.978728
vt 0.011635 0.974392
vt 0.015413 0.980086
vt 0.011091 0.975432
vt 0.019753 0.983066
vt 0.020036 0.984759
vt 0.008261 0.970059
vt 0.009151 0.969302
vt 0.005708 0.965732
vt 0.00686 0.965205
vt 0.007372 0.970817
vt 0.004557 0.96626
vt 0.01004 0.968544
vt 0.01093 0.967787
vt 0.008012 0.964678
vt 0.009164 0.964151
vt 0.892388 0.273722
vt 0.894522 0.271149
vt 0.895632 0.272279
vt 0.894027 0.275538
vt 0.896434 0.268333
vt 0.896818 0.268684
vt 0.891583 0.278126
vt 0.889809 0.275812
vt 0.88878 0.274176
vt 0.891398 0.272258
vt 0.888125 0.27288
vt 0.890733 0.27097
vt 0.893753 0.269936
vt 0.895976 0.267413
vt 0.893155 0.268684
vt 0.895482 0.26621
vt 0.005073 0.956941
vt 0.006435 0.956691
vt 0.006857 0.96068
vt 0.005554 0.961046
vt 0.007797 0.956441
vt 0.008161 0.960313
vt 0.004251 0.961413
vt 0.003711 0.957191
vt 0.002947 0.961779
vt 0.002348 0.957441
vt 0.003912 0.953157
vt 0.005257 0.953005
vt 0.004677 0.949401
vt 0.005947 0.949355
vt 0.002566 0.953308
vt 0.003407 0.949447
vt 0.006602 0.952854
vt 0.007948 0.952702
vt 0.007217 0.949309
vt 0.008487 0.949263
vt 0.015364 0.933971
vt 0.013433 0.936027
vt 0.012824 0.935276
vt 0.01485 0.933073
vt 0.012214 0.934526
vt 0.014337 0.932176
vt 0.01159 0.938219
vt 0.010865 0.937625
vt 0.01014 0.937031
vt 0.016923 0.930968
vt 0.017352 0.932006
vt 0.019017 0.928911
vt 0.019369 0.930087
vt 0.016493 0.92993
vt 0.018665 0.927736
vt 0.017781 0.933045
vt 0.015877 0.934869
vt 0.018211 0.934083
vt 0.01639 0.935766
vt 0.019721 0.931263
vt 0.020073 0.932439
vt 0.014043 0.936777
vt 0.012314 0.938812
vt 0.014653 0.937528
vt 0.013039 0.939406
vt 0.008307 0.943203
vt 0.00932 0.943457
vt 0.008136 0.946199
vt 0.006983 0.946106
vt 0.010333 0.943711
vt 0.00929 0.946292
vt 0.005829 0.946013
vt 0.007293 0.94295
vt 0.004675 0.94592
vt 0.00628 0.942696
vt 0.008997 0.940168
vt 0.009861 0.940593
vt 0.008132 0.939744
vt 0.010726 0.941017
vt 0.011591 0.941441
vt 0.970758 0.933662
vt 0.970883 0.931414
vt 0.974256 0.931416
vt 0.974143 0.933673
vt 0.977629 0.931419
vt 0.977528 0.933684
vt 0.971029 0.929273
vt 0.974402 0.929276
vt 0.977775 0.929279
vt 0.974095 0.936161
vt 0.970674 0.936125
vt 0.974145 0.938997
vt 0.970652 0.938911
vt 0.977516 0.936197
vt 0.977638 0.939083
vt 0.967253 0.936089
vt 0.967373 0.933651
vt 0.963832 0.936053
vt 0.963988 0.93364
vt 0.967159 0.938824
vt 0.963666 0.938738
vt 0.96751 0.931411
vt 0.967655 0.929271
vt 0.964137 0.931408
vt 0.964282 0.929268
vt 0.927899 0.946683
vt 0.930413 0.946627
vt 0.931149 0.949373
vt 0.928591 0.949448
vt 0.931656 0.952346
vt 0.92901 0.952461
vt 0.932926 0.946571
vt 0.933707 0.949297
vt 0.934303 0.952231
vt 0.926033 0.949524
vt 0.925385 0.946739
vt 0.923475 0.9496
vt 0.922872 0.946795
vt 0.926363 0.952576
vt 0.923717 0.952691
vt 0.924526 0.944132
vt 0.927025 0.944082
vt 0.923562 0.941614
vt 0.92606 0.941564
vt 0.922027 0.944181
vt 0.921063 0.941663
vt 0.929524 0.944033
vt 0.932023 0.943983
vt 0.928559 0.941515
vt 0.931058 0.941465
vt 0.970823 0.94563
vt 0.970713 0.942127
vt 0.974326 0.942296
vt 0.974569 0.945909
vt 0.977939 0.942466
vt 0.978315 0.946188
vt 0.974808 0.949685
vt 0.970951 0.949279
vt 0.974975 0.953472
vt 0.971063 0.952929
vt 0.978665 0.950091
vt 0.978887 0.954016
vt 0.967094 0.948873
vt 0.967078 0.945352
vt 0.963237 0.948466
vt 0.963332 0.945073
vt 0.967151 0.952384
vt 0.963239 0.951841
vt 0.9671 0.941957
vt 0.963487 0.941788
vt 0.928847 0.959394
vt 0.931832 0.959128
vt 0.931654 0.962785
vt 0.928447 0.963148
vt 0.931399 0.966518
vt 0.927956 0.966986
vt 0.934818 0.958863
vt 0.934861 0.962422
vt 0.934842 0.96605
vt 0.92524 0.963512
vt 0.925861 0.959659
vt 0.922034 0.963875
vt 0.922876 0.959924
vt 0.924514 0.967454
vt 0.921071 0.967922
vt 0.926271 0.955984
vt 0.929065 0.955804
vt 0.923477 0.956164
vt 0.931859 0.955623
vt 0.934652 0.955443
vt 0.971154 0.95984
vt 0.971127 0.956437
vt 0.975002 0.957122
vt 0.974924 0.960668
vt 0.978877 0.957807
vt 0.978693 0.961496
vt 0.974776 0.964144
vt 0.971157 0.963172
vt 0.974593 0.967586
vt 0.971148 0.966468
vt 0.978394 0.965117
vt 0.978037 0.968704
vt 0.967539 0.962199
vt 0.967384 0.959012
vt 0.96392 0.961227
vt 0.963615 0.958184
vt 0.967704 0.965351
vt 0.964259 0.964233
vt 0.967252 0.955752
vt 0.963377 0.955067
vt 0.954747 0.950478
vt 0.954439 0.946625
vt 0.957275 0.94712
vt 0.957735 0.950816
vt 0.96011 0.947615
vt 0.960722 0.951154
vt 0.954131 0.942771
vt 0.956815 0.943424
vt 0.959499 0.944077
vt 0.958195 0.954512
vt 0.955055 0.954332
vt 0.958655 0.958208
vt 0.955363 0.958186
vt 0.961334 0.954692
vt 0.961946 0.958231
vt 0.951916 0.954152
vt 0.95176 0.950141
vt 0.948777 0.953972
vt 0.948772 0.949803
vt 0.952072 0.958163
vt 0.948781 0.958141
vt 0.951604 0.946129
vt 0.951447 0.942118
vt 0.948768 0.945634
vt 0.948764 0.941465
vt 0.941841 0.954051
vt 0.941844 0.959377
vt 0.938385 0.960344
vt 0.938382 0.955017
vt 0.934926 0.96131
vt 0.934923 0.955984
vt 0.941846 0.964704
vt 0.938388 0.96567
vt 0.934929 0.966636
vt 0.938379 0.949691
vt 0.941838 0.948725
vt 0.938376 0.944364
vt 0.941835 0.943398
vt 0.93492 0.950657
vt 0.934917 0.945331
vt 0.945296 0.947758
vt 0.945299 0.953085
vt 0.948755 0.946792
vt 0.948758 0.952118
vt 0.945293 0.942432
vt 0.948752 0.941465
vt 0.945302 0.958411
vt 0.945305 0.963738
vt 0.948761 0.957445
vt 0.948764 0.962771
vt 0.873382 0.242055
vt 0.876186 0.240575
vt 0.878884 0.24559
vt 0.876099 0.24719
vt 0.881582 0.250605
vt 0.878819 0.25236
vt 0.879101 0.239014
vt 0.881799 0.244029
vt 0.884497 0.249044
vt 0.873571 0.24887
vt 0.870797 0.243372
vt 0.876359 0.254504
vt 0.868053 0.238146
vt 0.870672 0.236987
vt 0.865324 0.233056
vt 0.867966 0.231953
vt 0.873488 0.23556
vt 0.876403 0.233999
vt 0.87079 0.230545
vt 0.873705 0.228984
vt 0.69253 0.949016
vt 0.697346 0.949033
vt 0.696669 0.953006
vt 0.691942 0.952463
vt 0.696313 0.957281
vt 0.691666 0.956138
vt 0.702159 0.949042
vt 0.701396 0.953549
vt 0.70096 0.958424
vt 0.687215 0.951921
vt 0.687707 0.948984
vt 0.682488 0.951378
vt 0.682882 0.948944
vt 0.687019 0.954995
vt 0.682372 0.953852
vt 0.688407 0.946259
vt 0.693198 0.94592
vt 0.689225 0.94382
vt 0.693716 0.943296
vt 0.683604 0.946567
vt 0.684705 0.944266
vt 0.697965 0.945517
vt 0.702719 0.945084
vt 0.698145 0.942615
vt 0.702543 0.941855
vt 0.692608 0.963774
vt 0.693555 0.967684
vt 0.688356 0.964532
vt 0.687685 0.961316
vt 0.683157 0.96138
vt 0.682763 0.958858
vt 0.694637 0.971619
vt 0.689122 0.967763
vt 0.683608 0.963907
vt 0.687208 0.958132
vt 0.691933 0.959917
vt 0.682482 0.956347
vt 0.696659 0.961702
vt 0.697531 0.966232
vt 0.701384 0.963487
vt 0.702453 0.96869
vt 0.698754 0.970835
vt 0.700152 0.975475
vt 0.703952 0.973987
vt 0.705666 0.979331
vt 0.693722 0.940057
vt 0.695932 0.939057
vt 0.697506 0.940481
vt 0.693851 0.941269
vt 0.698706 0.9379
vt 0.7011 0.939536
vt 0.690074 0.941743
vt 0.691314 0.939929
vt 0.686236 0.942059
vt 0.68809 0.939922
vt 0.693308 0.938282
vt 0.695679 0.936719
vt 0.690158 0.937832
vt 0.692334 0.935766
vt 0.205732 0.84796
vt 0.206133 0.845046
vt 0.20711 0.847889
vt 0.206135 0.850832
vt 0.208029 0.851148
vt 0.206653 0.854525
vt 0.206649 0.8413
vt 0.208027 0.844536
vt 0.209406 0.847771
vt 0.205045 0.852954
vt 0.204929 0.848001
vt 0.203898 0.854666
vt 0.203895 0.848054
vt 0.205276 0.857902
vt 0.2039 0.861279
vt 0.205042 0.843036
vt 0.20527 0.838065
vt 0.203893 0.841442
vt 0.203891 0.834829
vt 0.015979 0.586487
vt 0.015057 0.582887
vt 0.017396 0.582042
vt 0.018273 0.585893
vt 0.019736 0.581198
vt 0.020567 0.5853
vt 0.013894 0.579333
vt 0.016271 0.578207
vt 0.018648 0.577081
vt 0.018907 0.589724
vt 0.01664 0.590103
vt 0.019303 0.593496
vt 0.01702 0.593704
vt 0.021174 0.589344
vt 0.021585 0.593288
vt 0.014373 0.590483
vt 0.013685 0.587081
vt 0.012106 0.590863
vt 0.011391 0.587675
vt 0.014737 0.593912
vt 0.012455 0.59412
vt 0.012718 0.583731
vt 0.011517 0.580458
vt 0.010379 0.584575
vt 0.00914 0.581584
vt 0.671367 0.549238
vt 0.672639 0.551714
vt 0.669441 0.553399
vt 0.668019 0.551114
vt 0.666566 0.555344
vt 0.665035 0.553184
vt 0.673689 0.553846
vt 0.670536 0.555374
vt 0.667687 0.557223
vt 0.665945 0.548209
vt 0.66965 0.546075
vt 0.662687 0.550462
vt 0.673893 0.543896
vt 0.675109 0.547514
vt 0.678395 0.54219
vt 0.679181 0.546067
vt 0.676169 0.55027
vt 0.677153 0.552596
vt 0.680038 0.549049
vt 0.680932 0.551584
vt 0.010957 0.572438
vt 0.009294 0.569058
vt 0.011626 0.566961
vt 0.013323 0.570679
vt 0.013959 0.564864
vt 0.015689 0.568921
vt 0.007576 0.565698
vt 0.009867 0.563256
vt 0.012158 0.560814
vt 0.014892 0.574424
vt 0.012509 0.575856
vt 0.017276 0.572991
vt 0.010125 0.577289
vt 0.008591 0.574196
vt 0.007742 0.578721
vt 0.006225 0.575954
vt 0.006962 0.571155
vt 0.005285 0.56814
vt 0.004629 0.573252
vt 0.002994 0.570582
vt 0.688163 0.544275
vt 0.688775 0.547257
vt 0.684255 0.548032
vt 0.683522 0.545025
vt 0.689397 0.550171
vt 0.685032 0.550767
vt 0.682877 0.541474
vt 0.687574 0.541157
vt 0.682276 0.537651
vt 0.686996 0.537971
vt 0.692722 0.540649
vt 0.693137 0.543706
vt 0.698259 0.540287
vt 0.698402 0.543439
vt 0.692307 0.537591
vt 0.698116 0.537136
vt 0.693552 0.546763
vt 0.693968 0.549821
vt 0.698544 0.546591
vt 0.698687 0.549743
vt 0.688361 0.475192
vt 0.692676 0.472056
vt 0.695139 0.474531
vt 0.690404 0.477726
vt 0.69635 0.468535
vt 0.69907 0.470736
vt 0.684722 0.480236
vt 0.683474 0.478029
vt 0.678567 0.482402
vt 0.678301 0.480717
vt 0.68176 0.476223
vt 0.686412 0.473174
vt 0.680224 0.474465
vt 0.684757 0.471408
vt 0.676811 0.479256
vt 0.674337 0.478352
vt 0.690468 0.470093
vt 0.693894 0.466791
vt 0.688592 0.468417
vt 0.691783 0.46529
vt 0.709499 0.544195
vt 0.708897 0.547353
vt 0.703705 0.546778
vt 0.703913 0.543595
vt 0.708295 0.550511
vt 0.703497 0.549961
vt 0.704122 0.540412
vt 0.710101 0.541037
vt 0.70433 0.537228
vt 0.710704 0.537879
vt 0.715988 0.54218
vt 0.714986 0.545262
vt 0.721573 0.543856
vt 0.720199 0.546817
vt 0.716991 0.539098
vt 0.722947 0.540895
vt 0.713983 0.548344
vt 0.71298 0.551425
vt 0.718824 0.549778
vt 0.71745 0.552738
vt 0.016853 0.601175
vt 0.0171 0.597259
vt 0.019466 0.597175
vt 0.019339 0.601211
vt 0.021832 0.597092
vt 0.021826 0.601248
vt 0.018867 0.606056
vt 0.016255 0.605861
vt 0.017991 0.61216
vt 0.015279 0.611724
vt 0.021479 0.606251
vt 0.020703 0.612595
vt 0.013643 0.605666
vt 0.014367 0.601138
vt 0.011031 0.605471
vt 0.011881 0.601102
vt 0.012567 0.611289
vt 0.009856 0.610853
vt 0.014734 0.597342
vt 0.012367 0.597426
vt 0.660072 0.558046
vt 0.661681 0.560002
vt 0.659514 0.562576
vt 0.658097 0.560845
vt 0.657427 0.565219
vt 0.656292 0.563768
vt 0.662809 0.561916
vt 0.660631 0.56458
vt 0.658527 0.567334
vt 0.656077 0.559662
vt 0.657499 0.556004
vt 0.655088 0.563647
vt 0.659787 0.552999
vt 0.662385 0.555494
vt 0.664005 0.557569
vt 0.665136 0.559434
vt 0.012219 0.627812
vt 0.0139 0.619173
vt 0.016655 0.619974
vt 0.014975 0.629072
vt 0.019411 0.620775
vt 0.017731 0.630332
vt 0.013064 0.639025
vt 0.010336 0.637244
vt 0.011039 0.649406
vt 0.008352 0.647072
vt 0.015793 0.640807
vt 0.013725 0.65174
vt 0.007607 0.635462
vt 0.009463 0.626552
vt 0.004879 0.63368
vt 0.006707 0.625292
vt 0.005665 0.644737
vt 0.002979 0.642403
vt 0.011145 0.618373
vt 0.00839 0.617572
vt 0.668961 0.758178
vt 0.666216 0.756835
vt 0.670924 0.750214
vt 0.673993 0.751631
vt 0.674835 0.743562
vt 0.678171 0.744927
vt 0.663488 0.755554
vt 0.667924 0.749046
vt 0.671608 0.742542
vt 0.677204 0.753548
vt 0.671742 0.759646
vt 0.680485 0.755714
vt 0.67454 0.761176
vt 0.681724 0.746984
vt 0.665832 0.766174
vt 0.663405 0.764804
vt 0.659699 0.772917
vt 0.657586 0.77147
vt 0.66826 0.767543
vt 0.661811 0.774363
vt 0.660977 0.763435
vt 0.65855 0.762065
vt 0.655473 0.770024
vt 0.653361 0.768578
vt 0.608107 0.428128
vt 0.607318 0.435559
vt 0.605651 0.435105
vt 0.605897 0.426662
vt 0.606871 0.443066
vt 0.605984 0.443811
vt 0.607301 0.418745
vt 0.60958 0.420847
vt 0.60977 0.410975
vt 0.611856 0.413494
vt 0.611693 0.422246
vt 0.610327 0.429313
vt 0.613598 0.423112
vt 0.612404 0.43006
vt 0.613827 0.415229
vt 0.615632 0.416378
vt 0.609616 0.436779
vt 0.609232 0.444445
vt 0.612037 0.43772
vt 0.612616 0.447826
vt 0.68319 0.730436
vt 0.679655 0.730017
vt 0.680924 0.722896
vt 0.684463 0.722862
vt 0.681673 0.71539
vt 0.685138 0.714921
vt 0.676158 0.729448
vt 0.677409 0.722647
vt 0.678233 0.715535
vt 0.688052 0.722262
vt 0.686803 0.730555
vt 0.688657 0.713807
vt 0.684808 0.739058
vt 0.681165 0.737827
vt 0.677686 0.736868
vt 0.674289 0.736045
vt 0.619056 0.398351
vt 0.615056 0.405848
vt 0.613209 0.402977
vt 0.617443 0.395217
vt 0.622296 0.388162
vt 0.62373 0.391444
vt 0.627591 0.382282
vt 0.628791 0.385719
vt 0.625547 0.393712
vt 0.620746 0.400626
vt 0.627196 0.395321
vt 0.622342 0.402273
vt 0.630595 0.388097
vt 0.634061 0.388509
vt 0.616842 0.40791
vt 0.618517 0.409362
vt 0.685091 0.697888
vt 0.682042 0.699344
vt 0.681445 0.691738
vt 0.684235 0.689796
vt 0.68018 0.685033
vt 0.682733 0.682653
vt 0.679022 0.700488
vt 0.678674 0.693396
vt 0.677622 0.687155
vt 0.687064 0.687285
vt 0.688198 0.69581
vt 0.685279 0.679756
vt 0.688718 0.70482
vt 0.68537 0.70643
vt 0.682082 0.707383
vt 0.678823 0.708009
vt 0.639237 0.379179
vt 0.633948 0.381766
vt 0.633154 0.378042
vt 0.63903 0.375043
vt 0.645266 0.372882
vt 0.644691 0.37755
vt 0.651049 0.371951
vt 0.649959 0.376848
vt 0.644785 0.381554
vt 0.639851 0.382787
vt 0.645213 0.385227
vt 0.640667 0.386132
vt 0.649728 0.380961
vt 0.649927 0.384681
vt 0.635242 0.384712
vt 0.636785 0.387269
vt 0.677757 0.67241
vt 0.675514 0.675383
vt 0.672501 0.671755
vt 0.674605 0.668698
vt 0.669295 0.668469
vt 0.671258 0.665407
vt 0.673149 0.678168
vt 0.67016 0.674788
vt 0.666955 0.671725
vt 0.676232 0.665593
vt 0.679757 0.669057
vt 0.67247 0.662732
vt 0.682808 0.673729
vt 0.68052 0.676959
vt 0.678138 0.679695
vt 0.675708 0.682184
vt 0.659204 0.378306
vt 0.654691 0.377044
vt 0.655571 0.372636
vt 0.659728 0.374584
vt 0.656727 0.367979
vt 0.660321 0.3708
vt 0.664419 0.37744
vt 0.663815 0.380798
vt 0.669493 0.381756
vt 0.668579 0.384917
vt 0.665024 0.374081
vt 0.670407 0.378596
vt 0.663211 0.384157
vt 0.658819 0.381904
vt 0.662606 0.387516
vt 0.658503 0.38544
vt 0.667664 0.388077
vt 0.66675 0.391237
vt 0.654365 0.380958
vt 0.654317 0.384624
vt 0.581709 0.921748
vt 0.58368 0.923664
vt 0.583036 0.928572
vt 0.580969 0.927
vt 0.582939 0.934478
vt 0.580692 0.933244
vt 0.585651 0.925579
vt 0.585103 0.930145
vt 0.585186 0.935713
vt 0.578903 0.925427
vt 0.579738 0.919833
vt 0.576836 0.923854
vt 0.577766 0.917917
vt 0.578445 0.93201
vt 0.576199 0.930776
vt 0.580824 0.914897
vt 0.582756 0.917158
vt 0.582036 0.910291
vt 0.583957 0.912899
vt 0.578892 0.912636
vt 0.580115 0.907683
vt 0.584688 0.91942
vt 0.58662 0.921681
vt 0.585878 0.915508
vt 0.587799 0.918116
vt 0.678559 0.39841
vt 0.673549 0.391054
vt 0.674796 0.388086
vt 0.680142 0.395647
vt 0.676043 0.385118
vt 0.681725 0.392884
vt 0.685344 0.403659
vt 0.683443 0.406187
vt 0.690215 0.411341
vt 0.688035 0.413584
vt 0.687244 0.401132
vt 0.692395 0.409098
vt 0.681543 0.408715
vt 0.676976 0.401173
vt 0.679642 0.411242
vt 0.675393 0.403936
vt 0.685855 0.415827
vt 0.683675 0.41807
vt 0.672301 0.394021
vt 0.671054 0.396989
vt 0.581674 0.949091
vt 0.584533 0.949657
vt 0.585433 0.957686
vt 0.582313 0.957467
vt 0.585872 0.96518
vt 0.582635 0.965328
vt 0.587392 0.950223
vt 0.588553 0.957905
vt 0.589109 0.965031
vt 0.579193 0.957248
vt 0.578815 0.948525
vt 0.576073 0.957029
vt 0.575957 0.947959
vt 0.579398 0.965476
vt 0.576161 0.965624
vt 0.578491 0.93991
vt 0.581031 0.940812
vt 0.575952 0.939009
vt 0.58357 0.941714
vt 0.586109 0.942615
vt 0.69583 0.425062
vt 0.692168 0.419802
vt 0.694569 0.417911
vt 0.698618 0.423516
vt 0.69697 0.416019
vt 0.701458 0.421918
vt 0.702575 0.428305
vt 0.69901 0.429586
vt 0.705774 0.432877
vt 0.701546 0.433819
vt 0.70635 0.426817
vt 0.69587 0.430453
vt 0.693148 0.426505
vt 0.69294 0.431114
vt 0.690518 0.427896
vt 0.698074 0.434176
vt 0.694436 0.433349
vt 0.689766 0.421693
vt 0.687365 0.423585
vt 0.581556 0.977947
vt 0.584395 0.976985
vt 0.582907 0.981874
vt 0.580468 0.983269
vt 0.581205 0.986475
vt 0.579223 0.988309
vt 0.587234 0.976022
vt 0.585346 0.980479
vt 0.583186 0.98464
vt 0.578029 0.984664
vt 0.578717 0.978909
vt 0.57559 0.986059
vt 0.575878 0.979872
vt 0.577242 0.990144
vt 0.57526 0.991978
vt 0.579206 0.972605
vt 0.582331 0.972061
vt 0.576082 0.97315
vt 0.585455 0.971516
vt 0.588579 0.970972
vt 0.704256 0.442623
vt 0.703275 0.438207
vt 0.70755 0.437833
vt 0.708319 0.442828
vt 0.708497 0.44752
vt 0.704552 0.446939
vt 0.708021 0.45215
vt 0.704195 0.451277
vt 0.701498 0.446676
vt 0.701121 0.44257
vt 0.699096 0.446539
vt 0.698724 0.442593
vt 0.701168 0.450753
vt 0.698751 0.450381
vt 0.699902 0.438309
vt 0.697466 0.438392
vt 0.740736 0.562932
vt 0.738248 0.564722
vt 0.736272 0.561933
vt 0.738671 0.559942
vt 0.733854 0.559185
vt 0.736137 0.556988
vt 0.735761 0.566512
vt 0.733872 0.563925
vt 0.731572 0.561382
vt 0.74107 0.55795
vt 0.743224 0.561143
vt 0.743469 0.555959
vt 0.745711 0.559353
vt 0.73842 0.55479
vt 0.740702 0.552593
vt 0.745046 0.564357
vt 0.742489 0.565948
vt 0.746704 0.567583
vt 0.744085 0.568975
vt 0.747604 0.562767
vt 0.749322 0.566191
vt 0.739931 0.567538
vt 0.737374 0.569129
vt 0.741467 0.570368
vt 0.738849 0.57176
vt 0.701599 0.460233
vt 0.703218 0.45576
vt 0.706826 0.45696
vt 0.704926 0.461777
vt 0.702336 0.466427
vt 0.699317 0.464543
vt 0.696653 0.463078
vt 0.698769 0.459082
vt 0.694384 0.461826
vt 0.696405 0.458122
vt 0.700266 0.454932
vt 0.697858 0.454275
vt 0.729239 0.551343
vt 0.727309 0.553955
vt 0.723283 0.551683
vt 0.724965 0.548882
vt 0.725378 0.556568
vt 0.721602 0.554484
vt 0.726646 0.546081
vt 0.73117 0.54873
vt 0.728328 0.54328
vt 0.733101 0.546117
vt 0.735107 0.551675
vt 0.732978 0.554083
vt 0.737236 0.549267
vt 0.73085 0.556491
vt 0.728721 0.558899
vt 0.692872 0.45616
vt 0.694218 0.452877
vt 0.695877 0.453587
vt 0.694476 0.457146
vt 0.695071 0.449509
vt 0.696754 0.449963
vt 0.692549 0.460577
vt 0.691041 0.459332
vt 0.690098 0.463817
vt 0.688732 0.462365
vt 0.68975 0.458088
vt 0.691486 0.455167
vt 0.688567 0.456846
vt 0.690208 0.45417
vt 0.68758 0.460928
vt 0.686534 0.459498
vt 0.692773 0.452152
vt 0.693598 0.449033
vt 0.691435 0.451419
vt 0.69223 0.448545
vt 0.966571 0.511205
vt 0.968033 0.510586
vt 0.969609 0.514099
vt 0.968085 0.514952
vt 0.971462 0.517602
vt 0.969916 0.518641
vt 0.969494 0.509967
vt 0.971134 0.513246
vt 0.973007 0.516562
vt 0.96656 0.515806
vt 0.96511 0.511823
vt 0.965035 0.516659
vt 0.963649 0.512442
vt 0.96837 0.519681
vt 0.966825 0.520721
vt 0.964059 0.507815
vt 0.965438 0.507446
vt 0.963444 0.503862
vt 0.964746 0.503725
vt 0.96268 0.508184
vt 0.962141 0.504
vt 0.966817 0.507077
vt 0.968196 0.506708
vt 0.966048 0.503587
vt 0.967351 0.503449
vt 0.69535 0.442591
vt 0.694933 0.439024
vt 0.696001 0.43871
vt 0.696873 0.442615
vt 0.694343 0.435419
vt 0.69481 0.434711
vt 0.697105 0.446336
vt 0.695422 0.446084
vt 0.693945 0.445798
vt 0.693934 0.442477
vt 0.692571 0.445497
vt 0.692572 0.442319
vt 0.693684 0.439099
vt 0.693316 0.435691
vt 0.692346 0.439053
vt 0.692008 0.435745
vt 0.96475 0.496504
vt 0.965982 0.496679
vt 0.965812 0.500131
vt 0.964557 0.500089
vt 0.967214 0.496855
vt 0.967067 0.500174
vt 0.963302 0.500046
vt 0.963519 0.496329
vt 0.962048 0.500004
vt 0.962287 0.496153
vt 0.963976 0.492673
vt 0.965204 0.492937
vt 0.964557 0.489041
vt 0.965798 0.489355
vt 0.962747 0.492409
vt 0.963317 0.488728
vt 0.966433 0.493202
vt 0.967661 0.493466
vt 0.967039 0.489668
vt 0.968279 0.489982
vt 0.83821 0.927058
vt 0.836085 0.932094
vt 0.834801 0.931587
vt 0.837098 0.926373
vt 0.833516 0.931081
vt 0.835987 0.925687
vt 0.834479 0.937933
vt 0.833032 0.937611
vt 0.831584 0.937288
vt 0.839749 0.921697
vt 0.840682 0.922558
vt 0.842576 0.91729
vt 0.843326 0.918327
vt 0.838816 0.920835
vt 0.841825 0.916254
vt 0.841615 0.92342
vt 0.839322 0.927743
vt 0.842548 0.924282
vt 0.840434 0.928429
vt 0.844077 0.919363
vt 0.844828 0.9204
vt 0.83737 0.9326
vt 0.835927 0.938256
vt 0.838654 0.933106
vt 0.837374 0.938578
vt 0.967345 0.48186
vt 0.968634 0.482198
vt 0.967674 0.486049
vt 0.96641 0.485723
vt 0.969924 0.482537
vt 0.968937 0.486375
vt 0.965147 0.485396
vt 0.966055 0.481521
vt 0.963884 0.48507
vt 0.964766 0.481183
vt 0.967593 0.477199
vt 0.968905 0.477585
vt 0.970071 0.472214
vt 0.971395 0.472718
vt 0.966281 0.476814
vt 0.968748 0.471711
vt 0.970217 0.477971
vt 0.971529 0.478356
vt 0.972719 0.473221
vt 0.974043 0.473724
vt 0.833198 0.95224
vt 0.833233 0.959531
vt 0.831402 0.959759
vt 0.831471 0.952294
vt 0.82957 0.959988
vt 0.829743 0.952349
vt 0.833523 0.966128
vt 0.831622 0.966509
vt 0.829721 0.966891
vt 0.831968 0.944712
vt 0.833565 0.944845
vt 0.83037 0.94458
vt 0.835163 0.944978
vt 0.834926 0.952186
vt 0.836761 0.94511
vt 0.836654 0.952132
vt 0.835064 0.959302
vt 0.835424 0.965747
vt 0.836896 0.959074
vt 0.837326 0.965365
vt 0.979767 0.460854
vt 0.981066 0.461884
vt 0.976437 0.467803
vt 0.975119 0.467076
vt 0.982364 0.462914
vt 0.977754 0.46853
vt 0.973801 0.466349
vt 0.978469 0.459824
vt 0.972483 0.465622
vt 0.97717 0.458794
vt 0.983762 0.452859
vt 0.985032 0.454246
vt 0.989368 0.445674
vt 0.990606 0.447443
vt 0.982491 0.451473
vt 0.98813 0.443906
vt 0.986303 0.455632
vt 0.987573 0.457018
vt 0.991844 0.449212
vt 0.993082 0.450981
vt 0.834484 0.97577
vt 0.835251 0.979398
vt 0.833383 0.980131
vt 0.832565 0.976384
vt 0.831516 0.980864
vt 0.830646 0.976998
vt 0.836274 0.982622
vt 0.834497 0.983499
vt 0.832719 0.984377
vt 0.831994 0.971947
vt 0.833924 0.971444
vt 0.830064 0.972451
vt 0.835854 0.97094
vt 0.836403 0.975155
vt 0.837785 0.970436
vt 0.838322 0.974541
vt 0.837119 0.978665
vt 0.838051 0.981744
vt 0.838987 0.977933
vt 0.839829 0.980866
vt 0.014454 0.552263
vt 0.016075 0.550812
vt 0.018217 0.553361
vt 0.016644 0.55493
vt 0.02041 0.555796
vt 0.018883 0.557469
vt 0.017697 0.549361
vt 0.01979 0.551793
vt 0.021938 0.554123
vt 0.015071 0.556498
vt 0.012833 0.553714
vt 0.013498 0.558067
vt 0.011211 0.555164
vt 0.017356 0.559141
vt 0.015829 0.560814
vt 0.010688 0.550646
vt 0.012362 0.549339
vt 0.008684 0.547155
vt 0.010417 0.546032
vt 0.009014 0.551953
vt 0.00695 0.548278
vt 0.014036 0.548033
vt 0.01571 0.546726
vt 0.01215 0.544909
vt 0.013884 0.543786
vt 0.839156 0.988758
vt 0.840863 0.991728
vt 0.839551 0.993269
vt 0.837666 0.990051
vt 0.838239 0.994809
vt 0.836176 0.991344
vt 0.842645 0.994669
vt 0.841521 0.996469
vt 0.840397 0.998269
vt 0.835953 0.9868
vt 0.837601 0.985732
vt 0.834305 0.987869
vt 0.839249 0.984664
vt 0.840645 0.987465
vt 0.840897 0.983596
vt 0.842135 0.986172
vt 0.842174 0.990187
vt 0.843769 0.992869
vt 0.843486 0.988646
vt 0.844894 0.991069
vt 0.007227 0.537837
vt 0.009091 0.537215
vt 0.01047 0.541327
vt 0.008668 0.542213
vt 0.010955 0.536592
vt 0.012271 0.540441
vt 0.006866 0.543099
vt 0.005364 0.53846
vt 0.005064 0.543985
vt 0.0035 0.539083
vt 0.004304 0.533221
vt 0.006208 0.532861
vt 0.003814 0.527365
vt 0.005723 0.527239
vt 0.002399 0.533581
vt 0.001905 0.527491
vt 0.008113 0.5325
vt 0.010018 0.53214
vt 0.007632 0.527112
vt 0.009541 0.526986
vt 0.6249 0.40448
vt 0.621427 0.411136
vt 0.620032 0.410403
vt 0.623674 0.403523
vt 0.618643 0.417615
vt 0.617219 0.417141
vt 0.628128 0.396627
vt 0.628898 0.397725
vt 0.63299 0.389724
vt 0.633157 0.39092
vt 0.630057 0.398707
vt 0.626181 0.405248
vt 0.631411 0.399631
vt 0.627489 0.40592
vt 0.634151 0.392105
vt 0.635559 0.393282
vt 0.622742 0.411664
vt 0.619958 0.417895
vt 0.624017 0.41209
vt 0.621219 0.418079
vt 0.006636 0.514292
vt 0.008411 0.514489
vt 0.007745 0.52098
vt 0.005883 0.520927
vt 0.010185 0.514687
vt 0.009606 0.521033
vt 0.004022 0.520874
vt 0.004861 0.514094
vt 0.00216 0.520821
vt 0.003086 0.513896
vt 0.006265 0.507371
vt 0.007926 0.507699
vt 0.008166 0.501051
vt 0.009698 0.501516
vt 0.004604 0.507043
vt 0.006634 0.500585
vt 0.009586 0.508028
vt 0.011247 0.508356
vt 0.01123 0.501982
vt 0.012762 0.502448
vt 0.615728 0.430032
vt 0.615778 0.436432
vt 0.614072 0.437339
vt 0.614182 0.430211
vt 0.617032 0.443058
vt 0.61528 0.444555
vt 0.61525 0.423611
vt 0.616713 0.423836
vt 0.618049 0.423879
vt 0.617103 0.429788
vt 0.619322 0.423829
vt 0.618395 0.429511
vt 0.617211 0.435795
vt 0.61846 0.442074
vt 0.618506 0.435293
vt 0.619726 0.441348
vt 0.014421 0.491283
vt 0.015689 0.492097
vt 0.0133 0.496739
vt 0.011899 0.496109
vt 0.016957 0.492912
vt 0.014701 0.497369
vt 0.010498 0.495479
vt 0.013153 0.490468
vt 0.009097 0.494849
vt 0.011885 0.489654
vt 0.016024 0.485832
vt 0.017157 0.486845
vt 0.019002 0.481383
vt 0.02 0.482601
vt 0.01489 0.484819
vt 0.018003 0.480165
vt 0.018291 0.487858
vt 0.019424 0.48887
vt 0.020999 0.483818
vt 0.021998 0.485036
vt 0.623188 0.456683
vt 0.627163 0.462946
vt 0.626215 0.4643
vt 0.622042 0.457985
vt 0.625266 0.465655
vt 0.620872 0.459331
vt 0.631213 0.468162
vt 0.630368 0.469661
vt 0.629522 0.471159
vt 0.618167 0.45142
vt 0.619656 0.449931
vt 0.616576 0.453088
vt 0.620941 0.448799
vt 0.624282 0.455471
vt 0.622123 0.447845
vt 0.62535 0.454303
vt 0.628112 0.461591
vt 0.632059 0.466664
vt 0.62906 0.460237
vt 0.632905 0.465165
vt 0.37038 0.821966
vt 0.368988 0.822391
vt 0.367431 0.815289
vt 0.368732 0.814627
vt 0.365707 0.807948
vt 0.36691 0.807034
vt 0.367596 0.822815
vt 0.366131 0.81595
vt 0.364503 0.808862
vt 0.370032 0.813966
vt 0.371772 0.821542
vt 0.371333 0.813305
vt 0.373164 0.821118
vt 0.368113 0.806119
vt 0.369316 0.805205
vt 0.373152 0.828577
vt 0.371681 0.828796
vt 0.373993 0.834801
vt 0.372461 0.834862
vt 0.374623 0.828358
vt 0.375525 0.83474
vt 0.37021 0.829015
vt 0.368739 0.829234
vt 0.370929 0.834923
vt 0.369397 0.834984
vt 0.638515 0.474109
vt 0.641939 0.475493
vt 0.64123 0.477168
vt 0.63777 0.475746
vt 0.64052 0.478844
vt 0.637025 0.477382
vt 0.645327 0.476252
vt 0.644668 0.477977
vt 0.644008 0.479702
vt 0.634184 0.473359
vt 0.634969 0.471774
vt 0.6334 0.474945
vt 0.635753 0.470189
vt 0.63926 0.472473
vt 0.636537 0.468604
vt 0.640005 0.470836
vt 0.642649 0.473817
vt 0.645986 0.474527
vt 0.643358 0.472142
vt 0.646646 0.472802
vt 0.37214 0.844165
vt 0.370547 0.844073
vt 0.370978 0.839875
vt 0.372546 0.839909
vt 0.368955 0.843981
vt 0.369409 0.839842
vt 0.374115 0.839943
vt 0.373732 0.844257
vt 0.375684 0.839976
vt 0.375325 0.84435
vt 0.37306 0.847999
vt 0.371444 0.847858
vt 0.372312 0.851424
vt 0.370661 0.851216
vt 0.374676 0.848141
vt 0.373962 0.851632
vt 0.369828 0.847717
vt 0.368211 0.847576
vt 0.36901 0.851008
vt 0.367359 0.8508
vt 0.682752 0.467907
vt 0.685954 0.465234
vt 0.687121 0.466802
vt 0.683599 0.469632
vt 0.679508 0.472405
vt 0.679169 0.470354
vt 0.67528 0.474689
vt 0.675361 0.47241
vt 0.67876 0.468624
vt 0.682033 0.466296
vt 0.678316 0.467054
vt 0.681379 0.46474
vt 0.67522 0.470582
vt 0.674968 0.468979
vt 0.684991 0.463697
vt 0.684128 0.462176
vt 0.974309 0.525624
vt 0.975724 0.524423
vt 0.978109 0.527527
vt 0.97679 0.528768
vt 0.980646 0.530284
vt 0.979408 0.531581
vt 0.97714 0.523222
vt 0.979428 0.526286
vt 0.981883 0.528988
vt 0.975471 0.530009
vt 0.972893 0.526826
vt 0.974152 0.53125
vt 0.971478 0.528027
vt 0.97817 0.532877
vt 0.976932 0.534173
vt 0.970504 0.523369
vt 0.972004 0.522224
vt 0.969004 0.524514
vt 0.973504 0.521079
vt 0.975005 0.519934
vt 0.667555 0.47501
vt 0.671487 0.473912
vt 0.671342 0.47605
vt 0.667473 0.47693
vt 0.671115 0.478336
vt 0.667369 0.478887
vt 0.663449 0.477767
vt 0.663578 0.475853
vt 0.659424 0.478424
vt 0.659659 0.476448
vt 0.66332 0.479682
vt 0.659189 0.480399
vt 0.663707 0.473939
vt 0.667597 0.473163
vt 0.663836 0.472025
vt 0.667619 0.471354
vt 0.659894 0.474472
vt 0.660129 0.472496
vt 0.671467 0.47207
vt 0.671366 0.470376
vt 0.984908 0.536088
vt 0.9861 0.534548
vt 0.988949 0.536282
vt 0.987743 0.537985
vt 0.991833 0.537902
vt 0.990601 0.539781
vt 0.987292 0.533008
vt 0.990156 0.534578
vt 0.993064 0.536023
vt 0.986536 0.539689
vt 0.983716 0.537627
vt 0.98533 0.541392
vt 0.982524 0.539167
vt 0.98937 0.541661
vt 0.988139 0.54354
vt 0.980923 0.535387
vt 0.982122 0.533987
vt 0.979724 0.536787
vt 0.983321 0.532586
vt 0.98452 0.531186
vt 0.65228 0.476892
vt 0.655903 0.476799
vt 0.65555 0.478759
vt 0.651811 0.478787
vt 0.655198 0.480719
vt 0.651342 0.480681
vt 0.648189 0.478521
vt 0.648765 0.476714
vt 0.647614 0.480329
vt 0.64934 0.474907
vt 0.65275 0.474997
vt 0.649916 0.4731
vt 0.653219 0.473102
vt 0.656255 0.474838
vt 0.656607 0.472878
vt 0.369414 0.857634
vt 0.367629 0.857171
vt 0.368285 0.854146
vt 0.369994 0.854465
vt 0.365845 0.856707
vt 0.366576 0.853827
vt 0.371703 0.854785
vt 0.371198 0.858098
vt 0.373411 0.855104
vt 0.372982 0.858562
vt 0.370763 0.86138
vt 0.368891 0.860749
vt 0.370362 0.864646
vt 0.368398 0.863837
vt 0.372634 0.86201
vt 0.372326 0.865454
vt 0.36702 0.860119
vt 0.365149 0.859488
vt 0.366434 0.863029
vt 0.36447 0.862221
vt 0.162397 0.857697
vt 0.161941 0.851248
vt 0.16941 0.851564
vt 0.169842 0.857854
vt 0.161406 0.845245
vt 0.168899 0.845746
vt 0.170117 0.865089
vt 0.162694 0.865043
vt 0.170157 0.87374
vt 0.162753 0.873731
vt 0.155042 0.864692
vt 0.154684 0.85716
vt 0.147275 0.864189
vt 0.146838 0.856432
vt 0.155154 0.873456
vt 0.147456 0.873047
vt 0.154164 0.850449
vt 0.153561 0.844148
vt 0.146232 0.849409
vt 0.14554 0.842753
vt 0.276279 0.850334
vt 0.284596 0.849927
vt 0.284091 0.857424
vt 0.275545 0.857452
vt 0.282921 0.865709
vt 0.274177 0.865509
vt 0.292913 0.849521
vt 0.292637 0.857397
vt 0.291665 0.865908
vt 0.266998 0.857479
vt 0.267962 0.85074
vt 0.258453 0.857506
vt 0.259645 0.851147
vt 0.265434 0.865309
vt 0.25669 0.86511
vt 0.268526 0.844729
vt 0.276593 0.843842
vt 0.268889 0.839082
vt 0.276695 0.837664
vt 0.260459 0.845616
vt 0.261082 0.840499
vt 0.28466 0.842956
vt 0.292727 0.842069
vt 0.284502 0.836247
vt 0.292308 0.834829
vt 0.161999 0.896033
vt 0.162495 0.88421
vt 0.169882 0.884279
vt 0.169372 0.896236
vt 0.168705 0.909137
vt 0.161344 0.90875
vt 0.167959 0.922509
vt 0.16061 0.921916
vt 0.153853 0.907957
vt 0.154477 0.895499
vt 0.146296 0.906961
vt 0.146881 0.8948
vt 0.153147 0.920826
vt 0.145625 0.919489
vt 0.154938 0.883862
vt 0.147296 0.883373
vt 0.269552 0.884903
vt 0.278568 0.884991
vt 0.276666 0.895115
vt 0.267568 0.89528
vt 0.275801 0.904976
vt 0.266653 0.905472
vt 0.287585 0.88508
vt 0.285764 0.894949
vt 0.284949 0.904481
vt 0.25847 0.895446
vt 0.260535 0.884814
vt 0.249371 0.895611
vt 0.251519 0.884725
vt 0.257505 0.905968
vt 0.248358 0.906464
vt 0.263068 0.874595
vt 0.271967 0.874819
vt 0.254169 0.87437
vt 0.280867 0.875043
vt 0.289766 0.875268
vt 0.830712 0.285376
vt 0.835893 0.29077
vt 0.830859 0.298223
vt 0.825432 0.29274
vt 0.825825 0.305676
vt 0.820152 0.300105
vt 0.841159 0.295699
vt 0.836379 0.303214
vt 0.8316 0.310728
vt 0.820194 0.286274
vt 0.825704 0.27905
vt 0.815238 0.278331
vt 0.820954 0.271328
vt 0.814684 0.293497
vt 0.809523 0.285333
vt 0.831214 0.271827
vt 0.835993 0.278012
vt 0.836725 0.264604
vt 0.841273 0.270647
vt 0.826669 0.264326
vt 0.832385 0.257323
vt 0.840927 0.283318
vt 0.845938 0.288185
vt 0.84596 0.275865
vt 0.850718 0.28067
vt 0.269518 0.924029
vt 0.278685 0.922778
vt 0.281595 0.931067
vt 0.272443 0.932725
vt 0.284925 0.939182
vt 0.275795 0.941255
vt 0.287853 0.921527
vt 0.290748 0.929409
vt 0.294055 0.937108
vt 0.263291 0.934383
vt 0.26035 0.925279
vt 0.254138 0.936041
vt 0.251182 0.92653
vt 0.266665 0.943329
vt 0.257536 0.945403
vt 0.258277 0.91586
vt 0.267445 0.915
vt 0.249108 0.91672
vt 0.276614 0.914139
vt 0.285783 0.913279
vt 0.81241 0.250773
vt 0.816547 0.261744
vt 0.810659 0.26842
vt 0.806281 0.256983
vt 0.804771 0.275095
vt 0.80024 0.263261
vt 0.801929 0.244465
vt 0.808469 0.238891
vt 0.797426 0.231308
vt 0.804315 0.226309
vt 0.795738 0.250309
vt 0.791077 0.236715
vt 0.815706 0.233856
vt 0.818714 0.244697
vt 0.823293 0.229091
vt 0.825104 0.238688
vt 0.812282 0.222125
vt 0.823455 0.220478
vt 0.822435 0.255068
vt 0.828323 0.248392
vt 0.109305 0.635127
vt 0.113002 0.628479
vt 0.123347 0.629006
vt 0.121731 0.635266
vt 0.134531 0.628961
vt 0.134461 0.635035
vt 0.116869 0.621917
vt 0.12449 0.622953
vt 0.127779 0.6247
vt 0.119169 0.64194
vt 0.105949 0.641949
vt 0.132558 0.641642
vt 0.09284 0.641764
vt 0.096591 0.634871
vt 0.079787 0.641483
vt 0.083733 0.634556
vt 0.101249 0.628086
vt 0.106359 0.621355
vt 0.088791 0.62776
vt 0.094406 0.621029
vt 0.794545 0.200279
vt 0.799541 0.213235
vt 0.792598 0.217955
vt 0.787604 0.204815
vt 0.786067 0.222958
vt 0.780868 0.209439
vt 0.782605 0.192296
vt 0.789723 0.188048
vt 0.777762 0.180807
vt 0.785142 0.176905
vt 0.775642 0.196557
vt 0.770548 0.184714
vt 0.797149 0.183822
vt 0.801897 0.195916
vt 0.80504 0.17963
vt 0.80953 0.191597
vt 0.792855 0.173011
vt 0.801068 0.16913
vt 0.80731 0.209081
vt 0.814974 0.204912
vt 0.161667 0.633008
vt 0.163591 0.625817
vt 0.176323 0.624286
vt 0.174236 0.631809
vt 0.187294 0.623062
vt 0.185563 0.630692
vt 0.165597 0.618187
vt 0.178356 0.616177
vt 0.188948 0.614763
vt 0.1723 0.638929
vt 0.159565 0.640011
vt 0.183934 0.637836
vt 0.14617 0.640957
vt 0.148091 0.634183
vt 0.148803 0.627637
vt 0.15 0.620816
vt 0.777535 0.158306
vt 0.780869 0.167215
vt 0.773235 0.170756
vt 0.769712 0.161465
vt 0.765749 0.174309
vt 0.762008 0.164641
vt 0.767884 0.152254
vt 0.775771 0.149509
vt 0.768439 0.142445
vt 0.776208 0.140154
vt 0.760088 0.155003
vt 0.760752 0.144694
vt 0.783839 0.146775
vt 0.785594 0.155183
vt 0.792179 0.144056
vt 0.794007 0.152112
vt 0.784143 0.137778
vt 0.792326 0.135274
vt 0.788801 0.163697
vt 0.797181 0.160214
vt 0.204242 0.62903
vt 0.205562 0.621711
vt 0.214322 0.621828
vt 0.212516 0.628491
vt 0.223079 0.622228
vt 0.22051 0.628051
vt 0.206636 0.613743
vt 0.215685 0.61433
vt 0.227404 0.617443
vt 0.211124 0.635129
vt 0.20296 0.635965
vt 0.218901 0.634322
vt 0.194026 0.636858
vt 0.195412 0.629764
vt 0.196796 0.622163
vt 0.198049 0.613919
vt 0.784867 0.118062
vt 0.779476 0.129569
vt 0.772065 0.131359
vt 0.777994 0.119315
vt 0.764765 0.133007
vt 0.771289 0.120289
vt 0.78546 0.106633
vt 0.791674 0.105941
vt 0.793693 0.093632
vt 0.799189 0.093513
vt 0.779487 0.106882
vt 0.788523 0.093131
vt 0.798374 0.104364
vt 0.792076 0.116251
vt 0.805801 0.101458
vt 0.799789 0.113602
vt 0.805338 0.092156
vt 0.812465 0.088941
vt 0.78711 0.127496
vt 0.79508 0.124999
vt 0.977189 0.138102
vt 0.982187 0.141439
vt 0.977738 0.1549
vt 0.972805 0.152171
vt 0.974073 0.168428
vt 0.9691 0.166248
vt 0.987186 0.144776
vt 0.982672 0.157628
vt 0.979045 0.170608
vt 0.967872 0.149442
vt 0.97219 0.134765
vt 0.962939 0.146713
vt 0.967191 0.131427
vt 0.964128 0.164067
vt 0.959155 0.161887
vt 0.976891 0.120053
vt 0.982025 0.124038
vt 0.981783 0.105323
vt 0.987087 0.109977
vt 0.971757 0.116067
vt 0.976479 0.100669
vt 0.987159 0.128024
vt 0.992293 0.13201
vt 0.992391 0.114631
vt 0.997695 0.119285
vt 0.263035 0.267762
vt 0.275061 0.258187
vt 0.278349 0.263579
vt 0.266221 0.273909
vt 0.281674 0.268049
vt 0.269391 0.279206
vt 0.287195 0.248343
vt 0.290551 0.252881
vt 0.293988 0.256423
vt 0.254238 0.283504
vt 0.251222 0.276797
vt 0.242474 0.291997
vt 0.23973 0.285024
vt 0.257173 0.289425
vt 0.245049 0.298237
vt 0.248044 0.26852
vt 0.25982 0.259917
vt 0.244623 0.257887
vt 0.256561 0.249524
vt 0.236647 0.276585
vt 0.233054 0.265948
vt 0.271847 0.250954
vt 0.284001 0.241813
vt 0.268744 0.240959
vt 0.28105 0.232293
vt 0.964424 0.194225
vt 0.969792 0.195516
vt 0.969013 0.208598
vt 0.96349 0.20771
vt 0.96903 0.221054
vt 0.963516 0.220582
vt 0.975161 0.196807
vt 0.974536 0.209487
vt 0.974544 0.221527
vt 0.957966 0.206821
vt 0.959056 0.192934
vt 0.952443 0.205933
vt 0.953687 0.191643
vt 0.958001 0.220109
vt 0.952487 0.219637
vt 0.961149 0.178624
vt 0.9663 0.180335
vt 0.955998 0.176912
vt 0.971452 0.182046
vt 0.976603 0.183758
vt 0.217906 0.298697
vt 0.228666 0.292172
vt 0.231003 0.29902
vt 0.220251 0.304987
vt 0.233052 0.305173
vt 0.222205 0.310788
vt 0.210647 0.310313
vt 0.20733 0.305055
vt 0.20082 0.31552
vt 0.196836 0.311095
vt 0.213532 0.315638
vt 0.203151 0.299932
vt 0.214781 0.291426
vt 0.1983 0.292331
vt 0.210642 0.282015
vt 0.192163 0.307777
vt 0.181889 0.308815
vt 0.225753 0.283932
vt 0.221977 0.273606
vt 0.966452 0.244089
vt 0.971246 0.243661
vt 0.973521 0.254398
vt 0.969258 0.255176
vt 0.976624 0.265146
vt 0.972886 0.26612
vt 0.97604 0.243234
vt 0.977783 0.253619
vt 0.980361 0.264171
vt 0.964996 0.255955
vt 0.961659 0.244516
vt 0.960734 0.256733
vt 0.956865 0.244944
vt 0.969148 0.267095
vt 0.965411 0.26807
vt 0.95928 0.232621
vt 0.964521 0.232633
vt 0.954039 0.23261
vt 0.969762 0.232644
vt 0.975003 0.232656
vt 0.065045 0.322681
vt 0.062227 0.329073
vt 0.054504 0.330145
vt 0.056829 0.324721
vt 0.046765 0.331353
vt 0.048579 0.327068
vt 0.059166 0.335518
vt 0.051947 0.335555
vt 0.044732 0.335553
vt 0.058691 0.319272
vt 0.067381 0.316393
vt 0.059858 0.313784
vt 0.068991 0.310262
vt 0.049955 0.322617
vt 0.050673 0.317915
vt 0.075975 0.314443
vt 0.073193 0.321252
vt 0.084428 0.313888
vt 0.081239 0.320741
vt 0.078017 0.307956
vt 0.086885 0.307475
vt 0.069918 0.328275
vt 0.066396 0.335405
vt 0.077562 0.327887
vt 0.073641 0.335179
vt 0.126444 0.732309
vt 0.12722 0.723598
vt 0.134903 0.721548
vt 0.133502 0.730604
vt 0.142253 0.719571
vt 0.140303 0.729018
vt 0.127948 0.715132
vt 0.136007 0.712832
vt 0.143772 0.710576
vt 0.131905 0.739888
vt 0.125799 0.741197
vt 0.130208 0.749286
vt 0.12522 0.750174
vt 0.138066 0.738766
vt 0.135686 0.748665
vt 0.119804 0.74288
vt 0.118868 0.734251
vt 0.112108 0.744882
vt 0.110052 0.736487
vt 0.121209 0.751595
vt 0.118665 0.753816
vt 0.118872 0.725793
vt 0.1193 0.717516
vt 0.109525 0.728206
vt 0.109769 0.720029
vt 0.093364 0.768926
vt 0.080841 0.772545
vt 0.078218 0.76635
vt 0.091067 0.763179
vt 0.076288 0.759673
vt 0.089285 0.756869
vt 0.068578 0.775752
vt 0.065795 0.769225
vt 0.063769 0.762275
vt 0.10444 0.760115
vt 0.10612 0.765109
vt 0.118077 0.757103
vt 0.118992 0.761193
vt 0.102902 0.754402
vt 0.108545 0.770211
vt 0.096192 0.774465
vt 0.111406 0.775389
vt 0.099337 0.779939
vt 0.120957 0.765823
vt 0.123519 0.770727
vt 0.083954 0.778452
vt 0.071892 0.782037
vt 0.087356 0.784266
vt 0.075507 0.788258
vt 0.087294 0.741803
vt 0.087221 0.733667
vt 0.098846 0.73091
vt 0.099268 0.739075
vt 0.087502 0.725378
vt 0.099059 0.722712
vt 0.100899 0.747148
vt 0.088005 0.74964
vt 0.075253 0.752321
vt 0.074904 0.744455
vt 0.062729 0.754721
vt 0.06244 0.746711
vt 0.075033 0.736239
vt 0.075429 0.727836
vt 0.062667 0.738389
vt 0.063173 0.729901
vt 0.044836 0.780453
vt 0.033214 0.782258
vt 0.030137 0.774366
vt 0.041834 0.773059
vt 0.027887 0.766367
vt 0.039652 0.765436
vt 0.021663 0.783907
vt 0.018519 0.775499
vt 0.016205 0.767112
vt 0.053694 0.771403
vt 0.0566 0.778337
vt 0.051585 0.764134
vt 0.060061 0.785086
vt 0.048406 0.787734
vt 0.063834 0.791805
vt 0.052293 0.795017
vt 0.036866 0.790114
vt 0.025385 0.792361
vt 0.04084 0.798007
vt 0.029432 0.800884
vt 0.038241 0.749251
vt 0.038501 0.740872
vt 0.050507 0.739878
vt 0.050241 0.74825
vt 0.039064 0.732425
vt 0.051063 0.731382
vt 0.050517 0.756375
vt 0.03854 0.757469
vt 0.026718 0.75819
vt 0.026374 0.749893
vt 0.014974 0.758723
vt 0.014572 0.750356
vt 0.026599 0.741536
vt 0.027139 0.733177
vt 0.014748 0.742035
vt 0.01525 0.733783
vt 0.977144 0.625229
vt 0.978299 0.617211
vt 0.98519 0.618891
vt 0.983975 0.626851
vt 0.99208 0.620571
vt 0.990806 0.628472
vt 0.979283 0.609255
vt 0.986231 0.61104
vt 0.993179 0.612824
vt 0.982645 0.634882
vt 0.975875 0.633288
vt 0.981257 0.64295
vt 0.974549 0.641367
vt 0.989415 0.636477
vt 0.987966 0.644533
vt 0.969105 0.631694
vt 0.970314 0.623608
vt 0.962336 0.630099
vt 0.963483 0.621986
vt 0.96784 0.639785
vt 0.961132 0.638202
vt 0.971409 0.615532
vt 0.972335 0.607471
vt 0.964519 0.613852
vt 0.965387 0.605687
vt 0.935682 0.224553
vt 0.939936 0.221762
vt 0.94205 0.231391
vt 0.937827 0.234567
vt 0.944165 0.241021
vt 0.940051 0.244549
vt 0.944263 0.218871
vt 0.94649 0.228346
vt 0.948717 0.237821
vt 0.934036 0.238003
vt 0.93157 0.227147
vt 0.936812 0.248737
vt 0.929721 0.216047
vt 0.93369 0.214479
vt 0.928182 0.204826
vt 0.931776 0.204375
vt 0.937822 0.212133
vt 0.942036 0.209396
vt 0.935708 0.202503
vt 0.939809 0.199922
vt 0.98058 0.593707
vt 0.980926 0.586349
vt 0.988183 0.58891
vt 0.987674 0.595909
vt 0.99544 0.59147
vt 0.994767 0.598111
vt 0.981091 0.579424
vt 0.988622 0.582474
vt 0.996153 0.585524
vt 0.987041 0.603332
vt 0.980038 0.601381
vt 0.994044 0.605283
vt 0.973035 0.599431
vt 0.973486 0.591505
vt 0.966032 0.59748
vt 0.966393 0.589303
vt 0.973669 0.583788
vt 0.973559 0.576374
vt 0.966412 0.581227
vt 0.966028 0.573324
vt 0.946569 0.33033
vt 0.946339 0.322978
vt 0.952522 0.32529
vt 0.952635 0.332505
vt 0.958704 0.327602
vt 0.958701 0.334679
vt 0.946109 0.315627
vt 0.952408 0.318076
vt 0.958708 0.320525
vt 0.952748 0.339719
vt 0.946799 0.337682
vt 0.952861 0.346933
vt 0.947028 0.345033
vt 0.958698 0.341756
vt 0.958694 0.348833
vt 0.940849 0.335645
vt 0.940502 0.328156
vt 0.934899 0.333608
vt 0.934436 0.325981
vt 0.941195 0.343134
vt 0.935362 0.341234
vt 0.940156 0.320667
vt 0.939809 0.313178
vt 0.933973 0.318355
vt 0.93351 0.310728
vt 0.980967 0.567087
vt 0.980762 0.5614
vt 0.989859 0.566683
vt 0.989456 0.571536
vt 0.998955 0.571967
vt 0.997944 0.575986
vt 0.980515 0.555851
vt 0.990257 0.562006
vt 1 0.568161
vt 0.989045 0.576741
vt 0.981091 0.573049
vt 0.996999 0.580434
vt 0.973137 0.569357
vt 0.972479 0.562637
vt 0.965182 0.565664
vt 0.963991 0.558188
vt 0.971665 0.556117
vt 0.970772 0.549696
vt 0.962568 0.550834
vt 0.961029 0.54354
vt 0.023564 0.692363
vt 0.030885 0.69642
vt 0.021521 0.698602
vt 0.016421 0.694707
vt 0.012552 0.700445
vt 0.009377 0.696967
vt 0.03633 0.701496
vt 0.025286 0.703494
vt 0.014836 0.704971
vt 0.010431 0.691477
vt 0.015253 0.688768
vt 0.003995 0.68858
vt 0.006447 0.685404
vt 0.005608 0.694187
vt 0.001543 0.691756
vt 0.020076 0.686059
vt 0.030904 0.689849
vt 0.024898 0.683349
vt 0.038343 0.687251
vt 0.0089 0.682228
vt 0.011352 0.679053
vt 0.041038 0.693561
vt 0.04856 0.698459
vt 0.051585 0.690364
vt 0.064524 0.692294
vt 0.914164 0.340127
vt 0.913175 0.349306
vt 0.903142 0.343743
vt 0.904533 0.334468
vt 0.893109 0.338179
vt 0.894902 0.328809
vt 0.912316 0.358403
vt 0.90203 0.353174
vt 0.891743 0.347945
vt 0.90611 0.325298
vt 0.915239 0.330894
vt 0.907779 0.316181
vt 0.916356 0.321633
vt 0.896981 0.319703
vt 0.899202 0.310728
vt 0.924368 0.336489
vt 0.923795 0.345786
vt 0.933496 0.342085
vt 0.933426 0.351445
vt 0.924933 0.327086
vt 0.93351 0.332538
vt 0.923209 0.354869
vt 0.922602 0.363632
vt 0.933242 0.360432
vt 0.932888 0.368861
vt 0.24941 0.692854
vt 0.233775 0.692468
vt 0.242145 0.685926
vt 0.257214 0.686181
vt 0.250601 0.679305
vt 0.265086 0.679471
vt 0.218243 0.692089
vt 0.227075 0.685671
vt 0.236117 0.679139
vt 0.272283 0.686436
vt 0.265254 0.693253
vt 0.287352 0.686692
vt 0.281202 0.693659
vt 0.27957 0.679637
vt 0.294055 0.679803
vt 0.258741 0.700105
vt 0.241743 0.699451
vt 0.250977 0.707116
vt 0.233775 0.705962
vt 0.276154 0.700786
vt 0.225578 0.698851
vt 0.209828 0.698279
vt 0.21764 0.704997
vt 0.202039 0.704126
vt 0.105909 0.791095
vt 0.109285 0.796739
vt 0.097988 0.802213
vt 0.094394 0.796171
vt 0.08672 0.807509
vt 0.082939 0.801024
vt 0.112687 0.802403
vt 0.101604 0.808279
vt 0.090519 0.814024
vt 0.090843 0.790181
vt 0.102585 0.785488
vt 0.079195 0.794597
vt 0.11439 0.780612
vt 0.117465 0.785869
vt 0.126226 0.775643
vt 0.129041 0.780568
vt 0.120602 0.791148
vt 0.123769 0.796439
vt 0.131928 0.785498
vt 0.134851 0.790431
vt 0.088243 0.708729
vt 0.099646 0.706394
vt 0.09933 0.714543
vt 0.087852 0.717079
vt 0.110289 0.703933
vt 0.110024 0.711946
vt 0.075885 0.71941
vt 0.076336 0.710791
vt 0.063724 0.721393
vt 0.064158 0.712646
vt 0.076714 0.701809
vt 0.088642 0.700288
vt 0.077058 0.692647
vt 0.089047 0.6918
vt 0.064315 0.703443
vt 0.099992 0.69826
vt 0.11056 0.695967
vt 0.100352 0.690133
vt 0.110834 0.688024
vt 0.060252 0.809906
vt 0.071566 0.805577
vt 0.075491 0.812569
vt 0.06429 0.817453
vt 0.079433 0.819592
vt 0.068345 0.825029
vt 0.053109 0.822218
vt 0.048979 0.814085
vt 0.041938 0.826924
vt 0.037727 0.818189
vt 0.057257 0.830377
vt 0.046168 0.835682
vt 0.044884 0.806006
vt 0.056248 0.802417
vt 0.033552 0.809502
vt 0.067674 0.798645
vt 0.039825 0.715833
vt 0.039674 0.724002
vt 0.027737 0.724875
vt 0.027934 0.716949
vt 0.015825 0.725626
vt 0.016157 0.717887
vt 0.027271 0.709716
vt 0.03901 0.708149
vt 0.015933 0.710894
vt 0.051553 0.705808
vt 0.051944 0.714363
vt 0.051662 0.722882
vt 0.096956 0.323085
vt 0.100813 0.317892
vt 0.10884 0.321521
vt 0.104695 0.325327
vt 0.116819 0.325615
vt 0.1124 0.327876
vt 0.104037 0.313202
vt 0.112428 0.318194
vt 0.120765 0.323795
vt 0.100178 0.329454
vt 0.092676 0.328613
vt 0.095476 0.333741
vt 0.088186 0.334309
vt 0.107664 0.330432
vt 0.102772 0.333135
vt 0.085143 0.328045
vt 0.089148 0.321454
vt 0.080906 0.334801
vt 0.092691 0.315193
vt 0.09554 0.309426
vt 0.128777 0.699067
vt 0.128448 0.706981
vt 0.119641 0.709432
vt 0.119915 0.701492
vt 0.120145 0.693648
vt 0.128992 0.69131
vt 0.120353 0.685852
vt 0.12915 0.683633
vt 0.137347 0.68896
vt 0.137131 0.696652
vt 0.145457 0.686604
vt 0.14523 0.694243
vt 0.137465 0.681382
vt 0.14554 0.679115
vt 0.136717 0.704572
vt 0.144716 0.702183
vt 0.911137 0.376063
vt 0.910866 0.384208
vt 0.900942 0.381439
vt 0.900924 0.372344
vt 0.891018 0.37867
vt 0.890712 0.368625
vt 0.910843 0.391618
vt 0.901348 0.389779
vt 0.891853 0.38794
vt 0.901288 0.362815
vt 0.911628 0.367392
vt 0.890949 0.358238
vt 0.921967 0.371968
vt 0.921349 0.379782
vt 0.932307 0.376545
vt 0.931561 0.383501
vt 0.920791 0.386976
vt 0.920337 0.393457
vt 0.930716 0.389745
vt 0.929832 0.395296
vt 0.216396 0.718413
vt 0.20288 0.715985
vt 0.210048 0.710825
vt 0.225067 0.712375
vt 0.188846 0.713857
vt 0.195086 0.709517
vt 0.240197 0.714409
vt 0.228877 0.721444
vt 0.219494 0.727678
vt 0.208541 0.723798
vt 0.211584 0.733153
vt 0.201636 0.728649
vt 0.196214 0.720124
vt 0.1832 0.716553
vt 0.190503 0.723898
vt 0.178025 0.717011
vt 0.911551 0.420706
vt 0.905821 0.421447
vt 0.905563 0.417724
vt 0.911889 0.41706
vt 0.905047 0.413571
vt 0.912007 0.413097
vt 0.900091 0.422189
vt 0.899236 0.418387
vt 0.898087 0.414046
vt 0.918216 0.416397
vt 0.91728 0.419965
vt 0.924543 0.415733
vt 0.92301 0.419223
vt 0.918967 0.412622
vt 0.925927 0.412147
vt 0.916242 0.423392
vt 0.911077 0.424152
vt 0.915183 0.426744
vt 0.910555 0.427516
vt 0.921407 0.422632
vt 0.919812 0.425972
vt 0.905912 0.424912
vt 0.900747 0.425672
vt 0.905926 0.428287
vt 0.901298 0.429059
vt 0.177436 0.750237
vt 0.17536 0.753174
vt 0.170243 0.749748
vt 0.171617 0.746369
vt 0.165034 0.746748
vt 0.165609 0.742806
vt 0.173364 0.756013
vt 0.168711 0.752732
vt 0.163997 0.749925
vt 0.172722 0.742228
vt 0.179695 0.747052
vt 0.174564 0.738144
vt 0.18252 0.743768
vt 0.165335 0.737427
vt 0.16382 0.729934
vt 0.185841 0.751924
vt 0.182881 0.754715
vt 0.189362 0.74896
vt 0.180295 0.757449
vt 0.177895 0.760241
vt 0.911462 0.403736
vt 0.903153 0.40335
vt 0.902147 0.397043
vt 0.911089 0.398085
vt 0.894844 0.402965
vt 0.893204 0.396001
vt 0.920032 0.399127
vt 0.919771 0.404122
vt 0.928975 0.400169
vt 0.92808 0.404507
vt 0.919451 0.408575
vt 0.911816 0.408698
vt 0.927085 0.408453
vt 0.904182 0.40882
vt 0.896547 0.408942
vt 0.190796 0.737064
vt 0.186292 0.740531
vt 0.17815 0.734939
vt 0.182391 0.731812
vt 0.170501 0.728033
vt 0.174517 0.725649
vt 0.186202 0.727963
vt 0.195816 0.733087
vt 0.177383 0.722437
vt 0.20468 0.737912
vt 0.198717 0.742062
vt 0.193633 0.745709
vt 0.909616 0.434341
vt 0.909181 0.437786
vt 0.906043 0.438817
vt 0.905996 0.43526
vt 0.902906 0.439849
vt 0.902375 0.436179
vt 0.908755 0.441239
vt 0.906095 0.442395
vt 0.903434 0.443551
vt 0.905955 0.431743
vt 0.910071 0.430915
vt 0.90184 0.432572
vt 0.914187 0.430087
vt 0.913237 0.433423
vt 0.918302 0.429259
vt 0.916858 0.432504
vt 0.912318 0.436754
vt 0.911415 0.440083
vt 0.915456 0.435722
vt 0.914075 0.438926
vt 0.169303 0.761829
vt 0.165515 0.758617
vt 0.167131 0.755686
vt 0.171342 0.758902
vt 0.161726 0.756036
vt 0.162888 0.753014
vt 0.175493 0.763205
vt 0.17309 0.7663
vt 0.170685 0.769482
vt 0.167251 0.764781
vt 0.168281 0.772706
vt 0.165194 0.767745
vt 0.163875 0.761533
vt 0.160528 0.759013
vt 0.162224 0.764442
vt 0.159312 0.761969
vt 0.175653 0.322099
vt 0.177522 0.32696
vt 0.166323 0.332817
vt 0.164684 0.32773
vt 0.155462 0.338687
vt 0.153567 0.33346
vt 0.163664 0.323444
vt 0.17422 0.317999
vt 0.162953 0.319558
vt 0.173006 0.31428
vt 0.15228 0.329256
vt 0.151298 0.325564
vt 0.18312 0.313288
vt 0.186324 0.316665
vt 0.179852 0.310456
vt 0.1894 0.321132
vt 0.982257 0.288237
vt 0.977283 0.277148
vt 0.980593 0.276197
vt 0.985212 0.287477
vt 0.983903 0.275247
vt 0.988167 0.286717
vt 0.990264 0.298909
vt 0.987616 0.299368
vt 0.995533 0.310416
vt 0.993167 0.31052
vt 0.992913 0.298449
vt 0.997899 0.310312
vt 0.984967 0.299828
vt 0.979302 0.288998
vt 0.982319 0.300288
vt 0.976347 0.289758
vt 0.990801 0.310624
vt 0.988435 0.310728
vt 0.973973 0.278098
vt 0.970663 0.279049
vt 0.046987 0.06675
vt 0.029428 0.063171
vt 0.034055 0.0487
vt 0.051496 0.052773
vt 0.039039 0.03466
vt 0.056418 0.039108
vt 0.011255 0.059201
vt 0.016253 0.043919
vt 0.02167 0.029058
vt 0.068214 0.055429
vt 0.063319 0.069547
vt 0.082997 0.058062
vt 0.077597 0.071695
vt 0.073817 0.041247
vt 0.091245 0.039924
vt 0.059843 0.083538
vt 0.043307 0.081355
vt 0.057486 0.098496
vt 0.040617 0.097189
vt 0.074495 0.084722
vt 0.072747 0.098683
vt 0.025516 0.078506
vt 0.007097 0.075324
vt 0.022676 0.095135
vt 0.004199 0.092708
vt 0.510319 0.476207
vt 0.517638 0.490124
vt 0.502266 0.501226
vt 0.495329 0.488288
vt 0.488455 0.509886
vt 0.482404 0.498245
vt 0.523791 0.504179
vt 0.507891 0.51436
vt 0.493255 0.522035
vt 0.486185 0.475318
vt 0.501461 0.462268
vt 0.474338 0.46195
vt 0.489803 0.447747
vt 0.473776 0.486893
vt 0.462235 0.475275
vt 0.519979 0.448876
vt 0.527018 0.46287
vt 0.540119 0.435314
vt 0.544572 0.448904
vt 0.509525 0.434069
vt 0.539267 0.423605
vt 0.534049 0.477396
vt 0.540535 0.492326
vt 0.550981 0.463853
vt 0.557699 0.479637
vt 0.038862 0.134369
vt 0.021437 0.133659
vt 0.021266 0.113492
vt 0.039079 0.114856
vt 0.003594 0.132657
vt 0.002981 0.111775
vt 0.05595 0.115517
vt 0.055452 0.134493
vt 0.071409 0.115123
vt 0.070791 0.133738
vt 0.056207 0.155315
vt 0.040134 0.15574
vt 0.058431 0.177875
vt 0.043063 0.178983
vt 0.071202 0.154225
vt 0.072953 0.176283
vt 0.023341 0.155723
vt 0.006189 0.155485
vt 0.027132 0.179768
vt 0.010918 0.180392
vt 0.533921 0.533101
vt 0.538292 0.547821
vt 0.522672 0.555902
vt 0.517989 0.541805
vt 0.508032 0.562113
vt 0.503062 0.54833
vt 0.542466 0.562615
vt 0.52725 0.570105
vt 0.51302 0.576077
vt 0.513097 0.527923
vt 0.529153 0.518529
vt 0.49813 0.534911
vt 0.545935 0.507531
vt 0.550521 0.522944
vt 0.563079 0.495732
vt 0.567457 0.51206
vt 0.554565 0.538494
vt 0.558338 0.554113
vt 0.571165 0.528543
vt 0.574539 0.545105
vt 0.05357 0.229376
vt 0.039832 0.232065
vt 0.03296 0.205879
vt 0.047819 0.204111
vt 0.026099 0.234729
vt 0.017932 0.207509
vt 0.062339 0.202067
vt 0.067314 0.226636
vt 0.076354 0.199609
vt 0.080914 0.223396
vt 0.072735 0.250332
vt 0.059487 0.25303
vt 0.077125 0.270584
vt 0.064525 0.272998
vt 0.086145 0.246839
vt 0.09229 0.27064
vt 0.046757 0.256334
vt 0.034287 0.259942
vt 0.052741 0.276697
vt 0.041366 0.28104
vt 0.705121 0.280653
vt 0.684955 0.282378
vt 0.684507 0.268611
vt 0.706343 0.266147
vt 0.684155 0.254554
vt 0.707055 0.251823
vt 0.668539 0.283973
vt 0.667098 0.270952
vt 0.654998 0.257473
vt 0.72834 0.263656
vt 0.72709 0.278854
vt 0.750416 0.261152
vt 0.74996 0.277019
vt 0.728904 0.249136
vt 0.750226 0.246471
vt 0.725383 0.294504
vt 0.70291 0.295321
vt 0.723447 0.31038
vt 0.700205 0.310071
vt 0.749072 0.293676
vt 0.747969 0.310728
vt 0.682872 0.296117
vt 0.666486 0.29688
vt 0.679525 0.309841
vt 0.662687 0.30973
vt 0.069216 0.297148
vt 0.05916 0.301191
vt 0.056792 0.291162
vt 0.06764 0.287202
vt 0.049138 0.306035
vt 0.046202 0.295913
vt 0.079007 0.284822
vt 0.079337 0.294708
vt 0.09026 0.285728
vt 0.089335 0.294901
vt 0.079073 0.301898
vt 0.069634 0.304341
vt 0.088365 0.301648
vt 0.060099 0.308244
vt 0.050514 0.312878
vt 0.650821 0.286623
vt 0.645555 0.287722
vt 0.649438 0.276489
vt 0.653966 0.274937
vt 0.653321 0.265255
vt 0.656825 0.263239
vt 0.641158 0.288749
vt 0.644857 0.277886
vt 0.648556 0.267024
vt 0.658385 0.273076
vt 0.657821 0.285381
vt 0.657804 0.260728
vt 0.654969 0.297601
vt 0.647103 0.298289
vt 0.650973 0.309777
vt 0.6431 0.309943
vt 0.641672 0.298955
vt 0.637459 0.299611
vt 0.637789 0.310189
vt 0.633759 0.310474
vt 0.108465 0.305198
vt 0.117741 0.313145
vt 0.115273 0.315508
vt 0.106417 0.309183
vt 0.126933 0.321845
vt 0.124081 0.322564
vt 0.097464 0.30432
vt 0.099021 0.298757
vt 0.100768 0.291624
vt 0.110692 0.30061
vt 0.104431 0.28356
vt 0.113958 0.294639
vt 0.120196 0.310788
vt 0.129489 0.321562
vt 0.123228 0.305793
vt 0.131918 0.321639
vt 0.162787 0.708904
vt 0.1596 0.708125
vt 0.154409 0.696192
vt 0.15769 0.698869
vt 0.149143 0.683689
vt 0.152747 0.688326
vt 0.156309 0.707281
vt 0.151128 0.693515
vt 0.14554 0.679053
vt 0.160972 0.701546
vt 0.165765 0.709553
vt 0.164253 0.704223
vt 0.168639 0.710137
vt 0.156351 0.692963
vt 0.159954 0.6976
vt 0.170903 0.716409
vt 0.168189 0.717922
vt 0.1732 0.714636
vt 0.164641 0.718917
vt 0.160676 0.719653
vt 0.24999 0.219994
vt 0.26312 0.21155
vt 0.265788 0.22728
vt 0.253243 0.235734
vt 0.276227 0.20304
vt 0.278424 0.218789
vt 0.240877 0.244113
vt 0.236815 0.228304
vt 0.228783 0.25238
vt 0.223763 0.236691
vt 0.232445 0.211567
vt 0.246927 0.203752
vt 0.229045 0.195743
vt 0.244497 0.188639
vt 0.217923 0.219694
vt 0.210461 0.201004
vt 0.260878 0.195402
vt 0.274564 0.186785
vt 0.259204 0.180468
vt 0.273538 0.171764
vt 0.658864 0.090693
vt 0.677501 0.086821
vt 0.678944 0.100326
vt 0.658451 0.104858
vt 0.678045 0.115049
vt 0.656579 0.119331
vt 0.696248 0.082793
vt 0.69988 0.09517
vt 0.703962 0.104583
vt 0.638841 0.10814
vt 0.640448 0.094252
vt 0.619674 0.110798
vt 0.622143 0.097656
vt 0.636367 0.121812
vt 0.616782 0.123392
vt 0.641476 0.08022
vt 0.658623 0.076293
vt 0.642215 0.066116
vt 0.658055 0.061776
vt 0.624329 0.084147
vt 0.626375 0.070456
vt 0.67577 0.072366
vt 0.692917 0.068439
vt 0.673895 0.057437
vt 0.689735 0.053097
vt 0.52136 0.364754
vt 0.505011 0.372395
vt 0.48742 0.349066
vt 0.506475 0.343137
vt 0.470524 0.324788
vt 0.491765 0.321282
vt 0.488689 0.383022
vt 0.469166 0.35931
vt 0.450101 0.326187
vt 0.525902 0.337405
vt 0.538252 0.358437
vt 0.545514 0.331772
vt 0.555417 0.352783
vt 0.513552 0.316372
vt 0.535611 0.310761
vt 0.550603 0.37947
vt 0.536591 0.385896
vt 0.562953 0.400502
vt 0.551996 0.4068
vt 0.565319 0.373794
vt 0.575222 0.394805
vt 0.52399 0.393823
vt 0.510107 0.403981
vt 0.543663 0.4143
vt 0.455839 0.415912
vt 0.474086 0.432081
vt 0.45929 0.44782
vt 0.441834 0.433558
vt 0.447448 0.462835
vt 0.430195 0.450079
vt 0.422763 0.419798
vt 0.436595 0.399881
vt 0.402869 0.407169
vt 0.416887 0.385655
vt 0.411258 0.437513
vt 0.391418 0.425644
vt 0.452144 0.377983
vt 0.471878 0.398297
vt 0.432779 0.360596
vt 0.492248 0.417101
vt 0.345023 0.116055
vt 0.329319 0.135539
vt 0.319867 0.122167
vt 0.335401 0.103394
vt 0.310015 0.109062
vt 0.326036 0.090862
vt 0.313498 0.156104
vt 0.304436 0.141985
vt 0.294079 0.128302
vt 0.351141 0.08671
vt 0.360492 0.098731
vt 0.367189 0.073159
vt 0.376093 0.08459
vt 0.342226 0.074745
vt 0.358669 0.061752
vt 0.370717 0.110867
vt 0.355159 0.128975
vt 0.38225 0.123174
vt 0.367009 0.142115
vt 0.385765 0.096067
vt 0.39659 0.107614
vt 0.337972 0.149445
vt 0.31997 0.171096
vt 0.3492 0.163477
vt 0.322556 0.187397
vt 0.066459 0.490818
vt 0.067538 0.469857
vt 0.085807 0.468761
vt 0.08538 0.49028
vt 0.103944 0.467048
vt 0.103881 0.488589
vt 0.068507 0.448984
vt 0.085794 0.44759
vt 0.100734 0.442679
vt 0.084073 0.512494
vt 0.065159 0.511953
vt 0.082326 0.535055
vt 0.06375 0.533174
vt 0.102752 0.511206
vt 0.099295 0.540371
vt 0.04549 0.512196
vt 0.046879 0.490808
vt 0.025444 0.512831
vt 0.026971 0.490523
vt 0.044101 0.533584
vt 0.023917 0.535138
vt 0.048268 0.46942
vt 0.049657 0.448032
vt 0.028498 0.468215
vt 0.030025 0.445908
vt 0.398866 0.169078
vt 0.386819 0.192182
vt 0.366377 0.177229
vt 0.381775 0.155437
vt 0.374559 0.214869
vt 0.35195 0.199147
vt 0.395529 0.13571
vt 0.410768 0.148228
vt 0.408951 0.119254
vt 0.423173 0.130814
vt 0.42818 0.160482
vt 0.417696 0.183175
vt 0.44798 0.172223
vt 0.438385 0.196445
vt 0.439579 0.14212
vt 0.458495 0.152999
vt 0.40784 0.209815
vt 0.396723 0.234798
vt 0.429594 0.225924
vt 0.422295 0.266423
vt 0.349077 0.252477
vt 0.366726 0.267199
vt 0.351238 0.283043
vt 0.335631 0.270372
vt 0.33587 0.299471
vt 0.321931 0.288213
vt 0.384316 0.282274
vt 0.366845 0.295713
vt 0.349808 0.310728
vt 0.320024 0.257702
vt 0.331311 0.238462
vt 0.304417 0.245031
vt 0.313485 0.224801
vt 0.307993 0.276955
vt 0.294055 0.265697
vt 0.341107 0.219251
vt 0.362015 0.234472
vt 0.319963 0.205445
vt 0.382453 0.252521
vt 0.402655 0.271985
vt 0.485278 0.217699
vt 0.475815 0.244486
vt 0.452236 0.236305
vt 0.461054 0.207602
vt 0.466348 0.272628
vt 0.44367 0.267162
vt 0.470381 0.183206
vt 0.494732 0.19362
vt 0.480245 0.163276
vt 0.50412 0.173103
vt 0.520385 0.203654
vt 0.510627 0.227789
vt 0.546688 0.213499
vt 0.53654 0.237876
vt 0.529411 0.18263
vt 0.555411 0.192006
vt 0.500382 0.253998
vt 0.489892 0.281244
vt 0.525443 0.264175
vt 0.513871 0.291436
vt 0.377685 0.366287
vt 0.397245 0.374905
vt 0.382946 0.396305
vt 0.363001 0.386763
vt 0.371456 0.414978
vt 0.351403 0.405214
vt 0.343041 0.378103
vt 0.358221 0.35846
vt 0.323074 0.369884
vt 0.338804 0.351028
vt 0.331289 0.396051
vt 0.311145 0.387188
vt 0.375685 0.337687
vt 0.394451 0.344183
vt 0.394292 0.316348
vt 0.412259 0.321266
vt 0.357068 0.331137
vt 0.376599 0.310728
vt 0.413515 0.350575
vt 0.430771 0.324779
vt 0.812132 0.146164
vt 0.815579 0.153377
vt 0.806156 0.156778
vt 0.802892 0.149112
vt 0.819329 0.161413
vt 0.809949 0.165265
vt 0.80088 0.141357
vt 0.809852 0.138673
vt 0.80084 0.132601
vt 0.809603 0.129801
vt 0.819006 0.135999
vt 0.821608 0.143251
vt 0.82825 0.13333
vt 0.831202 0.140356
vt 0.818531 0.126916
vt 0.827543 0.123989
vt 0.825299 0.149999
vt 0.829042 0.157569
vt 0.835168 0.146634
vt 0.838923 0.153729
vt 0.207168 0.595047
vt 0.206584 0.584293
vt 0.214468 0.584401
vt 0.215134 0.595011
vt 0.223548 0.582894
vt 0.22403 0.593763
vt 0.20516 0.572315
vt 0.213391 0.572893
vt 0.222914 0.571563
vt 0.215748 0.605189
vt 0.207178 0.60486
vt 0.224802 0.604701
vt 0.19904 0.604899
vt 0.19945 0.594913
vt 0.190351 0.605612
vt 0.191068 0.59543
vt 0.198961 0.583772
vt 0.197254 0.571286
vt 0.190664 0.58404
vt 0.188706 0.571262
vt 0.827605 0.379869
vt 0.832441 0.388272
vt 0.815977 0.391725
vt 0.812364 0.384163
vt 0.799513 0.395179
vt 0.797122 0.388457
vt 0.836556 0.39784
vt 0.818946 0.400383
vt 0.801337 0.402926
vt 0.808174 0.376568
vt 0.822117 0.371669
vt 0.803473 0.367811
vt 0.816045 0.362711
vt 0.79423 0.381466
vt 0.790902 0.37291
vt 0.836061 0.366771
vt 0.842847 0.375575
vt 0.850005 0.361873
vt 0.858089 0.371281
vt 0.828616 0.357612
vt 0.841188 0.352513
vt 0.848905 0.384819
vt 0.854166 0.395298
vt 0.865369 0.381366
vt 0.871776 0.392755
vt 0.199607 0.544284
vt 0.19672 0.529099
vt 0.207348 0.531687
vt 0.209376 0.546166
vt 0.218823 0.532591
vt 0.220203 0.546165
vt 0.194584 0.513713
vt 0.205915 0.516959
vt 0.217889 0.518763
vt 0.211541 0.560025
vt 0.202627 0.558834
vt 0.221683 0.559238
vt 0.19401 0.557266
vt 0.190046 0.54217
vt 0.184759 0.556918
vt 0.179841 0.541474
vt 0.186178 0.526457
vt 0.183222 0.510587
vt 0.174967 0.525394
vt 0.171154 0.509146
vt 0.455504 0.039123
vt 0.446285 0.047482
vt 0.438631 0.038172
vt 0.44793 0.029996
vt 0.43127 0.028841
vt 0.440756 0.020835
vt 0.435836 0.055335
vt 0.428011 0.045786
vt 0.420479 0.036218
vt 0.457166 0.022498
vt 0.464819 0.031439
vt 0.467599 0.01692
vt 0.475104 0.025661
vt 0.45023 0.013488
vt 0.460986 0.00808799
vt 0.473906 0.04024
vt 0.463877 0.048182
vt 0.48326 0.04867
vt 0.47298 0.0571
vt 0.484392 0.034221
vt 0.498835 0.042244
vt 0.454525 0.05675
vt 0.44425 0.064845
vt 0.463643 0.065956
vt 0.453545 0.074298
vt 0.194423 0.483713
vt 0.196379 0.469242
vt 0.208201 0.473851
vt 0.206267 0.487955
vt 0.220384 0.477585
vt 0.218537 0.491171
vt 0.199683 0.455219
vt 0.211403 0.460128
vt 0.223424 0.464259
vt 0.20553 0.502353
vt 0.193822 0.49856
vt 0.217749 0.504926
vt 0.181994 0.495017
vt 0.182394 0.479805
vt 0.169419 0.493194
vt 0.169573 0.477593
vt 0.184322 0.465007
vt 0.187677 0.450681
vt 0.17143 0.462399
vt 0.174802 0.447665
vt 0.493505 0.074167
vt 0.485402 0.08388
vt 0.473932 0.075077
vt 0.48274 0.065801
vt 0.475772 0.092769
vt 0.464016 0.083674
vt 0.491711 0.056499
vt 0.500816 0.06401
vt 0.500763 0.047183
vt 0.507731 0.053631
vt 0.512131 0.071486
vt 0.505621 0.082076
vt 0.5248 0.078317
vt 0.518833 0.089184
vt 0.518115 0.060629
vt 0.530291 0.067218
vt 0.498059 0.092129
vt 0.488919 0.101377
vt 0.511914 0.099587
vt 0.503568 0.109294
vt 0.209969 0.428601
vt 0.216283 0.415747
vt 0.227728 0.421298
vt 0.221503 0.433969
vt 0.239173 0.426024
vt 0.23315 0.438566
vt 0.222932 0.403022
vt 0.23429 0.408744
vt 0.245527 0.413569
vt 0.21595 0.446873
vt 0.204324 0.441715
vt 0.22779 0.451282
vt 0.192359 0.436882
vt 0.198037 0.42348
vt 0.179501 0.433449
vt 0.185195 0.419619
vt 0.204378 0.410341
vt 0.21105 0.397334
vt 0.191553 0.406048
vt 0.198242 0.392606
vt 0.547565 0.100254
vt 0.551506 0.08852
vt 0.565295 0.092522
vt 0.562666 0.104787
vt 0.579208 0.096208
vt 0.577977 0.109034
vt 0.555105 0.076636
vt 0.567659 0.080149
vt 0.580255 0.083319
vt 0.55951 0.116838
vt 0.542941 0.111686
vt 0.555561 0.128567
vt 0.537291 0.122665
vt 0.57638 0.121734
vt 0.574234 0.134245
vt 0.526976 0.106021
vt 0.532884 0.095148
vt 0.519826 0.116316
vt 0.537966 0.08389
vt 0.542635 0.07244
vt 0.327738 0.485719
vt 0.312705 0.476629
vt 0.31508 0.46388
vt 0.331281 0.473332
vt 0.316982 0.451235
vt 0.334171 0.460895
vt 0.297586 0.467427
vt 0.298948 0.454397
vt 0.299824 0.441574
vt 0.347621 0.482723
vt 0.342599 0.494584
vt 0.364167 0.492022
vt 0.358001 0.503322
vt 0.351419 0.470555
vt 0.368757 0.480215
vt 0.335698 0.505911
vt 0.323493 0.49799
vt 0.327859 0.516972
vt 0.318897 0.510203
vt 0.349196 0.51374
vt 0.332672 0.522039
vt 0.310015 0.489448
vt 0.295901 0.480595
vt 0.307167 0.502301
vt 0.294055 0.493833
vt 0.5222 0.144069
vt 0.544517 0.15188
vt 0.537462 0.165753
vt 0.513379 0.157005
vt 0.567453 0.159532
vt 0.562236 0.174359
vt 0.490677 0.147971
vt 0.501121 0.135942
vt 0.470047 0.138509
vt 0.481899 0.127339
vt 0.511023 0.12584
vt 0.530275 0.133041
vt 0.493318 0.118073
vt 0.550557 0.139866
vt 0.571355 0.146502
vt 0.339303 0.43546
vt 0.336453 0.448475
vt 0.318254 0.43873
vt 0.320196 0.425764
vt 0.300052 0.429029
vt 0.301063 0.416174
vt 0.324107 0.411738
vt 0.343895 0.421243
vt 0.304284 0.402422
vt 0.363612 0.431129
vt 0.358361 0.445369
vt 0.383223 0.441587
vt 0.377343 0.455597
vt 0.354648 0.458308
vt 0.372835 0.468273
vt 0.450582 0.108381
vt 0.465153 0.118103
vt 0.452179 0.128476
vt 0.436728 0.118017
vt 0.42335 0.107275
vt 0.437886 0.09832
vt 0.411698 0.096395
vt 0.426765 0.088069
vt 0.451721 0.090937
vt 0.463881 0.10045
vt 0.440983 0.081186
vt 0.477675 0.109553
vt 0.155461 0.417998
vt 0.170934 0.418036
vt 0.165195 0.432489
vt 0.149221 0.432735
vt 0.160473 0.447323
vt 0.144151 0.447967
vt 0.131356 0.432921
vt 0.138988 0.418775
vt 0.112547 0.433078
vt 0.122013 0.419959
vt 0.125298 0.447911
vt 0.146186 0.403581
vt 0.162113 0.403189
vt 0.153169 0.387864
vt 0.168969 0.388343
vt 0.129916 0.404494
vt 0.137036 0.387858
vt 0.17735 0.403838
vt 0.184105 0.389766
vt 0.408026 0.067447
vt 0.416917 0.077774
vt 0.401427 0.085522
vt 0.392192 0.074653
vt 0.383648 0.063787
vt 0.399771 0.057098
vt 0.37545 0.052923
vt 0.391835 0.046738
vt 0.414808 0.051596
vt 0.422828 0.061498
vt 0.407089 0.041676
vt 0.431453 0.071367
vt 0.139601 0.4813
vt 0.15535 0.478438
vt 0.155464 0.494561
vt 0.139705 0.49877
vt 0.157704 0.510955
vt 0.142199 0.516103
vt 0.121715 0.505475
vt 0.122199 0.485139
vt 0.123964 0.524677
vt 0.12282 0.465634
vt 0.141013 0.46426
vt 0.157106 0.462665
vt 0.842326 0.42358
vt 0.861974 0.42251
vt 0.864294 0.439576
vt 0.843787 0.440195
vt 0.865404 0.45917
vt 0.84417 0.459603
vt 0.881623 0.421441
vt 0.8848 0.438958
vt 0.886638 0.458738
vt 0.82328 0.440813
vt 0.822677 0.424649
vt 0.802774 0.441431
vt 0.803029 0.425719
vt 0.822936 0.460035
vt 0.801702 0.460467
vt 0.821206 0.411265
vt 0.839883 0.409536
vt 0.802529 0.412995
vt 0.85856 0.407806
vt 0.877237 0.406077
vt 0.154996 0.548676
vt 0.168138 0.543846
vt 0.173944 0.55939
vt 0.161346 0.563973
vt 0.178548 0.573699
vt 0.166238 0.577984
vt 0.146748 0.569955
vt 0.14047 0.555354
vt 0.13115 0.576636
vt 0.125252 0.562954
vt 0.151231 0.5835
vt 0.130265 0.589522
vt 0.131546 0.540782
vt 0.147955 0.532729
vt 0.114119 0.550269
vt 0.162327 0.527542
vt 0.825369 0.182826
vt 0.828094 0.195336
vt 0.821603 0.200149
vt 0.817313 0.187194
vt 0.830757 0.208374
vt 0.826154 0.213727
vt 0.813548 0.175485
vt 0.82252 0.171374
vt 0.831801 0.167286
vt 0.83382 0.178613
vt 0.841236 0.163209
vt 0.842469 0.174478
vt 0.835347 0.191014
vt 0.836628 0.203952
vt 0.842981 0.186939
vt 0.843134 0.199996
vt 0.169444 0.600588
vt 0.168907 0.590074
vt 0.180758 0.586297
vt 0.181107 0.597419
vt 0.180128 0.6073
vt 0.167945 0.609868
vt 0.153375 0.613219
vt 0.155956 0.604648
vt 0.138958 0.617047
vt 0.141685 0.609345
vt 0.154771 0.594903
vt 0.139718 0.600668
vt 0.841567 0.506335
vt 0.838894 0.531402
vt 0.816389 0.532624
vt 0.819329 0.507213
vt 0.793885 0.533846
vt 0.79709 0.508092
vt 0.835514 0.556098
vt 0.812908 0.557551
vt 0.790303 0.559004
vt 0.821565 0.482593
vt 0.843378 0.482026
vt 0.799752 0.48316
vt 0.865191 0.481458
vt 0.863806 0.505456
vt 0.887004 0.480891
vt 0.886044 0.504577
vt 0.861398 0.53018
vt 0.858119 0.554645
vt 0.883903 0.528957
vt 0.880725 0.553192
vt 0.82724 0.601366
vt 0.849578 0.600158
vt 0.844676 0.621828
vt 0.822621 0.622688
vt 0.839594 0.643187
vt 0.817864 0.643636
vt 0.871916 0.59895
vt 0.866731 0.620968
vt 0.861324 0.642738
vt 0.800566 0.623548
vt 0.804901 0.602574
vt 0.778511 0.624409
vt 0.782563 0.603782
vt 0.796135 0.644084
vt 0.774405 0.644533
vt 0.809047 0.580721
vt 0.831583 0.579294
vt 0.786512 0.582148
vt 0.854119 0.577867
vt 0.876655 0.576441
vt 0.794334 0.958071
vt 0.784379 0.958562
vt 0.78455 0.940515
vt 0.794668 0.943377
vt 0.784721 0.922468
vt 0.795002 0.928682
vt 0.774423 0.959054
vt 0.774432 0.937654
vt 0.774441 0.916254
vt 0.804786 0.946238
vt 0.804289 0.95758
vt 0.814903 0.9491
vt 0.814245 0.957089
vt 0.805282 0.934897
vt 0.815562 0.941111
vt 0.803793 0.968922
vt 0.794 0.972766
vt 0.803297 0.980263
vt 0.793666 0.98746
vt 0.813586 0.965078
vt 0.812927 0.973067
vt 0.784207 0.97661
vt 0.774414 0.980454
vt 0.784036 0.994657
vt 0.774405 1.00185
vt 0.98074 0.813342
vt 0.980447 0.799987
vt 0.98921 0.80014
vt 0.989638 0.810334
vt 0.997972 0.800293
vt 0.998537 0.807325
vt 0.980155 0.786632
vt 0.988781 0.789946
vt 0.997407 0.79326
vt 0.990067 0.820528
vt 0.981032 0.826697
vt 0.990496 0.830722
vt 0.981324 0.840052
vt 0.999102 0.814358
vt 0.999667 0.821391
vt 0.971997 0.832867
vt 0.971841 0.816351
vt 0.962962 0.839037
vt 0.962942 0.819359
vt 0.972153 0.849383
vt 0.962982 0.858714
vt 0.971685 0.799834
vt 0.971529 0.783318
vt 0.962923 0.799682
vt 0.962903 0.780004
vt 0.755002 0.857582
vt 0.753214 0.874495
vt 0.748531 0.874819
vt 0.749415 0.857147
vt 0.743848 0.875143
vt 0.743829 0.856712
vt 0.751426 0.891407
vt 0.747647 0.892491
vt 0.743867 0.893575
vt 0.7503 0.839475
vt 0.75679 0.840669
vt 0.751184 0.821803
vt 0.758578 0.823757
vt 0.743809 0.83828
vt 0.74379 0.819849
vt 0.763281 0.841864
vt 0.760589 0.858017
vt 0.769771 0.843058
vt 0.766176 0.858452
vt 0.765972 0.825711
vt 0.773366 0.827665
vt 0.757897 0.87417
vt 0.755206 0.890324
vt 0.762581 0.873846
vt 0.758985 0.88924
vt 0.11316 0.619692
vt 0.109564 0.613968
vt 0.125114 0.607257
vt 0.127675 0.614423
vt 0.105593 0.608176
vt 0.121052 0.599819
vt 0.127235 0.621045
vt 0.116005 0.62528
vt 0.125293 0.627395
vt 0.118475 0.6308
vt 0.103069 0.629819
vt 0.097369 0.624959
vt 0.08928 0.63451
vt 0.080941 0.630224
vt 0.108768 0.63468
vt 0.097618 0.638796
vt 0.09167 0.620098
vt 0.08597 0.615237
vt 0.072603 0.625938
vt 0.064265 0.621652
vt 0.704599 0.032655
vt 0.701757 0.031008
vt 0.70644 0.026586
vt 0.708795 0.030459
vt 0.711595 0.022278
vt 0.714344 0.027399
vt 0.698375 0.028392
vt 0.703103 0.023225
vt 0.707928 0.017882
vt 0.709645 0.035155
vt 0.703321 0.036357
vt 0.709743 0.040264
vt 0.70171 0.041009
vt 0.716481 0.033005
vt 0.718312 0.038852
vt 0.698018 0.035659
vt 0.693839 0.033206
vt 0.69475 0.040425
vt 0.689399 0.037844
vt 0.693188 0.022225
vt 0.695339 0.025141
vt 0.690886 0.029141
vt 0.689414 0.023645
vt 0.686192 0.032602
vt 0.684595 0.025365
vt 0.689677 0.016903
vt 0.694888 0.017747
vt 0.690807 0.00953799
vt 0.697228 0.011754
vt 0.684069 0.016797
vt 0.684081 0.00756299
vt 0.699309 0.020067
vt 0.703037 0.014455
vt 0.81706 0.105233
vt 0.812247 0.118448
vt 0.803496 0.121935
vt 0.808173 0.109836
vt 0.814197 0.096782
vt 0.823321 0.090777
vt 0.820895 0.08325
vt 0.830304 0.0757
vt 0.832929 0.083886
vt 0.826284 0.100071
vt 0.84278 0.076553
vt 0.835676 0.09463
vt 0.840366 0.066913
vt 0.850753 0.057506
vt 0.821221 0.114677
vt 0.830307 0.110765
vt 0.246354 0.585179
vt 0.247567 0.572139
vt 0.261441 0.564298
vt 0.259189 0.579192
vt 0.275848 0.555753
vt 0.272531 0.572752
vt 0.248173 0.55965
vt 0.262779 0.550749
vt 0.27795 0.541007
vt 0.256326 0.594983
vt 0.244803 0.598655
vt 0.253159 0.611223
vt 0.243083 0.612347
vt 0.268404 0.591253
vt 0.263873 0.610506
vt 0.234391 0.602208
vt 0.234536 0.590261
vt 0.234286 0.614285
vt 0.234759 0.578572
vt 0.234696 0.566868
vt 0.802478 0.340066
vt 0.79285 0.343999
vt 0.78715 0.330089
vt 0.795242 0.327238
vt 0.781339 0.315606
vt 0.787877 0.31398
vt 0.783223 0.347931
vt 0.779058 0.332939
vt 0.774801 0.317232
vt 0.803333 0.324387
vt 0.812105 0.336133
vt 0.811425 0.321537
vt 0.821732 0.3322
vt 0.794414 0.312354
vt 0.800952 0.310728
vt 0.820582 0.347304
vt 0.809455 0.352034
vt 0.831708 0.342574
vt 0.798328 0.356763
vt 0.787202 0.361493
vt 0.24715 0.536461
vt 0.232942 0.542632
vt 0.2319 0.53018
vt 0.246323 0.525333
vt 0.231181 0.517559
vt 0.24559 0.514171
vt 0.261833 0.518934
vt 0.262385 0.52855
vt 0.277887 0.511758
vt 0.278133 0.51977
vt 0.260914 0.509422
vt 0.278531 0.504471
vt 0.262897 0.538994
vt 0.2479 0.547829
vt 0.278433 0.529266
vt 0.233982 0.554875
vt 0.501013 0.022711
vt 0.495223 0.014455
vt 0.511185 0.015987
vt 0.516247 0.023912
vt 0.527761 0.01831
vt 0.532208 0.02587
vt 0.489576 0.00618398
vt 0.506123 0.00806201
vt 0.523314 0.01075
vt 0.521309 0.031837
vt 0.507088 0.030938
vt 0.526371 0.039761
vt 0.513305 0.03915
vt 0.536655 0.03343
vt 0.541102 0.04099
vt 0.495118 0.031427
vt 0.487234 0.023023
vt 0.503571 0.039772
vt 0.48049 0.014502
vt 0.474315 0.00592297
vt 0.24546 0.490938
vt 0.23184 0.491999
vt 0.233529 0.479194
vt 0.247144 0.478905
vt 0.23633 0.466461
vt 0.249957 0.466796
vt 0.260741 0.476947
vt 0.25868 0.488488
vt 0.271875 0.474846
vt 0.269812 0.485378
vt 0.264142 0.465328
vt 0.280064 0.46082
vt 0.259301 0.499293
vt 0.245122 0.5027
vt 0.271224 0.494919
vt 0.231109 0.50481
vt 0.869136 0.955202
vt 0.858267 0.94995
vt 0.85733 0.935817
vt 0.868514 0.941157
vt 0.856393 0.921683
vt 0.867892 0.927112
vt 0.847398 0.944699
vt 0.846146 0.930476
vt 0.844894 0.916254
vt 0.879698 0.946498
vt 0.880005 0.960454
vt 0.890883 0.951838
vt 0.890874 0.965706
vt 0.879392 0.932541
vt 0.890891 0.937971
vt 0.880312 0.974411
vt 0.869758 0.969247
vt 0.880619 0.988367
vt 0.87038 0.983292
vt 0.890866 0.979574
vt 0.890858 0.993442
vt 0.859204 0.964084
vt 0.84865 0.958921
vt 0.860141 0.978218
vt 0.849902 0.973143
vt 0.258183 0.44278
vt 0.253682 0.454809
vt 0.2404 0.453867
vt 0.24542 0.441377
vt 0.251075 0.428957
vt 0.263321 0.430544
vt 0.257047 0.416571
vt 0.268779 0.418206
vt 0.275797 0.431236
vt 0.271304 0.443153
vt 0.288386 0.431478
vt 0.284606 0.44301
vt 0.280653 0.418928
vt 0.292598 0.419195
vt 0.267541 0.45429
vt 0.281688 0.453041
vt 0.107413 0.214558
vt 0.112864 0.234963
vt 0.09936 0.241151
vt 0.09422 0.219204
vt 0.117919 0.253361
vt 0.105176 0.260475
vt 0.089692 0.196599
vt 0.102504 0.193192
vt 0.086347 0.174046
vt 0.098847 0.171432
vt 0.114938 0.189541
vt 0.120672 0.209958
vt 0.127145 0.1858
vt 0.133939 0.20507
vt 0.110687 0.168711
vt 0.122099 0.166152
vt 0.127144 0.22997
vt 0.132053 0.248929
vt 0.141719 0.224538
vt 0.149988 0.246808
vt 0.708134 0.223695
vt 0.707999 0.209723
vt 0.726969 0.209965
vt 0.727754 0.222548
vt 0.745905 0.210381
vt 0.747615 0.221468
vt 0.708468 0.195574
vt 0.726665 0.197512
vt 0.744398 0.199729
vt 0.728553 0.235519
vt 0.707736 0.2377
vt 0.749174 0.23337
vt 0.686526 0.239948
vt 0.689001 0.224979
vt 0.667582 0.241275
vt 0.671613 0.226515
vt 0.68896 0.209833
vt 0.689347 0.194195
vt 0.671032 0.211682
vt 0.666839 0.194127
vt 0.159813 0.193593
vt 0.171426 0.187327
vt 0.183327 0.200011
vt 0.170064 0.208509
vt 0.19488 0.213226
vt 0.18052 0.223444
vt 0.181054 0.180993
vt 0.193887 0.191292
vt 0.15611 0.217035
vt 0.147151 0.199561
vt 0.165957 0.233887
vt 0.139273 0.182123
vt 0.150849 0.178062
vt 0.133317 0.164025
vt 0.144042 0.161597
vt 0.161402 0.173171
vt 0.170457 0.168562
vt 0.153976 0.158136
vt 0.162704 0.15089
vt 0.714072 0.166557
vt 0.728656 0.172603
vt 0.727305 0.184931
vt 0.710683 0.181038
vt 0.742984 0.178632
vt 0.74345 0.189128
vt 0.693106 0.17775
vt 0.698976 0.160475
vt 0.675236 0.174265
vt 0.682868 0.155359
vt 0.705696 0.142345
vt 0.718063 0.152572
vt 0.712113 0.127927
vt 0.722112 0.140673
vt 0.691288 0.13446
vt 0.730481 0.160907
vt 0.742924 0.168296
vt 0.732545 0.150223
vt 0.743194 0.158174
vt 0.198456 0.254554
vt 0.211 0.245367
vt 0.217049 0.260497
vt 0.205252 0.269303
vt 0.192967 0.279638
vt 0.186063 0.264475
vt 0.181359 0.289755
vt 0.174541 0.275067
vt 0.176501 0.249462
vt 0.190098 0.23903
vt 0.164494 0.261333
vt 0.203857 0.228977
vt 0.64678 0.150173
vt 0.665247 0.152209
vt 0.657735 0.169779
vt 0.640328 0.165221
vt 0.649032 0.185544
vt 0.633134 0.179784
vt 0.622742 0.161519
vt 0.628131 0.148396
vt 0.605066 0.158245
vt 0.609392 0.146749
vt 0.61736 0.175131
vt 0.600434 0.170105
vt 0.632735 0.135196
vt 0.652442 0.134656
vt 0.613326 0.135254
vt 0.672748 0.133154
vt 0.155441 0.297999
vt 0.164613 0.286269
vt 0.171594 0.297909
vt 0.162044 0.305564
vt 0.177512 0.310083
vt 0.168326 0.313534
vt 0.15108 0.314184
vt 0.146185 0.310174
vt 0.139408 0.323288
vt 0.136888 0.322573
vt 0.155934 0.31844
vt 0.141939 0.324073
vt 0.141209 0.306656
vt 0.148194 0.291245
vt 0.135256 0.302235
vt 0.140171 0.285692
vt 0.134388 0.322
vt 0.155507 0.275699
vt 0.14482 0.268304
vt 0.616926 0.207466
vt 0.626248 0.211676
vt 0.615617 0.224001
vt 0.608451 0.220696
vt 0.605527 0.236243
vt 0.599897 0.233732
vt 0.635071 0.217218
vt 0.623683 0.228265
vt 0.613436 0.2395
vt 0.602208 0.21836
vt 0.608045 0.20454
vt 0.59691 0.217006
vt 0.60044 0.203555
vt 0.595818 0.231721
vt 0.592562 0.229965
vt 0.612778 0.189801
vt 0.625243 0.193847
vt 0.602333 0.189121
vt 0.637962 0.199183
vt 0.648742 0.206543
vt 0.123971 0.278981
vt 0.131239 0.281725
vt 0.127429 0.295516
vt 0.119124 0.286505
vt 0.111735 0.275209
vt 0.121639 0.268706
vt 0.133099 0.266188
vt 0.647485 0.230209
vt 0.642456 0.224137
vt 0.655394 0.216662
vt 0.65723 0.228419
vt 0.653563 0.240694
vt 0.642551 0.238122
vt 0.647145 0.253228
vt 0.636258 0.248487
vt 0.632626 0.233476
vt 0.62435 0.243746
vt 0.944374 0.127087
vt 0.946214 0.130892
vt 0.945929 0.140601
vt 0.94344 0.131165
vt 0.94538 0.149767
vt 0.94224 0.136408
vt 0.948581 0.135785
vt 0.948551 0.149455
vt 0.94852 0.163125
vt 0.941218 0.120563
vt 0.943467 0.119203
vt 0.93913 0.109379
vt 0.9423 0.109068
vt 0.939099 0.12305
vt 0.935959 0.109691
vt 0.945974 0.120096
vt 0.948611 0.122114
vt 0.945471 0.108756
vt 0.948642 0.108444
vt 0.591794 0.207781
vt 0.594945 0.205167
vt 0.592582 0.216646
vt 0.589287 0.215818
vt 0.589402 0.228221
vt 0.586313 0.226486
vt 0.587088 0.213062
vt 0.591142 0.20242
vt 0.585437 0.209341
vt 0.590564 0.195836
vt 0.583272 0.224756
vt 0.580255 0.223029
vt 0.595672 0.193883
vt 0.595582 0.182696
vt 0.170019 0.064938
vt 0.184336 0.054226
vt 0.192194 0.06023
vt 0.177728 0.071094
vt 0.200142 0.065098
vt 0.185112 0.076404
vt 0.199415 0.044286
vt 0.207381 0.050416
vt 0.215692 0.054945
vt 0.164705 0.084059
vt 0.157225 0.077194
vt 0.154857 0.09823
vt 0.147301 0.091379
vt 0.171124 0.090016
vt 0.158936 0.109805
vt 0.148442 0.070973
vt 0.162041 0.058544
vt 0.139755 0.064527
vt 0.154259 0.051919
vt 0.137756 0.085855
vt 0.124944 0.080563
vt 0.176696 0.047492
vt 0.191878 0.03713
vt 0.169398 0.040438
vt 0.184855 0.029521
vt 0.391293 0.521154
vt 0.397638 0.510625
vt 0.413666 0.520671
vt 0.406625 0.531137
vt 0.427399 0.532089
vt 0.419454 0.54193
vt 0.403563 0.499791
vt 0.420573 0.510228
vt 0.438621 0.522593
vt 0.401023 0.542447
vt 0.384807 0.53136
vt 0.396265 0.552966
vt 0.378575 0.540484
vt 0.413789 0.553554
vt 0.412684 0.571298
vt 0.366548 0.522007
vt 0.374659 0.51203
vt 0.358617 0.530265
vt 0.380989 0.501199
vt 0.386215 0.489873
vt 0.140278 0.038154
vt 0.133277 0.031341
vt 0.149849 0.019706
vt 0.156092 0.026566
vt 0.166776 0.00730401
vt 0.172454 0.014639
vt 0.126208 0.024579
vt 0.143723 0.012867
vt 0.161248 0
vt 0.162569 0.03347
vt 0.147138 0.045067
vt 0.17843 0.022035
vt 0.132566 0.056991
vt 0.125558 0.049063
vt 0.119346 0.06789
vt 0.112833 0.05908
vt 0.117418 0.041445
vt 0.108712 0.033983
vt 0.10397 0.051269
vt 0.414344 0.476952
vt 0.431038 0.48733
vt 0.425772 0.498987
vt 0.408789 0.488672
vt 0.445545 0.496674
vt 0.44117 0.507961
vt 0.391013 0.478414
vt 0.396225 0.46625
vt 0.402692 0.452807
vt 0.421255 0.464316
vt 0.438147 0.475642
vt 0.452602 0.486314
vt 0.13946 0.125701
vt 0.148659 0.127561
vt 0.149871 0.142817
vt 0.140261 0.143876
vt 0.157554 0.129715
vt 0.159218 0.141577
vt 0.130126 0.144572
vt 0.129651 0.124431
vt 0.11956 0.145552
vt 0.119285 0.12443
vt 0.131843 0.104267
vt 0.141593 0.107875
vt 0.121026 0.103215
vt 0.149914 0.112714
vt 0.157523 0.118169
vt 0.435249 0.565784
vt 0.428581 0.553481
vt 0.437165 0.545627
vt 0.444372 0.560188
vt 0.447395 0.540635
vt 0.454315 0.556257
vt 0.450426 0.574674
vt 0.440701 0.578837
vt 0.455905 0.589123
vt 0.445546 0.592263
vt 0.460532 0.571478
vt 0.4664 0.586498
vt 0.43123 0.583642
vt 0.426824 0.572422
vt 0.421886 0.588769
vt 0.418748 0.579581
vt 0.435278 0.595746
vt 0.425054 0.5994
vt 0.4217 0.56297
vt 0.415671 0.573277
vt 0.096866 0.129196
vt 0.097153 0.149845
vt 0.084759 0.152251
vt 0.08446 0.131811
vt 0.084984 0.113321
vt 0.097429 0.110249
vt 0.085865 0.097376
vt 0.09792 0.09417
vt 0.109499 0.106045
vt 0.108415 0.126377
vt 0.109991 0.088659
vt 0.108662 0.147461
vt 0.476945 0.553698
vt 0.465199 0.554614
vt 0.459214 0.539729
vt 0.47187 0.540038
vt 0.454957 0.525922
vt 0.467914 0.527587
vt 0.484615 0.538691
vt 0.489473 0.551949
vt 0.480305 0.526368
vt 0.494697 0.565831
vt 0.482468 0.568001
vt 0.500103 0.580025
vt 0.488216 0.582626
vt 0.471147 0.569568
vt 0.477076 0.584558
vt 0.096488 0.074527
vt 0.088995 0.073329
vt 0.094634 0.062062
vt 0.103001 0.067993
vt 0.107973 0.076417
vt 0.097414 0.082127
vt 0.086637 0.084573
vt 0.464915 0.508914
vt 0.4719 0.505209
vt 0.476725 0.515293
vt 0.465748 0.516909
vt 0.454196 0.514201
vt 0.457104 0.504276
vt 0.463856 0.495859
vt 0.462099 0.756006
vt 0.468329 0.762994
vt 0.466975 0.766322
vt 0.460362 0.758943
vt 0.465774 0.769755
vt 0.458761 0.761976
vt 0.475778 0.770124
vt 0.474845 0.773843
vt 0.474081 0.77767
vt 0.4549 0.751785
vt 0.45696 0.749221
vt 0.450486 0.74493
vt 0.452787 0.742699
vt 0.452964 0.754437
vt 0.4483 0.747241
vt 0.459268 0.746833
vt 0.464111 0.753261
vt 0.461947 0.744709
vt 0.466535 0.750803
vt 0.455318 0.74063
vt 0.458196 0.738804
vt 0.46999 0.759871
vt 0.477049 0.766624
vt 0.472111 0.757059
vt 0.478826 0.763452
vt 0.370003 0.904086
vt 0.367185 0.902002
vt 0.367397 0.896173
vt 0.370327 0.897848
vt 0.367621 0.890313
vt 0.370566 0.891679
vt 0.364367 0.899918
vt 0.364467 0.894498
vt 0.364676 0.888948
vt 0.373257 0.899523
vt 0.372822 0.90617
vt 0.376187 0.901199
vt 0.37564 0.908254
vt 0.373511 0.893044
vt 0.376456 0.89441
vt 0.372265 0.912927
vt 0.369623 0.910369
vt 0.371648 0.919741
vt 0.369214 0.916675
vt 0.374908 0.915486
vt 0.374083 0.922806
vt 0.36698 0.907811
vt 0.364338 0.905252
vt 0.366779 0.913609
vt 0.364344 0.910543
vt 0.494359 0.783747
vt 0.494255 0.788124
vt 0.484078 0.781422
vt 0.484574 0.777337
vt 0.494411 0.792627
vt 0.483763 0.78562
vt 0.485431 0.773477
vt 0.49498 0.77962
vt 0.486832 0.769955
vt 0.496122 0.775911
vt 0.50554 0.784244
vt 0.504777 0.788468
vt 0.515744 0.786299
vt 0.515171 0.790557
vt 0.506691 0.780663
vt 0.519736 0.782914
vt 0.504962 0.793013
vt 0.50562 0.797717
vt 0.51578 0.795151
vt 0.516979 0.799913
vt 0.941895 0.08847
vt 0.941712 0.078642
vt 0.944585 0.079476
vt 0.94486 0.088973
vt 0.947458 0.08031
vt 0.947826 0.089476
vt 0.941529 0.068815
vt 0.944309 0.06998
vt 0.94709 0.071145
vt 0.945136 0.098469
vt 0.942078 0.098298
vt 0.945411 0.107966
vt 0.94226 0.108125
vt 0.948194 0.098641
vt 0.948562 0.107806
vt 0.939019 0.098126
vt 0.938929 0.087967
vt 0.935961 0.097954
vt 0.935964 0.087464
vt 0.93911 0.108284
vt 0.935959 0.108444
vt 0.938839 0.077808
vt 0.938749 0.06765
vt 0.935966 0.076974
vt 0.935969 0.066485
vt 0.533875 0.784513
vt 0.536166 0.78884
vt 0.526293 0.793603
vt 0.524882 0.789069
vt 0.538551 0.793193
vt 0.528081 0.79824
vt 0.524227 0.784739
vt 0.531774 0.780237
vt 0.52395 0.780512
vt 0.529767 0.775986
vt 0.539167 0.773466
vt 0.542115 0.7774
vt 0.545774 0.764747
vt 0.549213 0.768151
vt 0.536218 0.769532
vt 0.542334 0.761343
vt 0.545064 0.781333
vt 0.548013 0.785267
vt 0.552653 0.771555
vt 0.556092 0.77496
vt 0.458789 0.923208
vt 0.453043 0.914162
vt 0.455395 0.910668
vt 0.460618 0.919226
vt 0.457622 0.907277
vt 0.462387 0.915335
vt 0.4486 0.903841
vt 0.451348 0.900914
vt 0.453927 0.898099
vt 0.466625 0.926986
vt 0.465404 0.931404
vt 0.473024 0.934349
vt 0.472454 0.939175
vt 0.467865 0.922646
vt 0.473699 0.929583
vt 0.464196 0.935873
vt 0.456919 0.927251
vt 0.462994 0.940368
vt 0.45503 0.931325
vt 0.471954 0.944043
vt 0.47149 0.94893
vt 0.450607 0.917725
vt 0.44574 0.906842
vt 0.448129 0.921323
vt 0.442823 0.90988
vt 0.558445 0.744957
vt 0.562507 0.747059
vt 0.558597 0.759978
vt 0.554781 0.75719
vt 0.56657 0.749161
vt 0.562413 0.762765
vt 0.550964 0.754402
vt 0.554382 0.742855
vt 0.547148 0.751614
vt 0.550319 0.740752
vt 0.55567 0.730528
vt 0.559833 0.731893
vt 0.554474 0.717845
vt 0.558573 0.718439
vt 0.551508 0.729163
vt 0.550375 0.717251
vt 0.563995 0.733258
vt 0.568158 0.734622
vt 0.562672 0.719033
vt 0.566771 0.719627
vt 0.44451 0.878441
vt 0.444023 0.864046
vt 0.447286 0.862351
vt 0.447625 0.876689
vt 0.450467 0.861166
vt 0.450582 0.875152
vt 0.443986 0.849142
vt 0.4474 0.847281
vt 0.451052 0.843527
vt 0.448868 0.889566
vt 0.445895 0.89182
vt 0.451658 0.887427
vt 0.442801 0.89415
vt 0.441307 0.880101
vt 0.439645 0.896518
vt 0.438061 0.881716
vt 0.440778 0.865148
vt 0.44073 0.849742
vt 0.437541 0.865954
vt 0.437553 0.849712
vt 0.547503 0.691961
vt 0.550854 0.690885
vt 0.558147 0.704843
vt 0.554292 0.705036
vt 0.554309 0.689907
vt 0.562003 0.704649
vt 0.550436 0.70523
vt 0.544357 0.693235
vt 0.546581 0.705423
vt 0.541315 0.694607
vt 0.537036 0.682413
vt 0.538718 0.679489
vt 0.527702 0.671755
vt 0.528057 0.667506
vt 0.535766 0.685732
vt 0.531123 0.679725
vt 0.541224 0.677355
vt 0.544143 0.675615
vt 0.529689 0.664449
vt 0.531959 0.661989
vt 0.925532 0.539576
vt 0.924168 0.555343
vt 0.921057 0.555975
vt 0.922771 0.541222
vt 0.918172 0.556444
vt 0.9201 0.542722
vt 0.921242 0.571126
vt 0.918011 0.570805
vt 0.915035 0.570252
vt 0.923598 0.52652
vt 0.925701 0.523754
vt 0.923981 0.511844
vt 0.925273 0.507905
vt 0.921221 0.529057
vt 0.921939 0.51542
vt 0.927258 0.520527
vt 0.928472 0.537636
vt 0.929577 0.517675
vt 0.932075 0.535521
vt 0.925067 0.50324
vt 0.922613 0.497486
vt 0.927731 0.554386
vt 0.924979 0.570983
vt 0.931971 0.55294
vt 0.929478 0.570146
vt 0.502438 0.645343
vt 0.503029 0.641505
vt 0.516681 0.652365
vt 0.515641 0.655897
vt 0.503768 0.637761
vt 0.518212 0.649246
vt 0.515585 0.660252
vt 0.502142 0.649367
vt 0.51587 0.66431
vt 0.502319 0.653338
vt 0.488828 0.640562
vt 0.489415 0.636526
vt 0.477127 0.634327
vt 0.477549 0.629883
vt 0.488833 0.644474
vt 0.47372 0.637546
vt 0.489563 0.632273
vt 0.48949 0.627912
vt 0.477112 0.625071
vt 0.476246 0.620074
vt 0.910084 0.602922
vt 0.902817 0.618893
vt 0.9 0.615806
vt 0.907039 0.600746
vt 0.897561 0.61225
vt 0.904326 0.598184
vt 0.895068 0.634886
vt 0.892517 0.630892
vt 0.890393 0.626346
vt 0.913191 0.585737
vt 0.916386 0.586992
vt 0.910285 0.584175
vt 0.920161 0.587634
vt 0.913793 0.604325
vt 0.924805 0.587356
vt 0.918497 0.604569
vt 0.906391 0.621042
vt 0.898472 0.637772
vt 0.9111 0.621783
vt 0.903158 0.638999
vt 0.504458 0.66074
vt 0.503145 0.657016
vt 0.515853 0.666947
vt 0.516026 0.669366
vt 0.528575 0.677514
vt 0.527598 0.678151
vt 0.516883 0.672769
vt 0.506097 0.664852
vt 0.518081 0.676664
vt 0.507899 0.669158
vt 0.527668 0.680686
vt 0.528263 0.68417
vt 0.495311 0.656935
vt 0.492897 0.652432
vt 0.484526 0.649018
vt 0.481339 0.644282
vt 0.497717 0.661651
vt 0.487535 0.654145
vt 0.490464 0.648354
vt 0.477796 0.640328
vt 0.675718 0.844236
vt 0.674999 0.854342
vt 0.672398 0.850102
vt 0.672886 0.840498
vt 0.669797 0.845862
vt 0.670053 0.83676
vt 0.673237 0.862115
vt 0.670942 0.857329
vt 0.668646 0.852543
vt 0.672727 0.829308
vt 0.675741 0.832574
vt 0.672246 0.817326
vt 0.675417 0.820135
vt 0.669713 0.826042
vt 0.669075 0.814517
vt 0.678755 0.83584
vt 0.678551 0.847974
vt 0.681769 0.839106
vt 0.681383 0.851712
vt 0.678587 0.822944
vt 0.681758 0.825752
vt 0.677601 0.858582
vt 0.675533 0.866902
vt 0.680202 0.862822
vt 0.677828 0.871688
vt 0.753418 0.790287
vt 0.750541 0.792061
vt 0.751713 0.779905
vt 0.75456 0.778471
vt 0.752163 0.768041
vt 0.755007 0.767062
vt 0.747665 0.793792
vt 0.748954 0.780997
vt 0.749468 0.768483
vt 0.757581 0.776355
vt 0.756301 0.788426
vt 0.760453 0.774539
vt 0.759087 0.786764
vt 0.758148 0.765006
vt 0.762277 0.759468
vt 0.754852 0.800018
vt 0.75189 0.802135
vt 0.753319 0.811372
vt 0.75017 0.813998
vt 0.757749 0.798145
vt 0.756424 0.809103
vt 0.748886 0.804414
vt 0.745861 0.806774
vt 0.746992 0.816864
vt 0.743799 0.819849
vt 0.463833 0.832855
vt 0.467757 0.823727
vt 0.469842 0.825765
vt 0.466071 0.834489
vt 0.471927 0.827804
vt 0.468283 0.836023
vt 0.471917 0.814634
vt 0.473861 0.817158
vt 0.475805 0.819681
vt 0.462796 0.843446
vt 0.460381 0.842054
vt 0.460263 0.852753
vt 0.457734 0.851769
vt 0.465104 0.844434
vt 0.462624 0.853135
vt 0.457753 0.839854
vt 0.461542 0.831018
vt 0.455019 0.837249
vt 0.459224 0.82908
vt 0.454871 0.849583
vt 0.465672 0.821688
vt 0.469973 0.812111
vt 0.463587 0.819649
vt 0.468029 0.809587
vt 0.753195 0.746212
vt 0.750415 0.745392
vt 0.748698 0.73441
vt 0.751542 0.736011
vt 0.746741 0.723525
vt 0.749691 0.725822
vt 0.747661 0.744482
vt 0.745854 0.732808
vt 0.74379 0.721228
vt 0.754386 0.737613
vt 0.756025 0.74685
vt 0.75723 0.739215
vt 0.758881 0.747398
vt 0.752642 0.72812
vt 0.755593 0.730417
vt 0.757454 0.755576
vt 0.754451 0.756435
vt 0.760559 0.754354
vt 0.75165 0.75657
vt 0.748951 0.756342
vt 0.455844 0.873303
vt 0.456228 0.862445
vt 0.45872 0.862525
vt 0.458218 0.87234
vt 0.461075 0.862221
vt 0.460512 0.871308
vt 0.458809 0.881773
vt 0.456567 0.883568
vt 0.460541 0.8904
vt 0.458468 0.89288
vt 0.460989 0.880015
vt 0.462559 0.887958
vt 0.454204 0.88544
vt 0.453311 0.874132
vt 0.456282 0.895433
vt 0.453462 0.861594
vt 0.713099 0.958873
vt 0.709505 0.956657
vt 0.709589 0.947902
vt 0.713268 0.9507
vt 0.709673 0.939147
vt 0.713438 0.942528
vt 0.705911 0.954441
vt 0.705909 0.945103
vt 0.705907 0.935766
vt 0.716948 0.953499
vt 0.716692 0.961089
vt 0.720628 0.956298
vt 0.720286 0.963305
vt 0.717204 0.945909
vt 0.720969 0.94929
vt 0.716437 0.968679
vt 0.712929 0.967046
vt 0.716181 0.976269
vt 0.712759 0.975218
vt 0.719945 0.970313
vt 0.719603 0.97732
vt 0.709421 0.965412
vt 0.705912 0.963778
vt 0.709337 0.974167
vt 0.705914 0.973116
vt 0.465702 0.90789
vt 0.461617 0.900877
vt 0.463468 0.897799
vt 0.467289 0.904275
vt 0.465277 0.894754
vt 0.468856 0.90069
vt 0.471707 0.910136
vt 0.470411 0.914246
vt 0.476423 0.915691
vt 0.475433 0.920274
vt 0.473008 0.906052
vt 0.477447 0.911127
vt 0.469129 0.918407
vt 0.464075 0.911567
vt 0.474514 0.924898
vt 0.459682 0.904025
vt 0.499957 0.769982
vt 0.497786 0.772787
vt 0.488957 0.766883
vt 0.491624 0.76415
vt 0.481278 0.760716
vt 0.484237 0.758308
vt 0.494653 0.761641
vt 0.502617 0.767233
vt 0.497863 0.759245
vt 0.505523 0.76451
vt 0.487533 0.756119
vt 0.490998 0.754039
vt 0.511145 0.77287
vt 0.508993 0.775693
vt 0.519953 0.77853
vt 0.518381 0.781344
vt 0.513714 0.769814
vt 0.522169 0.775137
vt 0.507675 0.778052
vt 0.518094 0.782999
vt 0.863557 0.044065
vt 0.862381 0.033419
vt 0.867069 0.032116
vt 0.868243 0.042368
vt 0.871148 0.030567
vt 0.872334 0.040502
vt 0.86122 0.022512
vt 0.865898 0.021621
vt 0.869953 0.020404
vt 0.869419 0.052133
vt 0.864762 0.054192
vt 0.870601 0.061168
vt 0.866011 0.06354
vt 0.873504 0.04998
vt 0.874648 0.058774
vt 0.859724 0.056189
vt 0.858476 0.04565
vt 0.854495 0.058155
vt 0.853197 0.047179
vt 0.861059 0.065896
vt 0.855927 0.068245
vt 0.857286 0.034557
vt 0.856125 0.023186
vt 0.851988 0.035613
vt 0.850824 0.023751
vt 0.472893 0.746943
vt 0.478038 0.752571
vt 0.474845 0.75466
vt 0.469508 0.748729
vt 0.465121 0.742938
vt 0.468666 0.741431
vt 0.461536 0.737301
vt 0.465223 0.73604
vt 0.472459 0.740101
vt 0.476553 0.745349
vt 0.476375 0.738858
vt 0.48035 0.743851
vt 0.46914 0.734942
vt 0.473172 0.733924
vt 0.481538 0.750688
vt 0.485192 0.748909
vt 0.868816 0.079205
vt 0.873124 0.076393
vt 0.874741 0.08273
vt 0.870634 0.085699
vt 0.87678 0.088316
vt 0.872904 0.091418
vt 0.876976 0.073682
vt 0.878446 0.079918
vt 0.880309 0.085422
vt 0.866258 0.088773
vt 0.864204 0.082085
vt 0.861747 0.091898
vt 0.859439 0.084999
vt 0.868796 0.094659
vt 0.864573 0.09797
vt 0.862512 0.074494
vt 0.867319 0.071848
vt 0.857537 0.077153
vt 0.87179 0.06923
vt 0.875758 0.066654
vt 0.192324 0.168852
vt 0.202522 0.173421
vt 0.199729 0.182104
vt 0.187759 0.174816
vt 0.214153 0.174862
vt 0.213194 0.185345
vt 0.177542 0.165348
vt 0.183269 0.162294
vt 0.168201 0.154788
vt 0.174787 0.15474
vt 0.188254 0.158166
vt 0.195533 0.163154
vt 0.192246 0.153817
vt 0.197626 0.15795
vt 0.181537 0.152216
vt 0.18753 0.148684
vt 0.203938 0.166218
vt 0.214032 0.166593
vt 0.204336 0.16008
vt 0.21304 0.159699
vt 0.728976 0.126421
vt 0.732238 0.121104
vt 0.738754 0.125126
vt 0.736682 0.13268
vt 0.745269 0.129147
vt 0.74443 0.138667
vt 0.73548 0.116144
vt 0.740826 0.117919
vt 0.746172 0.119695
vt 0.734612 0.14093
vt 0.725676 0.13245
vt 0.743717 0.14832
vt 0.717075 0.121792
vt 0.721355 0.119617
vt 0.708643 0.110044
vt 0.713775 0.112541
vt 0.725723 0.117083
vt 0.730135 0.114369
vt 0.719207 0.113061
vt 0.724789 0.112593
vt 0.459519 0.623718
vt 0.45197 0.622759
vt 0.448987 0.615631
vt 0.457286 0.617358
vt 0.446005 0.608503
vt 0.454978 0.610967
vt 0.444793 0.622389
vt 0.44115 0.614513
vt 0.437506 0.606637
vt 0.466507 0.620302
vt 0.467815 0.625853
vt 0.4649 0.614625
vt 0.468523 0.631153
vt 0.461603 0.630015
vt 0.468932 0.636327
vt 0.463611 0.63628
vt 0.454952 0.629887
vt 0.448437 0.630265
vt 0.457935 0.637015
vt 0.452081 0.638141
vt 0.596685 0.024309
vt 0.595648 0.031382
vt 0.587954 0.033636
vt 0.588475 0.027506
vt 0.58026 0.035891
vt 0.580265 0.030704
vt 0.594611 0.038454
vt 0.587433 0.039767
vt 0.580255 0.041079
vt 0.588996 0.021376
vt 0.597722 0.017237
vt 0.589516 0.015246
vt 0.598759 0.010164
vt 0.58027 0.025516
vt 0.580274 0.020328
vt 0.606448 0.013097
vt 0.604895 0.021112
vt 0.615174 0.00895703
vt 0.613105 0.017915
vt 0.608001 0.00508201
vt 0.617243 0
vt 0.603342 0.029127
vt 0.601788 0.037142
vt 0.611035 0.026872
vt 0.608966 0.035829
vt 0.242093 0.166164
vt 0.257435 0.158474
vt 0.258236 0.16838
vt 0.243141 0.176284
vt 0.273155 0.149874
vt 0.273255 0.159718
vt 0.227896 0.182672
vt 0.227504 0.172035
vt 0.226378 0.163514
vt 0.240586 0.157754
vt 0.224407 0.156299
vt 0.237927 0.150512
vt 0.256264 0.150084
vt 0.272678 0.141458
vt 0.253092 0.142967
vt 0.271262 0.133699
vt 0.009801 0.436473
vt 0.014689 0.432705
vt 0.015594 0.452629
vt 0.0104 0.455782
vt 0.016498 0.472553
vt 0.010999 0.47509
vt 0.019578 0.428937
vt 0.020788 0.449476
vt 0.021998 0.470016
vt 0.005206 0.458935
vt 0.004912 0.440242
vt 1.2e-05 0.462088
vt 2.3e-05 0.44401
vt 0.005499 0.477628
vt 0 0.480165
vt 0.004618 0.421549
vt 0.009202 0.417165
vt 0.004324 0.402856
vt 0.008602 0.397857
vt 3.5e-05 0.425933
vt 4.6e-05 0.407855
vt 0.013785 0.412781
vt 0.018369 0.408397
vt 0.012881 0.392857
vt 0.017159 0.387858
vt 0.446706 0.730506
vt 0.444247 0.732275
vt 0.441951 0.726283
vt 0.444307 0.724594
vt 0.439891 0.720387
vt 0.442081 0.718725
vt 0.441872 0.734076
vt 0.43958 0.727883
vt 0.437552 0.721802
vt 0.446633 0.722728
vt 0.449334 0.7288
vt 0.449544 0.721223
vt 0.452374 0.727347
vt 0.443973 0.716567
vt 0.445417 0.713664
vt 0.452118 0.734693
vt 0.44945 0.736501
vt 0.455132 0.733112
vt 0.447013 0.738458
vt 0.444691 0.740491
vt 0.370731 0.87959
vt 0.370691 0.8856
vt 0.367859 0.884413
vt 0.368109 0.878482
vt 0.365028 0.883225
vt 0.365487 0.877373
vt 0.368366 0.87253
vt 0.370713 0.873625
vt 0.368627 0.866568
vt 0.370668 0.867683
vt 0.366018 0.871435
vt 0.366586 0.865454
vt 0.373061 0.87472
vt 0.373352 0.880698
vt 0.375408 0.875815
vt 0.375974 0.881806
vt 0.372709 0.868797
vt 0.37475 0.869912
vt 0.373523 0.886788
vt 0.376354 0.887975
vt 0.97628 0.913163
vt 0.975905 0.917328
vt 0.969754 0.914363
vt 0.970248 0.910833
vt 0.963603 0.911399
vt 0.964192 0.908444
vt 0.975616 0.921603
vt 0.969273 0.91777
vt 0.96293 0.913937
vt 0.970764 0.907058
vt 0.976827 0.909217
vt 0.971814 0.903584
vt 0.977755 0.90577
vt 0.964612 0.904659
vt 0.964778 0.899628
vt 0.982712 0.910899
vt 0.982269 0.915372
vt 0.988507 0.912343
vt 0.988235 0.917522
vt 0.9835 0.907097
vt 0.989147 0.907994
vt 0.982056 0.920292
vt 0.981959 0.925435
vt 0.988207 0.923257
vt 0.988301 0.929268
vt 0.665887 0.869106
vt 0.660995 0.86988
vt 0.660116 0.863157
vt 0.664478 0.863064
vt 0.659237 0.856435
vt 0.663069 0.857022
vt 0.655754 0.869876
vt 0.655431 0.862458
vt 0.655108 0.855041
vt 0.668194 0.861385
vt 0.670084 0.866777
vt 0.666305 0.855993
vt 0.671973 0.872169
vt 0.667296 0.875149
vt 0.673863 0.877562
vt 0.668705 0.881191
vt 0.661873 0.876602
vt 0.656078 0.877293
vt 0.662752 0.883325
vt 0.656401 0.88471
vt 0.935108 0.799037
vt 0.938271 0.806681
vt 0.936733 0.808787
vt 0.932866 0.801216
vt 0.934551 0.810663
vt 0.93038 0.803537
vt 0.94147 0.814334
vt 0.940744 0.816399
vt 0.940238 0.818383
vt 0.929287 0.793727
vt 0.932016 0.791415
vt 0.925852 0.78628
vt 0.928961 0.783803
vt 0.926598 0.796478
vt 0.923011 0.789451
vt 0.934772 0.789395
vt 0.937296 0.797002
vt 0.937541 0.787521
vt 0.939459 0.795037
vt 0.932248 0.781788
vt 0.935624 0.780004
vt 0.939821 0.804608
vt 0.942345 0.812215
vt 0.941376 0.802553
vt 0.943293 0.81007
vt 0.370641 0.951414
vt 0.372945 0.951969
vt 0.373974 0.959842
vt 0.371712 0.959489
vt 0.375142 0.9681
vt 0.372921 0.967958
vt 0.375249 0.952525
vt 0.376235 0.960195
vt 0.377362 0.968242
vt 0.369451 0.959136
vt 0.368337 0.950858
vt 0.36719 0.958783
vt 0.366033 0.950302
vt 0.370701 0.967816
vt 0.368481 0.967674
vt 0.367496 0.943384
vt 0.369846 0.944126
vt 0.367063 0.937116
vt 0.369464 0.938019
vt 0.365146 0.942642
vt 0.364662 0.936213
vt 0.372196 0.944867
vt 0.374546 0.945609
vt 0.371865 0.938922
vt 0.374266 0.939824
vt 0.924322 0.80866
vt 0.921198 0.811556
vt 0.918796 0.807649
vt 0.921366 0.803584
vt 0.916271 0.803587
vt 0.91831 0.798336
vt 0.91808 0.814571
vt 0.91624 0.811859
vt 0.914321 0.80907
vt 0.923962 0.799812
vt 0.927457 0.806003
vt 0.920527 0.793547
vt 0.931072 0.812045
vt 0.927079 0.81339
vt 0.93396 0.817068
vt 0.929309 0.817402
vt 0.923353 0.815154
vt 0.919762 0.817127
vt 0.925138 0.818288
vt 0.921208 0.819451
vt 0.736431 0.027517
vt 0.736808 0.022786
vt 0.740227 0.022153
vt 0.74021 0.028033
vt 0.743821 0.021347
vt 0.744147 0.028437
vt 0.736719 0.018651
vt 0.73985 0.01711
vt 0.743165 0.015386
vt 0.739932 0.034471
vt 0.735776 0.032636
vt 0.739523 0.041188
vt 0.734984 0.037949
vt 0.744253 0.036279
vt 0.744249 0.044497
vt 0.731949 0.030745
vt 0.732965 0.026775
vt 0.728616 0.02877
vt 0.729957 0.02567
vt 0.730814 0.034849
vt 0.727202 0.031956
vt 0.733744 0.023074
vt 0.733958 0.019826
vt 0.731149 0.022741
vt 0.732016 0.020576
vt 0.216359 0.116668
vt 0.216182 0.112458
vt 0.223422 0.108719
vt 0.223682 0.112075
vt 0.230841 0.105001
vt 0.230976 0.10739
vt 0.216086 0.10863
vt 0.223183 0.105468
vt 0.232057 0.102459
vt 0.224895 0.11537
vt 0.217158 0.121137
vt 0.227548 0.119403
vt 0.219205 0.126068
vt 0.232339 0.109214
vt 0.234808 0.110062
vt 0.208836 0.126127
vt 0.20898 0.121078
vt 0.200222 0.130729
vt 0.201572 0.125395
vt 0.209956 0.131471
vt 0.198663 0.135561
vt 0.209299 0.116238
vt 0.209502 0.111867
vt 0.202595 0.120039
vt 0.203175 0.11514
vt 0.917104 0.128843
vt 0.923628 0.13337
vt 0.922162 0.137695
vt 0.914459 0.13287
vt 0.919916 0.141936
vt 0.910731 0.136758
vt 0.930191 0.138015
vt 0.929693 0.142625
vt 0.928772 0.147193
vt 0.906415 0.128253
vt 0.910654 0.124551
vt 0.899569 0.124171
vt 0.904746 0.120665
vt 0.900888 0.131737
vt 0.888765 0.127001
vt 0.91323 0.120854
vt 0.918852 0.124925
vt 0.914939 0.117446
vt 0.920185 0.121373
vt 0.907875 0.117121
vt 0.909898 0.113825
vt 0.924652 0.129221
vt 0.930541 0.133629
vt 0.925568 0.125505
vt 0.931019 0.129738
vt 0.455485 0.705399
vt 0.456024 0.710296
vt 0.451214 0.710094
vt 0.451092 0.705281
vt 0.446264 0.70977
vt 0.446663 0.705132
vt 0.456887 0.715251
vt 0.451871 0.715071
vt 0.450912 0.700225
vt 0.45506 0.700453
vt 0.450703 0.695049
vt 0.45469 0.695482
vt 0.446765 0.699998
vt 0.446716 0.694615
vt 0.459207 0.70068
vt 0.459808 0.705455
vt 0.463355 0.700907
vt 0.464096 0.705481
vt 0.458677 0.695915
vt 0.462664 0.696349
vt 0.460553 0.710252
vt 0.461512 0.715081
vt 0.464941 0.710086
vt 0.46594 0.714735
vt 0.89546 0.114358
vt 0.89821 0.110815
vt 0.902877 0.11384
vt 0.899844 0.117359
vt 0.900639 0.107629
vt 0.90513 0.110612
vt 0.89546 0.120948
vt 0.892287 0.118107
vt 0.8904 0.124571
vt 0.888904 0.121959
vt 0.888251 0.115174
vt 0.891105 0.11139
vt 0.883851 0.112001
vt 0.886867 0.108264
vt 0.885342 0.119083
vt 0.880778 0.115859
vt 0.893849 0.107856
vt 0.896429 0.104696
vt 0.889771 0.104769
vt 0.892505 0.101636
vt 0.460157 0.725575
vt 0.462427 0.730776
vt 0.458607 0.731831
vt 0.456068 0.726335
vt 0.453656 0.720616
vt 0.458287 0.720372
vt 0.462757 0.719953
vt 0.464382 0.724879
vt 0.467146 0.719446
vt 0.468675 0.724216
vt 0.466478 0.729872
vt 0.470644 0.729043
vt 0.879098 0.100878
vt 0.882459 0.097541
vt 0.885949 0.10136
vt 0.882834 0.104788
vt 0.885582 0.094506
vt 0.888868 0.09827
vt 0.879588 0.108441
vt 0.875579 0.104416
vt 0.876276 0.112207
vt 0.87198 0.108054
vt 0.871943 0.099848
vt 0.875757 0.09645
vt 0.868032 0.103332
vt 0.879378 0.093223
vt 0.882708 0.090254
vt 0.252826 0.113127
vt 0.258477 0.115531
vt 0.259344 0.122346
vt 0.251079 0.118569
vt 0.256218 0.129407
vt 0.246736 0.124446
vt 0.264314 0.11786
vt 0.26835 0.125823
vt 0.244299 0.114196
vt 0.247545 0.110573
vt 0.238261 0.109524
vt 0.24245 0.107946
vt 0.239493 0.118642
vt 0.250231 0.106715
vt 0.25333 0.107756
vt 0.252637 0.102738
vt 0.253214 0.102421
vt 0.247132 0.105674
vt 0.252059 0.103055
vt 0.25643 0.108797
vt 0.259529 0.109839
vt 0.253792 0.102105
vt 0.25437 0.101788
vt 0.28222 0.479202
vt 0.281749 0.473701
vt 0.285134 0.472465
vt 0.286454 0.475788
vt 0.288389 0.470825
vt 0.290278 0.472237
vt 0.281558 0.468119
vt 0.283814 0.469141
vt 0.286501 0.469413
vt 0.287775 0.479112
vt 0.283253 0.484542
vt 0.289095 0.482435
vt 0.284567 0.489801
vt 0.292166 0.473649
vt 0.294055 0.475061
vt 0.278472 0.489907
vt 0.277166 0.482341
vt 0.280901 0.497149
vt 0.278104 0.47413
vt 0.280164 0.465596
vt 0.228134 0.137684
vt 0.238439 0.131117
vt 0.246289 0.13688
vt 0.233421 0.143894
vt 0.22148 0.149579
vt 0.217764 0.143247
vt 0.21139 0.153343
vt 0.208829 0.147334
vt 0.213428 0.137194
vt 0.22313 0.131662
vt 0.205106 0.141478
vt 0.232127 0.124971
vt 0.899655 0.143497
vt 0.905731 0.140265
vt 0.916557 0.145836
vt 0.912361 0.149478
vt 0.927153 0.151449
vt 0.925011 0.155471
vt 0.907609 0.15295
vt 0.892699 0.146563
vt 0.902578 0.156336
vt 0.885303 0.149547
vt 0.922519 0.159337
vt 0.919853 0.163125
vt 0.877789 0.140177
vt 0.886833 0.137536
vt 0.862878 0.13379
vt 0.873955 0.131585
vt 0.868028 0.142758
vt 0.850753 0.135969
vt 0.894447 0.134777
vt 0.882933 0.12933
vt 0.199651 0.150064
vt 0.202826 0.149473
vt 0.204077 0.154595
vt 0.198844 0.153469
vt 0.194997 0.150101
vt 0.197376 0.146982
vt 0.191842 0.145613
vt 0.19487 0.142642
vt 0.20025 0.144424
vt 0.197011 0.139412
vt 0.05912 0.848231
vt 0.057735 0.849164
vt 0.057935 0.843525
vt 0.059814 0.844554
vt 0.058333 0.837754
vt 0.060707 0.839826
vt 0.055953 0.850362
vt 0.055956 0.843022
vt 0.05596 0.835682
vt 0.061495 0.846633
vt 0.059811 0.850976
vt 0.063077 0.849238
vt 0.0607 0.854506
vt 0.06308 0.841897
vt 0.065454 0.843969
vt 0.05793 0.854536
vt 0.05595 0.857702
vt 0.058323 0.859774
vt 0.055947 0.865043
vt 0.252443 0.082012
vt 0.256212 0.078378
vt 0.257762 0.081001
vt 0.254006 0.08465
vt 0.259312 0.083624
vt 0.255569 0.087289
vt 0.259782 0.074242
vt 0.261294 0.076855
vt 0.262806 0.079468
vt 0.250032 0.087852
vt 0.248491 0.0852
vt 0.245845 0.090656
vt 0.24437 0.087999
vt 0.251573 0.090504
vt 0.247321 0.093313
vt 0.24695 0.082548
vt 0.25088 0.079373
vt 0.245409 0.079896
vt 0.249317 0.076735
vt 0.242895 0.085342
vt 0.241419 0.082685
vt 0.254662 0.075755
vt 0.25827 0.07163
vt 0.253111 0.073132
vt 0.256759 0.069017
vt 0.890978 0.089384
vt 0.893455 0.086778
vt 0.896924 0.09097
vt 0.894139 0.093258
vt 0.900516 0.094554
vt 0.897585 0.096676
vt 0.89576 0.083956
vt 0.899441 0.088367
vt 0.904903 0.092603
vt 0.891526 0.09563
vt 0.888387 0.091874
vt 0.895012 0.098987
vt 0.885652 0.087629
vt 0.888273 0.08495
vt 0.883375 0.082805
vt 0.886055 0.080011
vt 0.890638 0.081822
vt 0.892811 0.07871
vt 0.888424 0.076582
vt 0.890451 0.070988
vt 0.235669 0.092732
vt 0.240095 0.090465
vt 0.241453 0.093111
vt 0.237044 0.095362
vt 0.24281 0.095757
vt 0.238474 0.097993
vt 0.232811 0.097551
vt 0.231094 0.094932
vt 0.228043 0.099864
vt 0.226148 0.09721
vt 0.234745 0.100175
vt 0.229811 0.092326
vt 0.234402 0.090105
vt 0.228745 0.089724
vt 0.23319 0.08748
vt 0.224887 0.094606
vt 0.223944 0.092027
vt 0.238738 0.087819
vt 0.23738 0.085173
vt 0.904931 0.102645
vt 0.906983 0.100592
vt 0.910843 0.103501
vt 0.909061 0.105571
vt 0.915137 0.106602
vt 0.913487 0.108699
vt 0.90902 0.098664
vt 0.912573 0.101559
vt 0.916746 0.104638
vt 0.907174 0.107899
vt 0.902848 0.104948
vt 0.911755 0.111062
vt 0.89879 0.102035
vt 0.901144 0.099742
vt 0.903705 0.097686
vt 0.906369 0.095748
vt 0.214732 0.102367
vt 0.220607 0.09971
vt 0.222031 0.102486
vt 0.21553 0.105308
vt 0.209296 0.10822
vt 0.208782 0.105118
vt 0.203195 0.111177
vt 0.202795 0.107917
vt 0.208064 0.102379
vt 0.213911 0.099679
vt 0.207243 0.099821
vt 0.213078 0.097119
vt 0.202114 0.105125
vt 0.201294 0.102567
vt 0.219553 0.097073
vt 0.218683 0.094506
vt 0.923034 0.115996
vt 0.924517 0.113857
vt 0.929458 0.117819
vt 0.928028 0.119977
vt 0.934472 0.121877
vt 0.933086 0.124052
vt 0.926016 0.111874
vt 0.930946 0.115834
vt 0.935959 0.119892
vt 0.926713 0.122481
vt 0.921585 0.11845
vt 0.931901 0.126609
vt 0.916579 0.114611
vt 0.918166 0.112205
vt 0.919719 0.110086
vt 0.921255 0.108109
vt 0.844787 0.00814903
vt 0.844719 0.011775
vt 0.842292 0.011815
vt 0.842303 0.00823599
vt 0.839865 0.011856
vt 0.839819 0.008322
vt 0.84465 0.015401
vt 0.842281 0.015395
vt 0.839912 0.015389
vt 0.842314 0.00465602
vt 0.844856 0.00452298
vt 0.842325 0.00107598
vt 0.844924 0.000895977
vt 0.839772 0.00478899
vt 0.839726 0.00125599
vt 0.847398 0.00438899
vt 0.847271 0.00806201
vt 0.849939 0.00425601
vt 0.849756 0.00797498
vt 0.847524 0.000715971
vt 0.850123 0.000536978
vt 0.847145 0.011735
vt 0.847019 0.015408
vt 0.849572 0.011695
vt 0.849388 0.015414
vt 0.725561 0.022093
vt 0.723816 0.019903
vt 0.725853 0.017497
vt 0.727464 0.019668
vt 0.728086 0.015062
vt 0.729588 0.017265
vt 0.722193 0.017603
vt 0.724275 0.015163
vt 0.726527 0.012714
vt 0.729143 0.021511
vt 0.727548 0.024062
vt 0.730972 0.019179
vt 0.725942 0.026684
vt 0.723762 0.024514
vt 0.72433 0.029341
vt 0.722015 0.026934
vt 0.721911 0.022289
vt 0.720224 0.020036
vt 0.720071 0.024666
vt 0.718312 0.022467
vt 0.931445 0.822656
vt 0.927232 0.822823
vt 0.926429 0.820805
vt 0.930686 0.820325
vt 0.923043 0.822985
vt 0.922337 0.821465
vt 0.935274 0.820203
vt 0.935708 0.822477
vt 0.940028 0.82026
vt 0.939995 0.822293
vt 0.935954 0.824922
vt 0.93182 0.824894
vt 0.936015 0.827879
vt 0.931942 0.827559
vt 0.940021 0.824747
vt 0.939989 0.827887
vt 0.927552 0.824463
vt 0.923216 0.823828
vt 0.927674 0.826612
vt 0.922747 0.823813
vt 0.734762 0.012542
vt 0.733276 0.010084
vt 0.7361 0.00756001
vt 0.737656 0.010092
vt 0.73899 0.005027
vt 0.740639 0.00760198
vt 0.731653 0.007783
vt 0.734414 0.00530702
vt 0.737231 0.002828
vt 0.738949 0.013182
vt 0.735973 0.015317
vt 0.742067 0.01093
vt 0.733281 0.017215
vt 0.732046 0.014912
vt 0.730583 0.012588
vt 0.729005 0.010253
vt 0.585751 0.046971
vt 0.585771 0.049756
vt 0.583085 0.04956
vt 0.583051 0.046857
vt 0.580399 0.049364
vt 0.580351 0.046743
vt 0.585791 0.052541
vt 0.583119 0.052262
vt 0.580447 0.051984
vt 0.583018 0.044154
vt 0.585732 0.044186
vt 0.582984 0.041452
vt 0.585712 0.041401
vt 0.580303 0.044122
vt 0.580255 0.041502
vt 0.588446 0.044218
vt 0.588452 0.047085
vt 0.591161 0.04425
vt 0.591152 0.047199
vt 0.588441 0.041351
vt 0.591169 0.041301
vt 0.588457 0.049952
vt 0.588463 0.052819
vt 0.591143 0.050148
vt 0.591134 0.053097
vt 0.370217 0.930136
vt 0.371076 0.927573
vt 0.373664 0.928793
vt 0.372738 0.93127
vt 0.376251 0.930013
vt 0.37526 0.932404
vt 0.372073 0.925403
vt 0.374728 0.926701
vt 0.377384 0.928
vt 0.372092 0.934518
vt 0.369634 0.933487
vt 0.374551 0.935548
vt 0.367175 0.932456
vt 0.367695 0.929002
vt 0.364716 0.931426
vt 0.365174 0.927869
vt 0.368488 0.926353
vt 0.369417 0.924105
vt 0.365901 0.925132
vt 0.366762 0.922806
vt 0.981139 0.90099
vt 0.986343 0.901948
vt 0.984749 0.904187
vt 0.979275 0.903097
vt 0.991772 0.902345
vt 0.990276 0.904754
vt 0.97391 0.900959
vt 0.976386 0.898913
vt 0.969634 0.897126
vt 0.97254 0.895123
vt 0.97858 0.897171
vt 0.983098 0.899242
vt 0.980632 0.895583
vt 0.985104 0.897672
vt 0.974888 0.893366
vt 0.976957 0.891733
vt 0.988167 0.900156
vt 0.993512 0.900491
vt 0.990107 0.898587
vt 0.995375 0.898914
vt 0.221957 0.842332
vt 0.224289 0.843368
vt 0.222872 0.84775
vt 0.220507 0.846644
vt 0.223159 0.853876
vt 0.220756 0.852699
vt 0.22662 0.844403
vt 0.225237 0.848857
vt 0.225562 0.855053
vt 0.218142 0.845538
vt 0.219626 0.841297
vt 0.215776 0.844432
vt 0.217294 0.840262
vt 0.218352 0.851521
vt 0.215949 0.850344
vt 0.222239 0.838219
vt 0.22454 0.839183
vt 0.225418 0.835722
vt 0.22769 0.836614
vt 0.219938 0.837255
vt 0.223146 0.834829
vt 0.226841 0.840147
vt 0.229142 0.84111
vt 0.229962 0.837507
vt 0.232234 0.838399
vt 0.266452 0.064416
vt 0.269888 0.058967
vt 0.271208 0.061578
vt 0.267842 0.067034
vt 0.272528 0.06419
vt 0.269233 0.069652
vt 0.273615 0.05332
vt 0.274867 0.055905
vt 0.276118 0.058491
vt 0.264596 0.072163
vt 0.26314 0.069548
vt 0.266052 0.074778
vt 0.261683 0.066933
vt 0.265062 0.061798
vt 0.260227 0.064319
vt 0.263671 0.05918
vt 0.268568 0.056355
vt 0.272364 0.050734
vt 0.267248 0.053743
vt 0.271112 0.048148
vt 0.883001 0.068569
vt 0.885466 0.065976
vt 0.88677 0.071535
vt 0.884351 0.074619
vt 0.887772 0.063355
vt 0.88903 0.068255
vt 0.881612 0.077314
vt 0.88022 0.071106
vt 0.879054 0.064133
vt 0.881846 0.061654
vt 0.87797 0.056348
vt 0.880749 0.0539
vt 0.884303 0.059203
vt 0.886591 0.056766
vt 0.883166 0.051437
vt 0.885403 0.048965
vt 0.282335 0.041815
vt 0.287097 0.035995
vt 0.288185 0.038348
vt 0.283472 0.044263
vt 0.289273 0.040701
vt 0.28461 0.046712
vt 0.291974 0.030156
vt 0.293014 0.032406
vt 0.294055 0.034656
vt 0.278994 0.050125
vt 0.277803 0.047596
vt 0.280186 0.052654
vt 0.276611 0.045067
vt 0.281197 0.039366
vt 0.27542 0.042538
vt 0.28006 0.036917
vt 0.286009 0.033642
vt 0.290934 0.027906
vt 0.284922 0.031288
vt 0.289894 0.025656
vt 0.878341 0.036152
vt 0.880651 0.03378
vt 0.881942 0.042898
vt 0.879574 0.045331
vt 0.882764 0.031352
vt 0.884119 0.040433
vt 0.876825 0.047703
vt 0.875634 0.038411
vt 0.874413 0.028689
vt 0.877068 0.026565
vt 0.873176 0.018752
vt 0.875776 0.016774
vt 0.879317 0.024276
vt 0.881362 0.021905
vt 0.87796 0.014579
vt 0.879936 0.012275
vt 0.669836 0.899461
vt 0.671881 0.906495
vt 0.669484 0.906098
vt 0.667516 0.898989
vt 0.667087 0.9057
vt 0.665196 0.898517
vt 0.672732 0.913906
vt 0.670289 0.913562
vt 0.667846 0.913218
vt 0.664773 0.892118
vt 0.666995 0.892678
vt 0.661642 0.885366
vt 0.663756 0.886022
vt 0.66255 0.891558
vt 0.659528 0.88471
vt 0.669218 0.893238
vt 0.672156 0.899932
vt 0.67144 0.893799
vt 0.674476 0.900404
vt 0.665871 0.886677
vt 0.667985 0.887333
vt 0.674278 0.906892
vt 0.675175 0.914249
vt 0.676675 0.907289
vt 0.677619 0.914593
vt 0.915266 0.958487
vt 0.91247 0.959789
vt 0.912667 0.95258
vt 0.915431 0.951278
vt 0.912863 0.945372
vt 0.915596 0.94407
vt 0.909674 0.961091
vt 0.909902 0.953882
vt 0.91013 0.946674
vt 0.918195 0.949977
vt 0.918061 0.957186
vt 0.92096 0.948675
vt 0.920857 0.955884
vt 0.918329 0.942768
vt 0.921063 0.941465
vt 0.917927 0.964395
vt 0.9151 0.965696
vt 0.917793 0.971603
vt 0.914935 0.972905
vt 0.920754 0.963093
vt 0.920651 0.970302
vt 0.912273 0.966997
vt 0.909446 0.968299
vt 0.912077 0.974206
vt 0.909219 0.975507
vt 0.670057 0.930111
vt 0.667327 0.938654
vt 0.664951 0.938331
vt 0.667635 0.929798
vt 0.662576 0.938008
vt 0.665213 0.929484
vt 0.664198 0.947322
vt 0.66188 0.946983
vt 0.659562 0.946644
vt 0.669543 0.921502
vt 0.671991 0.92182
vt 0.667095 0.921184
vt 0.67444 0.922138
vt 0.672479 0.930424
vt 0.676888 0.922456
vt 0.674901 0.930738
vt 0.669702 0.938977
vt 0.666516 0.947662
vt 0.672077 0.939299
vt 0.668834 0.948001
vt 0.225376 0.949601
vt 0.227589 0.951529
vt 0.222612 0.957253
vt 0.220319 0.955284
vt 0.217353 0.962602
vt 0.214965 0.960595
vt 0.229803 0.953457
vt 0.224905 0.959222
vt 0.21974 0.964608
vt 0.218027 0.953314
vt 0.223163 0.947673
vt 0.215734 0.951345
vt 0.220949 0.945744
vt 0.212578 0.958588
vt 0.21019 0.956582
vt 0.227673 0.941296
vt 0.229837 0.943176
vt 0.231244 0.933818
vt 0.233405 0.935637
vt 0.225508 0.939417
vt 0.229083 0.932
vt 0.232001 0.945055
vt 0.234165 0.946934
vt 0.235565 0.937456
vt 0.237726 0.939274
vt 0.764149 0.78463
vt 0.763309 0.795291
vt 0.760561 0.796596
vt 0.761678 0.78559
vt 0.762476 0.805879
vt 0.759472 0.807312
vt 0.76285 0.774004
vt 0.765002 0.773824
vt 0.76405 0.762127
vt 0.765863 0.762945
vt 0.76714 0.773072
vt 0.766577 0.78361
vt 0.76927 0.772036
vt 0.768984 0.782561
vt 0.767703 0.762535
vt 0.769557 0.761511
vt 0.766014 0.794148
vt 0.765452 0.804685
vt 0.768698 0.793086
vt 0.768412 0.803611
vt 0.236858 0.916438
vt 0.239166 0.918094
vt 0.237999 0.928356
vt 0.235781 0.926614
vt 0.241474 0.91975
vt 0.240217 0.930098
vt 0.233564 0.924871
vt 0.234551 0.914782
vt 0.231346 0.923129
vt 0.232243 0.913126
vt 0.234124 0.903878
vt 0.236527 0.905444
vt 0.232203 0.892486
vt 0.234679 0.893963
vt 0.231721 0.902313
vt 0.229727 0.891009
vt 0.23893 0.907009
vt 0.241333 0.908575
vt 0.237154 0.89544
vt 0.23963 0.896917
vt 0.968499 0.881232
vt 0.97006 0.88903
vt 0.96743 0.890948
vt 0.966363 0.883105
vt 0.964605 0.892934
vt 0.964179 0.884995
vt 0.965498 0.874277
vt 0.967412 0.87233
vt 0.964733 0.864957
vt 0.966562 0.862876
vt 0.963583 0.876224
vt 0.962903 0.867038
vt 0.969327 0.870384
vt 0.970537 0.879394
vt 0.971241 0.868437
vt 0.972527 0.877572
vt 0.968392 0.860795
vt 0.970221 0.858714
vt 0.972299 0.887248
vt 0.974344 0.885533
vt 0.227077 0.87116
vt 0.229561 0.87248
vt 0.233702 0.883724
vt 0.231205 0.882329
vt 0.232045 0.8738
vt 0.2362 0.88512
vt 0.228707 0.880933
vt 0.224594 0.86984
vt 0.226209 0.879537
vt 0.22211 0.868521
vt 0.220822 0.859829
vt 0.22327 0.861077
vt 0.218375 0.858582
vt 0.225718 0.862325
vt 0.228165 0.863573
vt 0.931754 0.835354
vt 0.92789 0.834506
vt 0.927886 0.83016
vt 0.931943 0.831168
vt 0.924175 0.833334
vt 0.924162 0.828831
vt 0.93589 0.831693
vt 0.935685 0.835799
vt 0.939781 0.831977
vt 0.939649 0.836042
vt 0.935506 0.839632
vt 0.931306 0.839747
vt 0.934924 0.843937
vt 0.930492 0.844456
vt 0.939846 0.839109
vt 0.940624 0.840203
vt 0.927386 0.839049
vt 0.92359 0.837846
vt 0.926458 0.84378
vt 0.922552 0.842449
vt 0.967874 0.031413
vt 0.966765 0.035998
vt 0.963409 0.03471
vt 0.964993 0.029744
vt 0.96043 0.032622
vt 0.962551 0.027474
vt 0.965987 0.040712
vt 0.962312 0.039774
vt 0.957419 0.038999
vt 0.966504 0.025089
vt 0.969105 0.026974
vt 0.967978 0.020588
vt 0.970398 0.022608
vt 0.964443 0.022737
vt 0.966219 0.018206
vt 0.972075 0.028339
vt 0.970984 0.032642
vt 0.975237 0.029133
vt 0.974237 0.033463
vt 0.973252 0.024088
vt 0.976313 0.024851
vt 0.970066 0.037047
vt 0.969409 0.041607
vt 0.973391 0.037892
vt 0.972776 0.042468
vt 0.927614 0.854882
vt 0.923652 0.853693
vt 0.92519 0.848689
vt 0.929204 0.849586
vt 0.919622 0.8521
vt 0.921207 0.847224
vt 0.933511 0.849461
vt 0.931735 0.855433
vt 0.937723 0.848369
vt 0.936082 0.85524
vt 0.930068 0.861085
vt 0.925892 0.860087
vt 0.928394 0.866474
vt 0.924063 0.865153
vt 0.934705 0.861631
vt 0.933361 0.867673
vt 0.921911 0.858705
vt 0.917862 0.857007
vt 0.92004 0.863642
vt 0.915997 0.861874
vt 0.96589 0.050479
vt 0.966238 0.055553
vt 0.963165 0.05452
vt 0.962719 0.04962
vt 0.96025 0.05368
vt 0.959599 0.048821
vt 0.966664 0.060558
vt 0.963611 0.059391
vt 0.960757 0.058504
vt 0.962258 0.044725
vt 0.965751 0.045535
vt 0.958694 0.043927
vt 0.969099 0.046372
vt 0.969163 0.051456
vt 0.972469 0.047241
vt 0.972554 0.052422
vt 0.969627 0.056972
vt 0.970118 0.062285
vt 0.973114 0.058222
vt 0.974742 0.065758
vt 0.92029 0.874732
vt 0.91624 0.873064
vt 0.918108 0.868419
vt 0.922153 0.870031
vt 0.91226 0.871316
vt 0.914091 0.866631
vt 0.926598 0.87166
vt 0.924799 0.876629
vt 0.931814 0.873499
vt 0.930157 0.879062
vt 0.923116 0.88137
vt 0.918603 0.879269
vt 0.921668 0.885871
vt 0.91722 0.883655
vt 0.928483 0.884318
vt 0.926883 0.889219
vt 0.914564 0.877606
vt 0.910619 0.875967
vt 0.913205 0.882072
vt 0.909284 0.880624
vt 0.96737 0.069823
vt 0.967667 0.074204
vt 0.964631 0.073334
vt 0.964447 0.068873
vt 0.961737 0.072352
vt 0.961591 0.067942
vt 0.967681 0.078421
vt 0.964522 0.077508
vt 0.961581 0.076422
vt 0.964072 0.0642
vt 0.967039 0.065294
vt 0.961235 0.063292
vt 0.970263 0.066759
vt 0.970428 0.07081
vt 0.973615 0.068409
vt 0.973553 0.071815
vt 0.970983 0.074852
vt 0.971277 0.078986
vt 0.97444 0.075388
vt 0.976159 0.078538
vt 0.915667 0.892353
vt 0.911718 0.891173
vt 0.912289 0.886491
vt 0.916272 0.8879
vt 0.907775 0.890283
vt 0.90837 0.885325
vt 0.920573 0.89012
vt 0.919742 0.894405
vt 0.925449 0.89372
vt 0.924101 0.897989
vt 0.919081 0.899012
vt 0.915316 0.897363
vt 0.91894 0.904416
vt 0.915239 0.903325
vt 0.922757 0.902194
vt 0.921701 0.905585
vt 0.911394 0.896431
vt 0.907397 0.89571
vt 0.911216 0.902576
vt 0.907135 0.901821
vt 0.966322 0.0863
vt 0.965337 0.089954
vt 0.962211 0.088223
vt 0.963213 0.084862
vt 0.959155 0.086423
vt 0.960192 0.083347
vt 0.964283 0.093511
vt 0.96111 0.091493
vt 0.958019 0.089388
vt 0.964016 0.081321
vt 0.967169 0.082454
vt 0.961034 0.08005
vt 0.97066 0.083313
vt 0.969609 0.087583
vt 0.974219 0.084167
vt 0.973052 0.088735
vt 0.968602 0.091546
vt 0.967617 0.095356
vt 0.972076 0.09293
vt 0.971196 0.096939
vt 0.899574 0.887744
vt 0.899442 0.893651
vt 0.89551 0.892842
vt 0.895381 0.886337
vt 0.891595 0.892151
vt 0.891163 0.884905
vt 0.899568 0.899822
vt 0.896058 0.89971
vt 0.892637 0.899989
vt 0.895656 0.880208
vt 0.900006 0.882103
vt 0.896321 0.874465
vt 0.900782 0.87673
vt 0.891259 0.878232
vt 0.8918 0.87211
vt 0.90426 0.883836
vt 0.903716 0.889099
vt 0.905124 0.878813
vt 0.903409 0.894695
vt 0.903256 0.900714
vt 0.98035 0.090692
vt 0.97663 0.08978
vt 0.977575 0.085287
vt 0.980947 0.086388
vt 0.978593 0.080676
vt 0.981562 0.082054
vt 0.984556 0.087184
vt 0.984223 0.09144
vt 0.988283 0.087827
vt 0.988171 0.092108
vt 0.984889 0.082927
vt 0.988395 0.083547
vt 0.98389 0.095697
vt 0.979789 0.094937
vt 0.983557 0.099954
vt 0.979247 0.099152
vt 0.988059 0.096389
vt 0.987948 0.100669
vt 0.975829 0.094037
vt 0.975099 0.098176
vt 0.903417 0.866747
vt 0.898715 0.864123
vt 0.900321 0.859417
vt 0.905111 0.862037
vt 0.902119 0.854951
vt 0.906949 0.857448
vt 0.893932 0.8614
vt 0.895445 0.856704
vt 0.897202 0.852374
vt 0.90973 0.864473
vt 0.907959 0.869178
vt 0.911604 0.859782
vt 0.90639 0.873943
vt 0.901947 0.871628
vt 0.897361 0.869121
vt 0.892704 0.866517
vt 0.899825 0.077339
vt 0.896875 0.073289
vt 0.898937 0.069712
vt 0.901907 0.073473
vt 0.901023 0.065741
vt 0.904033 0.069414
vt 0.893982 0.069174
vt 0.895966 0.065952
vt 0.898013 0.062067
vt 0.904878 0.077233
vt 0.902889 0.08126
vt 0.907849 0.080994
vt 0.90601 0.085117
vt 0.907044 0.073088
vt 0.910054 0.076761
vt 0.901253 0.085051
vt 0.897829 0.080822
vt 0.904906 0.089023
vt 0.894862 0.076076
vt 0.892123 0.071073
vt 0.910749 0.848448
vt 0.908847 0.852929
vt 0.904047 0.850673
vt 0.906055 0.846473
vt 0.899164 0.848355
vt 0.901287 0.844456
vt 0.908091 0.842243
vt 0.912599 0.843972
vt 0.910103 0.837876
vt 0.914338 0.839468
vt 0.903524 0.840486
vt 0.905832 0.836254
vt 0.91699 0.845642
vt 0.915296 0.850338
vt 0.918499 0.841002
vt 0.91348 0.855061
vt 0.979759 0.054058
vt 0.97608 0.053248
vt 0.976028 0.04815
vt 0.979728 0.049089
vt 0.976286 0.043307
vt 0.979902 0.044128
vt 0.983523 0.050048
vt 0.983609 0.054976
vt 0.987364 0.051017
vt 0.987545 0.055949
vt 0.98359 0.044937
vt 0.987313 0.045741
vt 0.983799 0.059782
vt 0.979962 0.05909
vt 0.98404 0.064528
vt 0.980251 0.064154
vt 0.987814 0.060651
vt 0.988125 0.065238
vt 0.97648 0.058749
vt 0.977053 0.064452
vt 0.917319 0.830283
vt 0.918573 0.825611
vt 0.921214 0.827345
vt 0.920694 0.831917
vt 0.919749 0.820914
vt 0.921529 0.822754
vt 0.919761 0.836448
vt 0.915909 0.834903
vt 0.912041 0.833261
vt 0.913923 0.828461
vt 0.908165 0.83157
vt 0.910516 0.826545
vt 0.915767 0.823538
vt 0.917593 0.818552
vt 0.91288 0.821294
vt 0.91525 0.81593
vt 0.980904 0.034071
vt 0.984289 0.034046
vt 0.983862 0.039583
vt 0.980314 0.039118
vt 0.987688 0.033926
vt 0.987435 0.040006
vt 0.976815 0.038568
vt 0.977548 0.033908
vt 0.978418 0.029301
vt 0.981613 0.029
vt 0.979355 0.02472
vt 0.982381 0.023917
vt 0.984818 0.028387
vt 0.988027 0.027617
vt 0.985398 0.022667
vt 0.98841 0.021193
vt 0.898243 0.960053
vt 0.901918 0.962325
vt 0.903277 0.965783
vt 0.899149 0.964698
vt 0.904637 0.96924
vt 0.900055 0.969344
vt 0.905594 0.964598
vt 0.907406 0.966867
vt 0.909219 0.969136
vt 0.89502 0.963614
vt 0.894568 0.957781
vt 0.890892 0.96253
vt 0.890893 0.955508
vt 0.895473 0.969447
vt 0.890891 0.969551
vt 0.894115 0.951947
vt 0.897337 0.955408
vt 0.893663 0.946114
vt 0.896431 0.950762
vt 0.890893 0.948487
vt 0.890894 0.941465
vt 0.900559 0.958868
vt 0.903781 0.962328
vt 0.8992 0.95541
vt 0.901968 0.960059
vt 0.95941 0.020892
vt 0.960761 0.024438
vt 0.958255 0.029171
vt 0.95649 0.024956
vt 0.955665 0.034038
vt 0.953549 0.029053
vt 0.954741 0.020571
vt 0.958289 0.017092
vt 0.952999 0.016102
vt 0.957282 0.013164
vt 0.951193 0.024051
vt 0.948717 0.019041
vt 0.961837 0.013612
vt 0.962288 0.016895
vt 0.965385 0.010132
vt 0.965145 0.012931
vt 0.961564 0.010225
vt 0.965847 0.00728703
vt 0.963097 0.019971
vt 0.965349 0.015638
vt 0.945641 0.852448
vt 0.950851 0.850142
vt 0.952246 0.860668
vt 0.945976 0.861292
vt 0.953084 0.870988
vt 0.945947 0.869915
vt 0.956203 0.847558
vt 0.958698 0.859913
vt 0.960462 0.872046
vt 0.940069 0.861656
vt 0.940718 0.854196
vt 0.939292 0.868815
vt 0.941455 0.846366
vt 0.945107 0.843414
vt 0.942236 0.838349
vt 0.944473 0.834286
vt 0.949082 0.83948
vt 0.953218 0.835053
vt 0.947128 0.828749
vt 0.94999 0.822475
vt 0.08109 0.923624
vt 0.078218 0.931905
vt 0.076812 0.927795
vt 0.077859 0.921099
vt 0.075407 0.923686
vt 0.074628 0.918574
vt 0.075107 0.940204
vt 0.075623 0.934521
vt 0.076139 0.928838
vt 0.078618 0.914462
vt 0.08348 0.91538
vt 0.078948 0.907913
vt 0.08515 0.907189
vt 0.073756 0.913544
vt 0.072746 0.908637
vt 0.088342 0.916298
vt 0.08432 0.92615
vt 0.093204 0.917215
vt 0.087551 0.928675
vt 0.091352 0.906465
vt 0.097555 0.905741
vt 0.079624 0.936015
vt 0.074591 0.945887
vt 0.08103 0.940125
vt 0.074075 0.95157
vt 0.944282 0.886257
vt 0.952429 0.890594
vt 0.950751 0.899459
vt 0.942609 0.893678
vt 0.948047 0.907417
vt 0.940349 0.9004
vt 0.960886 0.895144
vt 0.959202 0.905556
vt 0.956022 0.914841
vt 0.935083 0.888526
vt 0.936755 0.882342
vt 0.933202 0.894198
vt 0.938173 0.875741
vt 0.945389 0.878286
vt 0.953176 0.881034
vt 0.961249 0.883882
vt 0.085715 0.891207
vt 0.085859 0.899069
vt 0.078704 0.901481
vt 0.077998 0.89527
vt 0.07155 0.903893
vt 0.070281 0.899333
vt 0.07694 0.889382
vt 0.084827 0.883787
vt 0.075639 0.883918
vt 0.083304 0.876993
vt 0.069052 0.894977
vt 0.067974 0.890843
vt 0.092715 0.878192
vt 0.093432 0.887144
vt 0.100603 0.872596
vt 0.101149 0.883081
vt 0.090969 0.870068
vt 0.098634 0.863142
vt 0.093013 0.896658
vt 0.100168 0.894246
vt 0.934068 0.911229
vt 0.939507 0.919874
vt 0.93412 0.924164
vt 0.930163 0.915189
vt 0.928286 0.927024
vt 0.925769 0.917888
vt 0.945085 0.929109
vt 0.938181 0.933896
vt 0.930887 0.936991
vt 0.926413 0.907726
vt 0.928904 0.903766
vt 0.923421 0.910413
vt 0.931155 0.899267
vt 0.937482 0.906275
vt 0.944225 0.914256
vt 0.951174 0.922725
vt 0.078809 0.865637
vt 0.081254 0.871011
vt 0.074208 0.878982
vt 0.072678 0.87444
vt 0.067161 0.886952
vt 0.066546 0.883243
vt 0.071082 0.870163
vt 0.076101 0.86067
vt 0.069453 0.866017
vt 0.07326 0.855905
vt 0.066063 0.879655
vt 0.065646 0.876128
vt 0.08112 0.851177
vt 0.084941 0.856834
vt 0.086138 0.841684
vt 0.091073 0.848031
vt 0.077068 0.845793
vt 0.080875 0.835682
vt 0.088301 0.86304
vt 0.095348 0.855069
vt 0.915837 0.919015
vt 0.91625 0.928188
vt 0.910641 0.926594
vt 0.910924 0.918058
vt 0.905702 0.923615
vt 0.906468 0.916251
vt 0.916679 0.937758
vt 0.9103 0.935327
vt 0.904761 0.93095
vt 0.911088 0.909918
vt 0.915456 0.910635
vt 0.906885 0.908827
vt 0.919668 0.911091
vt 0.92089 0.91906
vt 0.92223 0.928348
vt 0.923631 0.938296
vt 0.674661 0.022895
vt 0.679266 0.020084
vt 0.679971 0.027907
vt 0.675963 0.030114
vt 0.680675 0.035731
vt 0.677249 0.037354
vt 0.68403 0.017286
vt 0.684033 0.025674
vt 0.684036 0.034062
vt 0.672065 0.032267
vt 0.670372 0.025731
vt 0.668333 0.03434
vt 0.666557 0.028606
vt 0.673697 0.038886
vt 0.669953 0.040282
vt 0.668554 0.019362
vt 0.673328 0.015717
vt 0.666675 0.013077
vt 0.671979 0.00856102
vt 0.664472 0.02329
vt 0.662231 0.018182
vt 0.678562 0.012261
vt 0.684027 0.00889802
vt 0.677858 0.00443703
vt 0.684024 0.000509977
vt 0.900454 0.911226
vt 0.898811 0.913722
vt 0.897039 0.90693
vt 0.899907 0.906254
vt 0.8969 0.916854
vt 0.894371 0.908441
vt 0.903174 0.907246
vt 0.902789 0.913654
vt 0.901728 0.919304
vt 0.900329 0.924574
vt 0.661287 0.03384
vt 0.65914 0.032398
vt 0.66131 0.027595
vt 0.663375 0.031533
vt 0.656501 0.030554
vt 0.658935 0.024074
vt 0.66482 0.036305
vt 0.661421 0.037641
vt 0.665954 0.041495
vt 0.661765 0.042572
vt 0.658029 0.037822
vt 0.65464 0.037427
vt 0.657447 0.043557
vt 0.653067 0.044497
vt 0.403467 0.955577
vt 0.400779 0.940359
vt 0.409915 0.94475
vt 0.413153 0.960283
vt 0.419052 0.949141
vt 0.422838 0.964989
vt 0.399397 0.924713
vt 0.407881 0.928815
vt 0.416366 0.932917
vt 0.417192 0.975547
vt 0.407026 0.970508
vt 0.421632 0.990678
vt 0.411021 0.985297
vt 0.427357 0.980587
vt 0.432243 0.996059
vt 0.396861 0.965469
vt 0.393781 0.950871
vt 0.386695 0.96043
vt 0.384096 0.946165
vt 0.40041 0.979916
vt 0.389799 0.974535
vt 0.391642 0.935969
vt 0.390912 0.920611
vt 0.382505 0.931578
vt 0.382428 0.916508
vt 0.931559 0.600807
vt 0.939251 0.597574
vt 0.932798 0.614625
vt 0.924682 0.618106
vt 0.925756 0.63161
vt 0.917227 0.635364
vt 0.947276 0.593954
vt 0.941292 0.610676
vt 0.934713 0.627303
vt 0.917324 0.620648
vt 0.92453 0.603267
vt 0.909552 0.638012
vt 0.930607 0.585851
vt 0.937279 0.583426
vt 0.934991 0.568382
vt 0.941265 0.565923
vt 0.94453 0.580387
vt 0.952071 0.577042
vt 0.948046 0.563
vt 0.955081 0.559846
vt 0.401507 0.892128
vt 0.404292 0.87604
vt 0.410333 0.879377
vt 0.408358 0.895732
vt 0.416373 0.882714
vt 0.415209 0.899336
vt 0.407762 0.860654
vt 0.413107 0.863676
vt 0.418453 0.866697
vt 0.407452 0.912343
vt 0.399757 0.908494
vt 0.415146 0.916193
vt 0.392063 0.904645
vt 0.394655 0.888524
vt 0.384369 0.900796
vt 0.387804 0.884921
vt 0.398252 0.872702
vt 0.402416 0.857632
vt 0.392212 0.869365
vt 0.39707 0.85461
vt 0.942316 0.530944
vt 0.948129 0.52811
vt 0.949212 0.545345
vt 0.942938 0.548256
vt 0.954104 0.525063
vt 0.955712 0.54227
vt 0.937116 0.550842
vt 0.936827 0.533352
vt 0.933969 0.516033
vt 0.939415 0.514502
vt 0.928993 0.500754
vt 0.934405 0.499885
vt 0.944897 0.511985
vt 0.950397 0.508975
vt 0.939618 0.497659
vt 0.944732 0.494754
vt 0.415609 0.832982
vt 0.419822 0.820133
vt 0.424093 0.821822
vt 0.420121 0.83516
vt 0.428364 0.82351
vt 0.424632 0.837339
vt 0.424117 0.807565
vt 0.428199 0.808745
vt 0.43228 0.809925
vt 0.416414 0.849024
vt 0.411561 0.846395
vt 0.421267 0.851653
vt 0.406708 0.843766
vt 0.411097 0.830804
vt 0.401855 0.841137
vt 0.406585 0.828626
vt 0.415551 0.818444
vt 0.420036 0.806385
vt 0.411279 0.816755
vt 0.415955 0.805205
vt 0.918994 0.47808
vt 0.923708 0.475848
vt 0.932393 0.48582
vt 0.927455 0.488048
vt 0.928401 0.473505
vt 0.937248 0.483148
vt 0.92235 0.489387
vt 0.914238 0.48009
vt 0.917161 0.490282
vt 0.909462 0.481989
vt 0.904859 0.47102
vt 0.909454 0.46907
vt 0.894846 0.462064
vt 0.899375 0.460538
vt 0.900264 0.47297
vt 0.890316 0.463589
vt 0.91405 0.467119
vt 0.918645 0.465169
vt 0.903905 0.459013
vt 0.908434 0.457487
vt 0.909114 0.6975
vt 0.91112 0.708476
vt 0.905203 0.712395
vt 0.904011 0.701112
vt 0.899451 0.715977
vt 0.898912 0.704438
vt 0.913235 0.719323
vt 0.906513 0.723434
vt 0.900099 0.727212
vt 0.902897 0.689665
vt 0.907395 0.686381
vt 0.901823 0.678136
vt 0.90582 0.675191
vt 0.898445 0.692697
vt 0.898015 0.680854
vt 0.911986 0.682592
vt 0.914226 0.693316
vt 0.916716 0.678047
vt 0.919053 0.688068
vt 0.910195 0.67179
vt 0.915138 0.667705
vt 0.917367 0.703883
vt 0.920573 0.714546
vt 0.92291 0.697444
vt 0.930025 0.708122
vt 0.505134 0.955132
vt 0.511301 0.955744
vt 0.511978 0.968397
vt 0.506494 0.967807
vt 0.512654 0.981051
vt 0.507855 0.980482
vt 0.517468 0.956356
vt 0.517461 0.968988
vt 0.517454 0.98162
vt 0.501011 0.967217
vt 0.498967 0.95452
vt 0.495528 0.966626
vt 0.4928 0.953908
vt 0.503055 0.979914
vt 0.498255 0.979345
vt 0.496923 0.941823
vt 0.503774 0.942456
vt 0.49488 0.929126
vt 0.502414 0.929781
vt 0.490073 0.941189
vt 0.487345 0.92847
vt 0.510625 0.94309
vt 0.517475 0.943724
vt 0.509948 0.930437
vt 0.517482 0.931092
vt 0.917391 0.740607
vt 0.919692 0.75094
vt 0.911227 0.754916
vt 0.909564 0.744613
vt 0.902763 0.758892
vt 0.901791 0.748569
vt 0.922088 0.761162
vt 0.91293 0.765139
vt 0.903771 0.769115
vt 0.90798 0.734146
vt 0.915282 0.73005
vt 0.900891 0.738042
vt 0.923012 0.725557
vt 0.925325 0.736502
vt 0.930955 0.720865
vt 0.933312 0.732347
vt 0.928156 0.746964
vt 0.931247 0.757185
vt 0.93662 0.742988
vt 0.940405 0.753209
vt 0.791562 0.879968
vt 0.799318 0.884992
vt 0.795998 0.898161
vt 0.789181 0.893484
vt 0.793165 0.91176
vt 0.786912 0.907266
vt 0.807216 0.890087
vt 0.802815 0.902837
vt 0.799418 0.916254
vt 0.782364 0.888808
vt 0.784088 0.875084
vt 0.775547 0.884131
vt 0.776757 0.87027
vt 0.780659 0.902772
vt 0.774405 0.898278
vt 0.78585 0.861841
vt 0.794165 0.866982
vt 0.787666 0.849321
vt 0.796618 0.854433
vt 0.778101 0.856982
vt 0.779648 0.844551
vt 0.803612 0.872684
vt 0.813625 0.878668
vt 0.807435 0.860233
vt 0.823044 0.869247
vt 0.618804 0.928144
vt 0.61766 0.937051
vt 0.608004 0.937443
vt 0.609224 0.928728
vt 0.598348 0.937835
vt 0.599644 0.929311
vt 0.617395 0.945507
vt 0.607371 0.945696
vt 0.597348 0.945886
vt 0.610837 0.919705
vt 0.620535 0.918937
vt 0.612644 0.910528
vt 0.622559 0.90958
vt 0.601138 0.920473
vt 0.60273 0.911477
vt 0.630234 0.918169
vt 0.628384 0.927561
vt 0.639933 0.917402
vt 0.637965 0.926978
vt 0.632474 0.908631
vt 0.642389 0.907683
vt 0.627316 0.936659
vt 0.627418 0.945317
vt 0.636971 0.936267
vt 0.637441 0.945128
vt 0.800568 0.83086
vt 0.811073 0.833334
vt 0.809347 0.846634
vt 0.798551 0.842229
vt 0.823411 0.833794
vt 0.822064 0.848821
vt 0.789557 0.837762
vt 0.791656 0.827269
vt 0.781465 0.833265
vt 0.78354 0.82312
vt 0.794096 0.817945
vt 0.803275 0.820819
vt 0.797012 0.809893
vt 0.806604 0.812497
vt 0.785861 0.814114
vt 0.788417 0.806244
vt 0.81434 0.821781
vt 0.826798 0.820637
vt 0.818189 0.813009
vt 0.834967 0.807937
vt 0.834836 0.691142
vt 0.86436 0.696649
vt 0.865881 0.710085
vt 0.836325 0.705936
vt 0.867293 0.723698
vt 0.838038 0.720733
vt 0.893885 0.702155
vt 0.895437 0.714234
vt 0.896549 0.726664
vt 0.80677 0.701787
vt 0.805311 0.685635
vt 0.777214 0.697638
vt 0.775786 0.680128
vt 0.808782 0.717767
vt 0.779527 0.714802
vt 0.804221 0.669369
vt 0.833494 0.67635
vt 0.803316 0.653046
vt 0.832227 0.661559
vt 0.774948 0.662388
vt 0.862767 0.683331
vt 0.89204 0.690312
vt 0.861138 0.670072
vt 0.890048 0.678586
vt 0.854111 0.82695
vt 0.855118 0.811918
vt 0.872414 0.80525
vt 0.872068 0.821601
vt 0.890876 0.797889
vt 0.890861 0.815773
vt 0.85629 0.797029
vt 0.872761 0.788899
vt 0.890891 0.780004
vt 0.871721 0.837952
vt 0.853434 0.842269
vt 0.871375 0.854303
vt 0.852923 0.857731
vt 0.890846 0.833657
vt 0.890831 0.851542
vt 0.83682 0.846628
vt 0.837825 0.83134
vt 0.836478 0.86249
vt 0.840151 0.817198
vt 0.843139 0.80363
vt 0.842279 0.75034
vt 0.840047 0.735535
vt 0.868561 0.737549
vt 0.86972 0.751577
vt 0.897075 0.739564
vt 0.897161 0.752815
vt 0.870807 0.765724
vt 0.844659 0.765147
vt 0.871857 0.77993
vt 0.847113 0.779955
vt 0.896954 0.766302
vt 0.896601 0.779905
vt 0.818511 0.764569
vt 0.814838 0.749102
vt 0.792364 0.763992
vt 0.787397 0.747864
vt 0.82237 0.77998
vt 0.797626 0.780004
vt 0.811533 0.73352
vt 0.783019 0.731506
vt 0.340343 0.866838
vt 0.338803 0.893656
vt 0.327941 0.885481
vt 0.330073 0.861101
vt 0.31869 0.877423
vt 0.3212 0.856339
vt 0.337234 0.920462
vt 0.325691 0.909819
vt 0.315887 0.898402
vt 0.331971 0.836638
vt 0.341824 0.84
vt 0.333752 0.812132
vt 0.343276 0.813151
vt 0.323125 0.835044
vt 0.324757 0.813645
vt 0.352347 0.844541
vt 0.351543 0.873225
vt 0.363206 0.849672
vt 0.363209 0.879936
vt 0.353151 0.815858
vt 0.363202 0.819409
vt 0.350739 0.901908
vt 0.349935 0.930591
vt 0.363213 0.910199
vt 0.363216 0.940463
vt 0.926384 0.675101
vt 0.929424 0.676497
vt 0.926712 0.687987
vt 0.923298 0.68126
vt 0.9334 0.678009
vt 0.930999 0.693696
vt 0.921631 0.672494
vt 0.926651 0.667331
vt 0.920836 0.662709
vt 0.927103 0.65703
vt 0.931696 0.663959
vt 0.936752 0.661481
vt 0.933747 0.650895
vt 0.940581 0.644533
vt 0.309876 0.850976
vt 0.31419 0.852876
vt 0.311588 0.869521
vt 0.306534 0.860323
vt 0.308401 0.885956
vt 0.302653 0.872738
vt 0.303425 0.848379
vt 0.309155 0.839924
vt 0.30129 0.835061
vt 0.308702 0.825953
vt 0.298064 0.859004
vt 0.294055 0.845013
vt 0.315621 0.83581
vt 0.316466 0.818533
vt 0.620088 0.960766
vt 0.631915 0.96102
vt 0.63553 0.968359
vt 0.62246 0.967869
vt 0.639535 0.97555
vt 0.625126 0.974822
vt 0.643743 0.961275
vt 0.6486 0.968848
vt 0.653945 0.976278
vt 0.60939 0.967379
vt 0.60826 0.960511
vt 0.59632 0.96689
vt 0.596433 0.960256
vt 0.610716 0.974094
vt 0.596307 0.973366
vt 0.607522 0.953334
vt 0.618302 0.953362
vt 0.596743 0.953307
vt 0.629081 0.953389
vt 0.639861 0.953416
vt 0.815054 0.801363
vt 0.810489 0.806281
vt 0.800538 0.803216
vt 0.804521 0.797571
vt 0.791196 0.799506
vt 0.794141 0.793618
vt 0.808809 0.792614
vt 0.820421 0.796932
vt 0.81325 0.788001
vt 0.826189 0.792743
vt 0.797198 0.788297
vt 0.80031 0.783259
vt 0.832032 0.801249
vt 0.82589 0.804833
vt 0.843643 0.805567
vt 0.836879 0.808141
vt 0.839128 0.797485
vt 0.852068 0.802228
vt 0.821657 0.808056
vt 0.833434 0.809186
vt 0.198921 0.08333
vt 0.192118 0.080256
vt 0.208056 0.068422
vt 0.215944 0.070588
vt 0.224266 0.0573
vt 0.233035 0.058023
vt 0.223814 0.071982
vt 0.205694 0.086304
vt 0.231676 0.07299
vt 0.212452 0.089227
vt 0.241934 0.05766
vt 0.250899 0.056753
vt 0.187573 0.100625
vt 0.182034 0.096429
vt 0.169453 0.114947
vt 0.165215 0.109706
vt 0.193228 0.105463
vt 0.174005 0.1217
vt 0.176726 0.093516
vt 0.161605 0.107488
vt 0.367589 0.554021
vt 0.387403 0.568519
vt 0.383106 0.577125
vt 0.361885 0.560052
vt 0.378836 0.586304
vt 0.356032 0.565971
vt 0.407042 0.5832
vt 0.404326 0.594198
vt 0.401641 0.606637
vt 0.340664 0.542979
vt 0.347423 0.539889
vt 0.319444 0.525906
vt 0.327081 0.52594
vt 0.333228 0.545638
vt 0.310423 0.525305
vt 0.352824 0.535938
vt 0.372994 0.547768
vt 0.331951 0.52484
vt 0.391757 0.561061
vt 0.409818 0.575086
vt 0.558589 0.960275
vt 0.550294 0.964177
vt 0.550949 0.95328
vt 0.559019 0.94901
vt 0.551604 0.942382
vt 0.559448 0.937745
vt 0.541999 0.96808
vt 0.54288 0.95755
vt 0.54376 0.94702
vt 0.567088 0.94474
vt 0.566884 0.956373
vt 0.575158 0.94047
vt 0.575179 0.952471
vt 0.567292 0.933108
vt 0.575136 0.92847
vt 0.56668 0.968006
vt 0.55816 0.97154
vt 0.566476 0.979638
vt 0.55773 0.982805
vt 0.5752 0.964471
vt 0.575222 0.976471
vt 0.549639 0.975075
vt 0.541119 0.97861
vt 0.548985 0.985972
vt 0.540239 0.989139
vt 0.185995 0.96879
vt 0.177056 0.973731
vt 0.175479 0.960553
vt 0.18494 0.954327
vt 0.173902 0.947376
vt 0.183885 0.939864
vt 0.168118 0.978671
vt 0.166018 0.96678
vt 0.163918 0.954888
vt 0.194401 0.9481
vt 0.194933 0.963849
vt 0.203862 0.941874
vt 0.203872 0.958909
vt 0.193869 0.932351
vt 0.203852 0.924839
vt 0.195466 0.979598
vt 0.18705 0.983253
vt 0.195998 0.995347
vt 0.188104 0.997716
vt 0.203882 0.975944
vt 0.203891 0.992978
vt 0.178634 0.986908
vt 0.170218 0.990563
vt 0.180211 1.00008
vt 0.172318 1.00245
usemtl None
f 1/1 2/2 3/3 4/4 
f 4/4 3/3 5/5 6/6 
f 2/2 7/7 8/8 3/3 
f 3/3 8/8 9/9 5/5 
f 1/1 4/4 10/10 11/11 
f 11/11 10/10 12/12 13/13 
f 4/4 6/6 14/14 10/10 
f 10/10 14/14 15/15 12/12 
f 1/1 11/11 16/16 17/17 
f 17/17 16/16 18/18 19/19 
f 11/11 13/13 20/20 16/16 
f 16/16 20/20 21/21 18/18 
f 1/1 17/17 22/22 2/2 
f 2/2 22/22 23/23 7/7 
f 17/17 19/19 24/24 22/22 
f 22/22 24/24 25/25 23/23 
f 26/26 27/27 28/28 29/29 
f 29/29 28/28 30/30 31/31 
f 27/27 32/32 33/33 28/28 
f 28/28 33/33 34/34 30/30 
f 26/26 29/29 35/35 36/36 
f 36/36 35/35 37/37 38/38 
f 29/29 31/31 39/39 35/35 
f 35/35 39/39 40/40 37/37 
f 26/26 36/36 41/41 42/42 
f 42/42 41/41 43/43 44/44 
f 36/36 38/38 45/45 41/41 
f 41/41 45/45 46/46 43/43 
f 26/26 42/42 47/47 27/27 
f 27/27 47/47 48/48 32/32 
f 42/42 44/44 49/49 47/47 
f 47/47 49/49 50/50 48/48 
f 51/51 52/52 53/53 54/54 
f 54/54 53/53 24/24 19/19 
f 52/52 55/55 56/56 53/53 
f 53/53 56/56 25/25 24/24 
f 51/51 54/54 57/57 58/58 
f 58/58 57/57 59/59 60/60 
f 54/54 19/19 18/18 57/57 
f 57/57 18/18 21/21 59/59 
f 51/51 58/58 61/61 62/62 
f 62/62 61/61 63/63 64/64 
f 58/58 60/60 65/65 61/61 
f 61/61 65/65 66/66 63/63 
f 51/51 62/62 67/67 52/52 
f 52/52 67/67 68/68 55/55 
f 62/62 64/64 69/69 67/67 
f 67/67 69/69 70/70 68/68 
f 71/71 72/72 73/73 74/74 
f 74/74 73/73 75/75 76/76 
f 72/72 77/77 78/78 73/73 
f 73/73 78/78 79/79 75/75 
f 71/71 74/74 80/80 81/81 
f 81/81 80/80 33/33 32/32 
f 74/74 76/76 82/82 80/80 
f 80/80 82/82 34/34 33/33 
f 71/71 81/81 83/83 84/84 
f 84/84 83/83 85/85 86/86 
f 81/81 32/32 48/48 83/83 
f 83/83 48/48 50/50 85/85 
f 71/71 84/84 87/87 72/72 
f 72/72 87/87 88/88 77/77 
f 84/84 86/86 89/89 87/87 
f 87/87 89/89 90/90 88/88 
f 91/91 92/92 93/93 94/94 
f 94/94 93/93 95/95 96/96 
f 92/92 60/97 59/98 93/93 
f 93/93 59/98 21/99 95/95 
f 91/91 94/94 97/100 98/101 
f 98/101 97/100 99/102 100/103 
f 94/94 96/96 101/104 97/100 
f 97/100 101/104 102/105 99/102 
f 91/91 98/101 103/106 104/107 
f 104/107 103/106 105/108 106/109 
f 98/101 100/103 107/110 103/106 
f 103/106 107/110 108/111 105/108 
f 91/91 104/107 109/112 92/92 
f 92/92 109/112 65/113 60/97 
f 104/107 106/109 110/114 109/112 
f 109/112 110/114 66/115 65/113 
f 111/116 112/117 113/118 114/119 
f 114/119 113/118 115/120 116/121 
f 112/117 117/122 118/123 113/118 
f 113/118 118/123 119/124 115/120 
f 111/116 114/119 120/125 121/126 
f 121/126 120/125 122/127 123/128 
f 114/119 116/121 124/129 120/125 
f 120/125 124/129 125/130 122/127 
f 111/116 121/126 126/131 127/132 
f 127/132 126/131 82/82 76/76 
f 121/126 123/128 128/133 126/131 
f 126/131 128/133 34/34 82/82 
f 111/116 127/132 129/134 112/117 
f 112/117 129/134 130/135 117/122 
f 127/132 76/76 75/75 129/134 
f 129/134 75/75 79/79 130/135 
f 131/136 132/137 133/138 134/139 
f 134/139 133/138 135/140 136/141 
f 132/137 13/13 12/12 133/138 
f 133/138 12/12 15/15 135/140 
f 131/136 134/139 137/142 138/143 
f 138/143 137/142 139/144 140/145 
f 134/139 136/141 141/146 137/142 
f 137/142 141/146 142/147 139/144 
f 131/136 138/143 143/148 144/149 
f 144/149 143/148 101/150 96/151 
f 138/143 140/145 145/152 143/148 
f 143/148 145/152 102/153 101/150 
f 131/136 144/149 146/154 132/137 
f 132/137 146/154 20/20 13/13 
f 144/149 96/151 95/155 146/154 
f 146/154 95/155 21/21 20/20 
f 147/156 148/157 149/158 150/159 
f 150/159 149/158 151/160 152/161 
f 148/157 123/128 122/127 149/158 
f 149/158 122/127 125/130 151/160 
f 147/156 150/159 153/162 154/163 
f 154/163 153/162 155/164 156/165 
f 150/159 152/161 157/166 153/162 
f 153/162 157/166 158/167 155/164 
f 147/156 154/163 159/168 160/169 
f 160/169 159/168 39/39 31/31 
f 154/163 156/165 161/170 159/168 
f 159/168 161/170 40/40 39/39 
f 147/156 160/169 162/171 148/157 
f 148/157 162/171 128/133 123/128 
f 160/169 31/31 30/30 162/171 
f 162/171 30/30 34/34 128/133 
f 163/172 164/173 165/174 166/175 
f 166/175 165/174 167/176 168/177 
f 164/173 140/178 139/179 165/174 
f 165/174 139/179 142/180 167/176 
f 163/172 166/175 169/181 170/182 
f 170/182 169/181 171/183 172/184 
f 166/175 168/177 173/185 169/181 
f 169/181 173/185 174/186 171/183 
f 163/172 170/182 175/187 176/188 
f 176/188 175/187 177/189 178/190 
f 170/182 172/184 179/191 175/187 
f 175/187 179/191 180/192 177/189 
f 163/172 176/188 181/193 164/173 
f 164/173 181/193 145/194 140/178 
f 176/188 178/190 182/195 181/193 
f 181/193 182/195 102/196 145/194 
f 183/197 184/198 185/199 186/200 
f 186/200 185/199 187/201 188/202 
f 184/198 189/203 190/204 185/199 
f 185/199 190/204 191/205 187/201 
f 183/197 186/200 192/206 193/207 
f 193/207 192/206 194/208 195/209 
f 186/200 188/202 196/210 192/206 
f 192/206 196/210 197/211 194/208 
f 183/197 193/207 198/212 199/213 
f 199/213 198/212 157/166 152/161 
f 193/207 195/209 200/214 198/212 
f 198/212 200/214 158/167 157/166 
f 183/197 199/213 201/215 184/198 
f 184/198 201/215 202/216 189/203 
f 199/213 152/161 151/160 201/215 
f 201/215 151/160 125/130 202/216 
f 203/217 204/218 205/219 206/220 
f 206/220 205/219 182/195 178/190 
f 204/218 100/221 99/222 205/219 
f 205/219 99/222 102/196 182/195 
f 203/217 206/220 207/223 208/224 
f 208/224 207/223 209/225 210/226 
f 206/220 178/190 177/189 207/223 
f 207/223 177/189 180/192 209/225 
f 203/217 208/224 211/227 212/228 
f 212/228 211/227 213/229 214/230 
f 208/224 210/226 215/231 211/227 
f 211/227 215/231 216/232 213/229 
f 203/217 212/228 217/233 204/218 
f 204/218 217/233 107/234 100/221 
f 212/228 214/230 218/235 217/233 
f 217/233 218/235 108/236 107/234 
f 219/237 220/238 221/239 222/240 
f 222/240 221/239 223/241 224/242 
f 220/238 225/243 226/244 221/239 
f 221/239 226/244 227/245 223/241 
f 219/237 222/240 228/246 229/247 
f 229/247 228/246 190/204 189/203 
f 222/240 224/242 230/248 228/246 
f 228/246 230/248 191/205 190/204 
f 219/237 229/247 231/249 232/250 
f 232/250 231/249 124/129 116/121 
f 229/247 189/203 202/216 231/249 
f 231/249 202/216 125/130 124/129 
f 219/237 232/250 233/251 220/238 
f 220/238 233/251 234/252 225/243 
f 232/250 116/121 115/120 233/251 
f 233/251 115/120 119/124 234/252 
f 235/253 236/254 237/255 238/256 
f 238/256 237/255 239/257 240/258 
f 236/254 210/226 209/225 237/255 
f 237/255 209/225 180/192 239/257 
f 235/253 238/256 241/259 242/260 
f 242/260 241/259 243/261 244/262 
f 238/256 240/258 245/263 241/259 
f 241/259 245/263 246/264 243/261 
f 235/253 242/260 247/265 248/266 
f 248/266 247/265 249/267 250/268 
f 242/260 244/262 251/269 247/265 
f 247/265 251/269 252/270 249/267 
f 235/253 248/266 253/271 236/254 
f 236/254 253/271 215/231 210/226 
f 248/266 250/268 254/272 253/271 
f 253/271 254/272 216/232 215/231 
f 255/273 256/274 257/275 258/276 
f 258/276 257/275 259/277 260/278 
f 256/274 261/279 262/280 257/275 
f 257/275 262/280 263/281 259/277 
f 255/273 258/276 264/282 265/283 
f 265/283 264/282 266/284 267/285 
f 258/276 260/278 268/286 264/282 
f 264/282 268/286 269/287 266/284 
f 255/273 265/283 270/288 271/289 
f 271/289 270/288 230/290 224/291 
f 265/283 267/285 272/292 270/288 
f 270/288 272/292 191/293 230/290 
f 255/273 271/289 273/294 256/274 
f 256/274 273/294 274/295 261/279 
f 271/289 224/291 223/296 273/294 
f 273/294 223/296 227/297 274/295 
f 275/298 276/299 277/300 278/301 
f 278/301 277/300 279/302 280/303 
f 276/299 172/184 171/183 277/300 
f 277/300 171/183 174/186 279/302 
f 275/298 278/301 281/304 282/305 
f 282/305 281/304 283/306 284/307 
f 278/301 280/303 285/308 281/304 
f 281/304 285/308 286/309 283/306 
f 275/298 282/305 287/310 288/311 
f 288/311 287/310 245/263 240/258 
f 282/305 284/307 289/312 287/310 
f 287/310 289/312 246/264 245/263 
f 275/298 288/311 290/313 276/299 
f 276/299 290/313 179/191 172/184 
f 288/311 240/258 239/257 290/313 
f 290/313 239/257 180/192 179/191 
f 291/314 292/315 293/316 294/317 
f 294/317 293/316 295/318 296/319 
f 292/315 267/285 266/284 293/316 
f 293/316 266/284 269/287 295/318 
f 291/314 294/317 297/320 298/321 
f 298/321 297/320 299/322 300/323 
f 294/317 296/319 301/324 297/320 
f 297/320 301/324 302/325 299/322 
f 291/314 298/321 303/326 304/327 
f 304/327 303/326 196/328 188/329 
f 298/321 300/323 305/330 303/326 
f 303/326 305/330 197/331 196/328 
f 291/314 304/327 306/332 292/315 
f 292/315 306/332 272/292 267/285 
f 304/327 188/329 187/333 306/332 
f 306/332 187/333 191/293 272/292 
f 307/334 308/335 309/336 310/337 
f 310/337 309/336 311/338 312/339 
f 308/335 284/340 283/341 309/336 
f 309/336 283/341 286/342 311/338 
f 307/334 310/337 313/343 314/344 
f 314/344 313/343 315/345 316/346 
f 310/337 312/339 317/347 313/343 
f 313/343 317/347 318/348 315/345 
f 307/334 314/344 319/349 320/350 
f 320/350 319/349 321/351 322/352 
f 314/344 316/346 323/353 319/349 
f 319/349 323/353 324/354 321/351 
f 307/334 320/350 325/355 308/335 
f 308/335 325/355 289/356 284/340 
f 320/350 322/352 326/357 325/355 
f 325/355 326/357 246/358 289/356 
f 327/359 328/360 329/361 330/362 
f 330/362 329/361 331/363 332/364 
f 328/360 333/365 334/366 329/361 
f 329/361 334/366 335/367 331/363 
f 327/359 330/362 336/368 337/369 
f 337/369 336/368 338/370 339/371 
f 330/362 332/364 340/372 336/368 
f 336/368 340/372 341/373 338/370 
f 327/359 337/369 342/374 343/375 
f 343/375 342/374 301/324 296/319 
f 337/369 339/371 344/376 342/374 
f 342/374 344/376 302/325 301/324 
f 327/359 343/375 345/377 328/360 
f 328/360 345/377 346/378 333/365 
f 343/375 296/319 295/318 345/377 
f 345/377 295/318 269/287 346/378 
f 347/379 348/380 349/381 350/382 
f 350/382 349/381 326/357 322/352 
f 348/380 244/383 243/384 349/381 
f 349/381 243/384 246/358 326/357 
f 347/379 350/382 351/385 352/386 
f 352/386 351/385 353/387 354/388 
f 350/382 322/352 321/351 351/385 
f 351/385 321/351 324/354 353/387 
f 347/379 352/386 355/389 356/390 
f 356/390 355/389 357/391 358/392 
f 352/386 354/388 359/393 355/389 
f 355/389 359/393 360/394 357/391 
f 347/379 356/390 361/395 348/380 
f 348/380 361/395 251/396 244/383 
f 356/390 358/392 362/397 361/395 
f 361/395 362/397 252/398 251/396 
f 363/399 364/400 365/401 366/402 
f 366/402 365/401 367/403 368/404 
f 364/400 369/405 370/406 365/401 
f 365/401 370/406 371/407 367/403 
f 363/399 366/402 372/408 373/409 
f 373/409 372/408 334/366 333/365 
f 366/402 368/404 374/410 372/408 
f 372/408 374/410 335/367 334/366 
f 363/399 373/409 375/411 376/412 
f 376/412 375/411 268/286 260/278 
f 373/409 333/365 346/378 375/411 
f 375/411 346/378 269/287 268/286 
f 363/399 376/412 377/413 364/400 
f 364/400 377/413 378/414 369/405 
f 376/412 260/278 259/277 377/413 
f 377/413 259/277 263/281 378/414 
f 379/415 380/416 381/417 382/418 
f 382/418 381/417 383/419 384/420 
f 380/416 354/388 353/387 381/417 
f 381/417 353/387 324/354 383/419 
f 379/415 382/418 385/421 386/422 
f 386/422 385/421 387/423 388/424 
f 382/418 384/420 389/425 385/421 
f 385/421 389/425 390/426 387/423 
f 379/415 386/422 391/427 392/428 
f 392/428 391/427 393/429 394/430 
f 386/422 388/424 395/431 391/427 
f 391/427 395/431 396/432 393/429 
f 379/415 392/428 397/433 380/416 
f 380/416 397/433 359/393 354/388 
f 392/428 394/430 398/434 397/433 
f 397/433 398/434 360/394 359/393 
f 399/435 400/436 401/437 402/438 
f 402/438 401/437 403/439 404/440 
f 400/436 405/441 406/442 401/437 
f 401/437 406/442 407/443 403/439 
f 399/435 402/438 408/444 409/445 
f 409/445 408/444 410/446 411/447 
f 402/438 404/440 412/448 408/444 
f 408/444 412/448 413/449 410/446 
f 399/435 409/445 414/450 415/451 
f 415/451 414/450 374/410 368/404 
f 409/445 411/447 416/452 414/450 
f 414/450 416/452 335/367 374/410 
f 399/435 415/451 417/453 400/436 
f 400/436 417/453 418/454 405/441 
f 415/451 368/404 367/403 417/453 
f 417/453 367/403 371/407 418/454 
f 419/455 420/456 421/457 422/458 
f 422/458 421/457 423/459 424/460 
f 420/456 316/461 315/462 421/457 
f 421/457 315/462 318/463 423/459 
f 419/455 422/458 425/464 426/465 
f 426/465 425/464 427/466 428/467 
f 422/458 424/460 429/468 425/464 
f 425/464 429/468 430/469 427/466 
f 419/455 426/465 431/470 432/471 
f 432/471 431/470 389/472 384/473 
f 426/465 428/467 433/474 431/470 
f 431/470 433/474 390/475 389/472 
f 419/455 432/471 434/476 420/456 
f 420/456 434/476 323/477 316/461 
f 432/471 384/473 383/478 434/476 
f 434/476 383/478 324/479 323/477 
f 435/480 436/481 437/482 438/483 
f 438/483 437/482 439/484 440/485 
f 436/481 411/447 410/446 437/482 
f 437/482 410/446 413/449 439/484 
f 435/480 438/483 441/486 442/487 
f 442/487 441/486 443/488 444/489 
f 438/483 440/485 445/490 441/486 
f 441/486 445/490 446/491 443/488 
f 435/480 442/487 447/492 448/493 
f 448/493 447/492 340/372 332/364 
f 442/487 444/489 449/494 447/492 
f 447/492 449/494 341/373 340/372 
f 435/480 448/493 450/495 436/481 
f 436/481 450/495 416/452 411/447 
f 448/493 332/364 331/363 450/495 
f 450/495 331/363 335/367 416/452 
f 451/496 452/497 453/498 454/499 
f 454/499 453/498 455/500 456/501 
f 452/497 428/467 427/466 453/498 
f 453/498 427/466 430/469 455/500 
f 451/496 454/499 457/502 458/503 
f 458/503 457/502 459/504 460/505 
f 454/499 456/501 461/506 457/502 
f 457/502 461/506 462/507 459/504 
f 451/496 458/503 463/508 464/509 
f 464/509 463/508 465/510 466/511 
f 458/503 460/505 467/512 463/508 
f 463/508 467/512 468/513 465/510 
f 451/496 464/509 469/514 452/497 
f 452/497 469/514 433/474 428/467 
f 464/509 466/511 470/515 469/514 
f 469/514 470/515 390/475 433/474 
f 471/516 472/517 473/518 474/519 
f 474/519 473/518 475/520 476/521 
f 472/517 477/522 478/523 473/518 
f 473/518 478/523 479/524 475/520 
f 471/516 474/519 480/525 481/526 
f 481/526 480/525 482/527 483/528 
f 474/519 476/521 484/529 480/525 
f 480/525 484/529 485/530 482/527 
f 471/516 481/526 486/531 487/532 
f 487/532 486/531 445/533 440/534 
f 481/526 483/528 488/535 486/531 
f 486/531 488/535 446/536 445/533 
f 471/516 487/532 489/537 472/517 
f 472/517 489/537 490/538 477/522 
f 487/532 440/534 439/539 489/537 
f 489/537 439/539 413/540 490/538 
f 491/541 492/542 493/543 494/544 
f 494/544 493/543 470/515 466/511 
f 492/542 388/545 387/546 493/543 
f 493/543 387/546 390/475 470/515 
f 491/541 494/544 495/547 496/548 
f 496/548 495/547 497/549 498/550 
f 494/544 466/511 465/510 495/547 
f 495/547 465/510 468/513 497/549 
f 491/541 496/548 499/551 500/552 
f 500/552 499/551 501/553 502/554 
f 496/548 498/550 503/555 499/551 
f 499/551 503/555 504/556 501/553 
f 491/541 500/552 505/557 492/542 
f 492/542 505/557 395/558 388/545 
f 500/552 502/554 506/559 505/557 
f 505/557 506/559 396/560 395/558 
f 507/561 508/562 509/563 510/564 
f 510/564 509/563 511/565 512/566 
f 508/562 513/567 514/568 509/563 
f 509/563 514/568 515/569 511/565 
f 507/561 510/564 516/570 517/571 
f 517/571 516/570 478/523 477/522 
f 510/564 512/566 518/572 516/570 
f 516/570 518/572 479/524 478/523 
f 507/561 517/571 519/573 520/574 
f 520/574 519/573 412/575 404/576 
f 517/571 477/522 490/538 519/573 
f 519/573 490/538 413/540 412/575 
f 507/561 520/574 521/577 508/562 
f 508/562 521/577 522/578 513/567 
f 520/574 404/576 403/579 521/577 
f 521/577 403/579 407/580 522/578 
f 523/581 524/582 525/583 526/584 
f 526/584 525/583 527/585 528/586 
f 524/582 498/550 497/549 525/583 
f 525/583 497/549 468/513 527/585 
f 523/581 526/584 529/587 530/588 
f 530/588 529/587 56/56 55/55 
f 526/584 528/586 531/589 529/587 
f 529/587 531/589 25/25 56/56 
f 523/581 530/588 532/590 533/591 
f 533/591 532/590 534/592 535/593 
f 530/588 55/55 68/68 532/590 
f 532/590 68/68 70/70 534/592 
f 523/581 533/591 536/594 524/582 
f 524/582 536/594 503/555 498/550 
f 533/591 535/593 537/595 536/594 
f 536/594 537/595 504/556 503/555 
f 538/596 539/597 540/598 541/599 
f 541/599 540/598 89/600 86/601 
f 539/597 542/602 543/603 540/598 
f 540/598 543/603 90/604 89/600 
f 538/596 541/599 544/605 545/606 
f 545/606 544/605 546/607 547/608 
f 541/599 86/601 85/609 544/605 
f 544/605 85/609 50/610 546/607 
f 538/596 545/606 548/611 549/612 
f 549/612 548/611 518/572 512/566 
f 545/606 547/608 550/613 548/611 
f 548/611 550/613 479/524 518/572 
f 538/596 549/612 551/614 539/597 
f 539/597 551/614 552/615 542/602 
f 549/612 512/566 511/565 551/614 
f 551/614 511/565 515/569 552/615 
f 553/616 554/617 555/618 556/619 
f 556/619 555/618 557/620 558/621 
f 554/617 460/505 459/504 555/618 
f 555/618 459/504 462/507 557/620 
f 553/616 556/619 559/622 560/623 
f 560/623 559/622 8/8 7/7 
f 556/619 558/621 561/624 559/622 
f 559/622 561/624 9/9 8/8 
f 553/616 560/623 562/625 563/626 
f 563/626 562/625 531/589 528/586 
f 560/623 7/7 23/23 562/625 
f 562/625 23/23 25/25 531/589 
f 553/616 563/626 564/627 554/617 
f 554/617 564/627 467/512 460/505 
f 563/626 528/586 527/585 564/627 
f 564/627 527/585 468/513 467/512 
f 565/628 566/629 567/630 568/631 
f 568/631 567/630 49/632 44/633 
f 566/629 547/608 546/607 567/630 
f 567/630 546/607 50/610 49/632 
f 565/628 568/631 569/634 570/635 
f 570/635 569/634 571/636 572/637 
f 568/631 44/633 43/638 569/634 
f 569/634 43/638 46/639 571/636 
f 565/628 570/635 573/640 574/641 
f 574/641 573/640 484/529 476/521 
f 570/635 572/637 575/642 573/640 
f 573/640 575/642 485/530 484/529 
f 565/628 574/641 576/643 566/629 
f 566/629 576/643 550/613 547/608 
f 574/641 476/521 475/520 576/643 
f 576/643 475/520 479/524 550/613 
f 577/644 578/645 579/646 580/647 
f 580/647 579/646 561/648 558/649 
f 578/645 581/650 582/651 579/646 
f 579/646 582/651 9/652 561/648 
f 577/644 580/647 583/653 584/654 
f 584/654 583/653 585/655 586/656 
f 580/647 558/649 557/657 583/653 
f 583/653 557/657 462/658 585/655 
f 577/644 584/654 587/659 588/660 
f 588/660 587/659 589/661 590/662 
f 584/654 586/656 591/663 587/659 
f 587/659 591/663 592/664 589/661 
f 577/644 588/660 593/665 578/645 
f 578/645 593/665 594/666 581/650 
f 588/660 590/662 595/667 593/665 
f 593/665 595/667 596/668 594/666 
f 597/669 598/670 599/671 600/672 
f 600/672 599/671 601/673 602/674 
f 598/670 603/675 604/676 599/671 
f 599/671 604/676 605/677 601/673 
f 597/669 600/672 606/678 607/679 
f 607/679 606/678 575/642 572/637 
f 600/672 602/674 608/680 606/678 
f 606/678 608/680 485/530 575/642 
f 597/669 607/679 609/681 610/682 
f 610/682 609/681 611/683 612/684 
f 607/679 572/637 571/636 609/681 
f 609/681 571/636 46/639 611/683 
f 597/669 610/682 613/685 598/670 
f 598/670 613/685 614/686 603/675 
f 610/682 612/684 615/687 613/685 
f 613/685 615/687 616/688 614/686 
f 617/689 618/690 619/691 620/692 
f 620/692 619/691 461/693 456/694 
f 618/690 586/656 585/655 619/691 
f 619/691 585/655 462/658 461/693 
f 617/689 620/692 621/695 622/696 
f 622/696 621/695 623/697 624/698 
f 620/692 456/694 455/699 621/695 
f 621/695 455/699 430/700 623/697 
f 617/689 622/696 625/701 626/702 
f 626/702 625/701 627/703 628/704 
f 622/696 624/698 629/705 625/701 
f 625/701 629/705 630/706 627/703 
f 617/689 626/702 631/707 618/690 
f 618/690 631/707 591/663 586/656 
f 626/702 628/704 632/708 631/707 
f 631/707 632/708 592/664 591/663 
f 633/709 634/710 635/711 636/712 
f 636/712 635/711 637/713 638/714 
f 634/710 639/715 640/716 635/711 
f 635/711 640/716 641/717 637/713 
f 633/709 636/712 642/718 643/719 
f 643/719 642/718 488/720 483/721 
f 636/712 638/714 644/722 642/718 
f 642/718 644/722 446/723 488/720 
f 633/709 643/719 645/724 646/725 
f 646/725 645/724 608/726 602/727 
f 643/719 483/721 482/728 645/724 
f 645/724 482/728 485/729 608/726 
f 633/709 646/725 647/730 634/710 
f 634/710 647/730 648/731 639/715 
f 646/725 602/727 601/732 647/730 
f 647/730 601/732 605/733 648/731 
f 649/734 650/735 651/736 652/737 
f 652/737 651/736 429/738 424/739 
f 650/735 624/740 623/741 651/736 
f 651/736 623/741 430/742 429/738 
f 649/734 652/737 653/743 654/744 
f 654/744 653/743 655/745 656/746 
f 652/737 424/739 423/747 653/743 
f 653/743 423/747 318/348 655/745 
f 649/734 654/744 657/748 658/749 
f 658/749 657/748 659/750 660/751 
f 654/744 656/746 661/752 657/748 
f 657/748 661/752 662/753 659/750 
f 649/734 658/749 663/754 650/735 
f 650/735 663/754 629/755 624/740 
f 658/749 660/751 664/756 663/754 
f 663/754 664/756 630/757 629/755 
f 665/758 666/759 667/760 668/761 
f 668/761 667/760 669/762 670/763 
f 666/759 671/764 672/765 667/760 
f 667/760 672/765 673/766 669/762 
f 665/758 668/761 674/767 675/768 
f 675/768 674/767 449/769 444/770 
f 668/761 670/763 676/771 674/767 
f 674/767 676/771 341/772 449/769 
f 665/758 675/768 677/773 678/774 
f 678/774 677/773 644/722 638/714 
f 675/768 444/770 443/775 677/773 
f 677/773 443/775 446/723 644/722 
f 665/758 678/774 679/776 666/759 
f 666/759 679/776 680/777 671/764 
f 678/774 638/714 637/713 679/776 
f 679/776 637/713 641/717 680/777 
f 681/778 682/779 683/780 684/781 
f 684/781 683/780 317/347 312/339 
f 682/779 656/746 655/745 683/780 
f 683/780 655/745 318/348 317/347 
f 681/778 684/781 685/782 686/783 
f 686/783 685/782 687/784 688/785 
f 684/781 312/339 311/338 685/782 
f 685/782 311/338 286/342 687/784 
f 681/778 686/783 689/786 690/787 
f 690/787 689/786 691/788 692/789 
f 686/783 688/785 693/790 689/786 
f 689/786 693/790 694/791 691/788 
f 681/778 690/787 695/792 682/779 
f 682/779 695/792 661/752 656/746 
f 690/787 692/789 696/793 695/792 
f 695/792 696/793 662/753 661/752 
f 697/794 698/795 699/796 700/797 
f 700/797 699/796 701/798 702/799 
f 698/795 703/800 704/801 699/796 
f 699/796 704/801 705/802 701/798 
f 697/794 700/797 706/803 707/804 
f 707/804 706/803 344/805 339/806 
f 700/797 702/799 708/807 706/803 
f 706/803 708/807 302/808 344/805 
f 697/794 707/804 709/809 710/810 
f 710/810 709/809 676/771 670/763 
f 707/804 339/806 338/811 709/809 
f 709/809 338/811 341/772 676/771 
f 697/794 710/810 711/812 698/795 
f 698/795 711/812 712/813 703/800 
f 710/810 670/763 669/762 711/812 
f 711/812 669/762 673/766 712/813 
f 713/814 714/815 715/816 716/817 
f 716/817 715/816 285/818 280/819 
f 714/815 688/820 687/821 715/816 
f 715/816 687/821 286/822 285/818 
f 713/814 716/817 717/823 718/824 
f 718/824 717/823 719/825 720/826 
f 716/817 280/819 279/827 717/823 
f 717/823 279/827 174/828 719/825 
f 713/814 718/824 721/829 722/830 
f 722/830 721/829 723/831 724/832 
f 718/824 720/826 725/833 721/829 
f 721/829 725/833 726/834 723/831 
f 713/814 722/830 727/835 714/815 
f 714/815 727/835 693/836 688/820 
f 722/830 724/832 728/837 727/835 
f 727/835 728/837 694/838 693/836 
f 729/839 730/840 731/841 732/842 
f 732/842 731/841 733/843 734/844 
f 730/840 735/845 736/846 731/841 
f 731/841 736/846 737/847 733/843 
f 729/839 732/842 738/848 739/849 
f 739/849 738/848 305/850 300/851 
f 732/842 734/844 740/852 738/848 
f 738/848 740/852 197/853 305/850 
f 729/839 739/849 741/854 742/855 
f 742/855 741/854 708/856 702/857 
f 739/849 300/851 299/858 741/854 
f 741/854 299/858 302/859 708/856 
f 729/839 742/855 743/860 730/840 
f 730/840 743/860 744/861 735/845 
f 742/855 702/857 701/862 743/860 
f 743/860 701/862 705/863 744/861 
f 745/864 746/865 747/866 748/867 
f 748/867 747/866 173/868 168/869 
f 746/865 720/826 719/825 747/866 
f 747/866 719/825 174/828 173/868 
f 745/864 748/867 749/870 750/871 
f 750/871 749/870 751/872 752/873 
f 748/867 168/869 167/874 749/870 
f 749/870 167/874 142/875 751/872 
f 745/864 750/871 753/876 754/877 
f 754/877 753/876 755/878 756/879 
f 750/871 752/873 757/880 753/876 
f 753/876 757/880 758/881 755/878 
f 745/864 754/877 759/882 746/865 
f 746/865 759/882 725/833 720/826 
f 754/877 756/879 760/883 759/882 
f 759/882 760/883 726/834 725/833 
f 761/884 762/885 763/886 764/887 
f 764/887 763/886 765/888 766/889 
f 762/885 767/890 768/891 763/886 
f 763/886 768/891 769/892 765/888 
f 761/884 764/887 770/893 771/894 
f 771/894 770/893 200/895 195/896 
f 764/887 766/889 772/897 770/893 
f 770/893 772/897 158/898 200/895 
f 761/884 771/894 773/899 774/900 
f 774/900 773/899 740/852 734/844 
f 771/894 195/896 194/901 773/899 
f 773/899 194/901 197/853 740/852 
f 761/884 774/900 775/902 762/885 
f 762/885 775/902 776/903 767/890 
f 774/900 734/844 733/843 775/902 
f 775/902 733/843 737/847 776/903 
f 777/904 778/905 779/906 780/907 
f 780/907 779/906 141/908 136/909 
f 778/905 752/910 751/911 779/906 
f 779/906 751/911 142/912 141/908 
f 777/904 780/907 781/913 782/914 
f 782/914 781/913 783/915 784/916 
f 780/907 136/909 135/917 781/913 
f 781/913 135/917 15/918 783/915 
f 777/904 782/914 785/919 786/920 
f 786/920 785/919 787/921 788/922 
f 782/914 784/916 789/923 785/919 
f 785/919 789/923 790/924 787/921 
f 777/904 786/920 791/925 778/905 
f 778/905 791/925 757/926 752/910 
f 786/920 788/922 792/927 791/925 
f 791/925 792/927 758/928 757/926 
f 793/929 794/930 795/931 796/932 
f 796/932 795/931 797/933 798/934 
f 794/930 799/935 800/936 795/931 
f 795/931 800/936 801/937 797/933 
f 793/929 796/932 802/938 803/939 
f 803/939 802/938 161/940 156/941 
f 796/932 798/934 804/942 802/938 
f 802/938 804/942 40/943 161/940 
f 793/929 803/939 805/944 806/945 
f 806/945 805/944 772/946 766/947 
f 803/939 156/941 155/948 805/944 
f 805/944 155/948 158/949 772/946 
f 793/929 806/945 807/950 794/930 
f 794/930 807/950 808/951 799/935 
f 806/945 766/947 765/952 807/950 
f 807/950 765/952 769/953 808/951 
f 809/954 810/955 811/956 812/957 
f 812/957 811/956 14/958 6/959 
f 810/955 784/916 783/915 811/956 
f 811/956 783/915 15/918 14/958 
f 809/954 812/957 813/960 814/961 
f 814/961 813/960 582/962 581/963 
f 812/957 6/959 5/964 813/960 
f 813/960 5/964 9/965 582/962 
f 809/954 814/961 815/966 816/967 
f 816/967 815/966 817/968 818/969 
f 814/961 581/963 594/970 815/966 
f 815/966 594/970 596/971 817/968 
f 809/954 816/967 819/972 810/955 
f 810/955 819/972 789/923 784/916 
f 816/967 818/969 820/973 819/972 
f 819/972 820/973 790/924 789/923 
f 821/974 822/975 823/976 824/977 
f 824/977 823/976 615/978 612/979 
f 822/975 825/980 826/981 823/976 
f 823/976 826/981 616/982 615/978 
f 821/974 824/977 827/983 828/984 
f 828/984 827/983 45/985 38/986 
f 824/977 612/979 611/987 827/983 
f 827/983 611/987 46/988 45/985 
f 821/974 828/984 829/989 830/990 
f 830/990 829/989 804/942 798/934 
f 828/984 38/986 37/991 829/989 
f 829/989 37/991 40/943 804/942 
f 821/974 830/990 831/992 822/975 
f 822/975 831/992 832/993 825/980 
f 830/990 798/934 797/933 831/992 
f 831/992 797/933 801/937 832/993 
f 833/994 834/995 835/996 836/997 
f 836/997 835/996 837/998 838/999 
f 834/995 839/1000 840/1001 835/996 
f 835/996 840/1001 841/1002 837/998 
f 833/994 836/997 842/1003 843/1004 
f 843/1004 842/1003 820/1005 818/1006 
f 836/997 838/999 844/1007 842/1003 
f 842/1003 844/1007 790/1008 820/1005 
f 833/994 843/1004 845/1009 834/995 
f 834/995 845/1009 846/1010 839/1000 
f 843/1004 818/1006 817/1011 845/1009 
f 845/1009 817/1011 596/1012 846/1010 
f 847/1013 848/1014 849/1015 850/1016 
f 850/1016 849/1015 826/1017 825/1018 
f 848/1014 851/1019 852/1020 849/1015 
f 849/1015 852/1020 616/1021 826/1017 
f 847/1013 850/1016 853/1022 854/1023 
f 854/1023 853/1022 855/1024 856/1025 
f 850/1016 825/1018 832/1026 853/1022 
f 853/1022 832/1026 801/1027 855/1024 
f 847/1013 854/1023 857/1028 848/1014 
f 848/1014 857/1028 858/1029 851/1019 
f 854/1023 856/1025 859/1030 857/1028 
f 857/1028 859/1030 860/1031 858/1029 
f 861/1032 862/1033 863/1034 864/1035 
f 864/1035 863/1034 792/1036 788/1037 
f 862/1033 865/1038 866/1039 863/1034 
f 863/1034 866/1039 758/1040 792/1036 
f 861/1032 864/1035 867/1041 868/1042 
f 868/1042 867/1041 844/1007 838/999 
f 864/1035 788/1037 787/1043 867/1041 
f 867/1041 787/1043 790/1008 844/1007 
f 861/1032 868/1042 869/1044 862/1033 
f 862/1033 869/1044 870/1045 865/1038 
f 868/1042 838/999 837/998 869/1044 
f 869/1044 837/998 841/1002 870/1045 
f 871/1046 872/1047 873/1048 874/1049 
f 874/1049 873/1048 859/1030 856/1025 
f 872/1047 875/1050 876/1051 873/1048 
f 873/1048 876/1051 860/1031 859/1030 
f 871/1046 874/1049 877/1052 878/1053 
f 878/1053 877/1052 800/1054 799/1055 
f 874/1049 856/1025 855/1024 877/1052 
f 877/1052 855/1024 801/1027 800/1054 
f 871/1046 878/1053 879/1056 872/1047 
f 872/1047 879/1056 880/1057 875/1050 
f 878/1053 799/1055 808/1058 879/1056 
f 879/1056 808/1058 769/1059 880/1057 
f 881/1060 882/1061 883/1062 884/1063 
f 884/1063 883/1062 885/1064 886/1065 
f 882/1061 865/1038 870/1045 883/1062 
f 883/1062 870/1045 841/1002 885/1064 
f 881/1060 884/1063 887/1066 888/1067 
f 888/1067 887/1066 760/1068 756/1069 
f 884/1063 886/1065 889/1070 887/1066 
f 887/1066 889/1070 726/1071 760/1068 
f 881/1060 888/1067 890/1072 882/1061 
f 882/1061 890/1072 866/1039 865/1038 
f 888/1067 756/1069 755/1073 890/1072 
f 890/1072 755/1073 758/1040 866/1039 
f 891/1074 892/1075 893/1076 894/1077 
f 894/1077 893/1076 768/1078 767/1079 
f 892/1075 875/1080 880/1081 893/1076 
f 893/1076 880/1081 769/1082 768/1078 
f 891/1074 894/1077 895/1083 896/1084 
f 896/1084 895/1083 897/1085 898/1086 
f 894/1077 767/1079 776/1087 895/1083 
f 895/1083 776/1087 737/1088 897/1085 
f 891/1074 896/1084 899/1089 892/1075 
f 892/1075 899/1089 876/1090 875/1080 
f 896/1084 898/1086 900/1091 899/1089 
f 899/1089 900/1091 860/1092 876/1090 
f 901/1093 902/1094 903/1095 904/1096 
f 904/1096 903/1095 905/1097 906/1098 
f 902/1094 886/1065 885/1064 903/1095 
f 903/1095 885/1064 841/1002 905/1097 
f 901/1093 904/1096 907/1099 908/1100 
f 908/1100 907/1099 728/1101 724/1102 
f 904/1096 906/1098 909/1103 907/1099 
f 907/1099 909/1103 694/1104 728/1101 
f 901/1093 908/1100 910/1105 902/1094 
f 902/1094 910/1105 889/1070 886/1065 
f 908/1100 724/1102 723/1106 910/1105 
f 910/1105 723/1106 726/1071 889/1070 
f 911/1107 912/1108 913/1109 914/1110 
f 914/1110 913/1109 736/1111 735/1112 
f 912/1108 898/1086 897/1085 913/1109 
f 913/1109 897/1085 737/1088 736/1111 
f 911/1107 914/1110 915/1113 916/1114 
f 916/1114 915/1113 917/1115 918/1116 
f 914/1110 735/1112 744/1117 915/1113 
f 915/1113 744/1117 705/1118 917/1115 
f 911/1107 916/1114 919/1119 912/1108 
f 912/1108 919/1119 900/1091 898/1086 
f 916/1114 918/1116 920/1120 919/1119 
f 919/1119 920/1120 860/1092 900/1091 
f 921/1121 922/1122 923/1123 924/1124 
f 924/1124 923/1123 925/1125 926/1126 
f 922/1122 906/1098 905/1097 923/1123 
f 923/1123 905/1097 841/1002 925/1125 
f 921/1121 924/1124 927/1127 928/1128 
f 928/1128 927/1127 696/1129 692/1130 
f 924/1124 926/1126 929/1131 927/1127 
f 927/1127 929/1131 662/1132 696/1129 
f 921/1121 928/1128 930/1133 922/1122 
f 922/1122 930/1133 909/1103 906/1098 
f 928/1128 692/1130 691/1134 930/1133 
f 930/1133 691/1134 694/1104 909/1103 
f 931/1135 932/1136 933/1137 934/1138 
f 934/1138 933/1137 704/1139 703/1140 
f 932/1136 918/1116 917/1115 933/1137 
f 933/1137 917/1115 705/1118 704/1139 
f 931/1135 934/1138 935/1141 936/1142 
f 936/1142 935/1141 937/1143 938/1144 
f 934/1138 703/1140 712/1145 935/1141 
f 935/1141 712/1145 673/1146 937/1143 
f 931/1135 936/1142 939/1147 932/1136 
f 932/1136 939/1147 920/1120 918/1116 
f 936/1142 938/1144 940/1148 939/1147 
f 939/1147 940/1148 860/1092 920/1120 
f 941/1149 942/1150 943/1151 944/1152 
f 944/1152 943/1151 945/1153 946/1154 
f 942/1150 926/1126 925/1125 943/1151 
f 943/1151 925/1125 841/1002 945/1153 
f 941/1149 944/1152 947/1155 948/1156 
f 948/1156 947/1155 664/1157 660/1158 
f 944/1152 946/1154 949/1159 947/1155 
f 947/1155 949/1159 630/1160 664/1157 
f 941/1149 948/1156 950/1161 942/1150 
f 942/1150 950/1161 929/1131 926/1126 
f 948/1156 660/1158 659/1162 950/1161 
f 950/1161 659/1162 662/1132 929/1131 
f 951/1163 952/1164 953/1165 954/1166 
f 954/1166 953/1165 672/1167 671/1168 
f 952/1164 938/1144 937/1143 953/1165 
f 953/1165 937/1143 673/1146 672/1167 
f 951/1163 954/1166 955/1169 956/1170 
f 956/1170 955/1169 957/1171 958/1172 
f 954/1166 671/1168 680/1173 955/1169 
f 955/1169 680/1173 641/1174 957/1171 
f 951/1163 956/1170 959/1175 952/1164 
f 952/1164 959/1175 940/1148 938/1144 
f 956/1170 958/1172 960/1176 959/1175 
f 959/1175 960/1176 860/1092 940/1148 
f 961/1177 962/1178 963/1179 964/1180 
f 964/1180 963/1179 965/1181 966/1182 
f 962/1178 946/1154 945/1153 963/1179 
f 963/1179 945/1153 841/1002 965/1181 
f 961/1177 964/1180 967/1183 968/1184 
f 968/1184 967/1183 632/1185 628/1186 
f 964/1180 966/1182 969/1187 967/1183 
f 967/1183 969/1187 592/1188 632/1185 
f 961/1177 968/1184 970/1189 962/1178 
f 962/1178 970/1189 949/1159 946/1154 
f 968/1184 628/1186 627/1190 970/1189 
f 970/1189 627/1190 630/1160 949/1159 
f 971/1191 972/1192 973/1193 974/1194 
f 974/1194 973/1193 640/1195 639/1196 
f 972/1192 958/1172 957/1171 973/1193 
f 973/1193 957/1171 641/1174 640/1195 
f 971/1191 974/1194 975/1197 976/1198 
f 976/1198 975/1197 977/1199 978/1200 
f 974/1194 639/1196 648/1201 975/1197 
f 975/1197 648/1201 605/1202 977/1199 
f 971/1191 976/1198 979/1203 972/1192 
f 972/1192 979/1203 960/1176 958/1172 
f 976/1198 978/1200 980/1204 979/1203 
f 979/1203 980/1204 860/1092 960/1176 
f 981/1205 982/1206 983/1207 984/1208 
f 984/1208 983/1207 840/1001 839/1000 
f 982/1206 966/1182 965/1181 983/1207 
f 983/1207 965/1181 841/1002 840/1001 
f 981/1205 984/1208 985/1209 986/1210 
f 986/1210 985/1209 595/1211 590/1212 
f 984/1208 839/1000 846/1010 985/1209 
f 985/1209 846/1010 596/1012 595/1211 
f 981/1205 986/1210 987/1213 982/1206 
f 982/1206 987/1213 969/1187 966/1182 
f 986/1210 590/1212 589/1214 987/1213 
f 987/1213 589/1214 592/1188 969/1187 
f 988/1215 989/1216 990/1217 991/1218 
f 991/1218 990/1217 604/1219 603/1220 
f 989/1216 978/1221 977/1222 990/1217 
f 990/1217 977/1222 605/1223 604/1219 
f 988/1215 991/1218 992/1224 993/1225 
f 993/1225 992/1224 852/1020 851/1019 
f 991/1218 603/1220 614/1226 992/1224 
f 992/1224 614/1226 616/1021 852/1020 
f 988/1215 993/1225 994/1227 989/1216 
f 989/1216 994/1227 980/1228 978/1221 
f 993/1225 851/1019 858/1029 994/1227 
f 994/1227 858/1029 860/1031 980/1228 
f 995/1229 996/1230 997/1231 998/1232 
f 998/1232 997/1231 999/1233 1000/1234 
f 996/1230 1001/1235 1002/1236 997/1231 
f 997/1231 1002/1236 1003/1237 999/1233 
f 995/1229 998/1232 1004/1238 1005/1239 
f 1005/1239 1004/1238 1006/1240 1007/1241 
f 998/1232 1000/1234 1008/1242 1004/1238 
f 1004/1238 1008/1242 1009/1243 1006/1240 
f 995/1229 1005/1239 1010/1244 1011/1245 
f 1011/1245 1010/1244 1012/1246 1013/1247 
f 1005/1239 1007/1241 1014/1248 1010/1244 
f 1010/1244 1014/1248 1015/1249 1012/1246 
f 995/1229 1011/1245 1016/1250 996/1230 
f 996/1230 1016/1250 1017/1251 1001/1235 
f 1011/1245 1013/1247 1018/1252 1016/1250 
f 1016/1250 1018/1252 1019/1253 1017/1251 
f 1020/1254 1021/1255 1022/1256 1023/1257 
f 1023/1257 1022/1256 1024/1258 1025/1259 
f 1021/1255 1013/1247 1012/1246 1022/1256 
f 1022/1256 1012/1246 1015/1249 1024/1258 
f 1020/1254 1023/1257 1026/1260 1027/1261 
f 1027/1261 1026/1260 1028/1262 1029/1263 
f 1023/1257 1025/1259 1030/1264 1026/1260 
f 1026/1260 1030/1264 1031/1265 1028/1262 
f 1020/1254 1027/1261 1032/1266 1033/1267 
f 1033/1267 1032/1266 1034/1268 1035/1269 
f 1027/1261 1029/1263 1036/1270 1032/1266 
f 1032/1266 1036/1270 1037/1271 1034/1268 
f 1020/1254 1033/1267 1038/1272 1021/1255 
f 1021/1255 1038/1272 1018/1252 1013/1247 
f 1033/1267 1035/1269 1039/1273 1038/1272 
f 1038/1272 1039/1273 1019/1253 1018/1252 
f 1040/1274 1041/1275 1042/1276 1043/1277 
f 1043/1277 1042/1276 1044/1278 1045/1279 
f 1041/1275 1046/1280 1047/1281 1042/1276 
f 1042/1276 1047/1281 1048/1282 1044/1278 
f 1040/1274 1043/1277 1049/1283 1050/1284 
f 1050/1284 1049/1283 1051/1285 1052/1286 
f 1043/1277 1045/1279 1053/1287 1049/1283 
f 1049/1283 1053/1287 1054/1288 1051/1285 
f 1040/1274 1050/1284 1055/1289 1056/1290 
f 1056/1290 1055/1289 1008/1242 1000/1234 
f 1050/1284 1052/1286 1057/1291 1055/1289 
f 1055/1289 1057/1291 1009/1243 1008/1242 
f 1040/1274 1056/1290 1058/1292 1041/1275 
f 1041/1275 1058/1292 1059/1293 1046/1280 
f 1056/1290 1000/1234 999/1233 1058/1292 
f 1058/1292 999/1233 1003/1237 1059/1293 
f 1060/1294 1061/1295 1062/1296 1063/1297 
f 1063/1297 1062/1296 1064/1298 1065/1299 
f 1061/1295 1029/1263 1028/1262 1062/1296 
f 1062/1296 1028/1262 1031/1265 1064/1298 
f 1060/1294 1063/1297 1066/1300 1067/1301 
f 1067/1301 1066/1300 1068/1302 1069/1303 
f 1063/1297 1065/1299 1070/1304 1066/1300 
f 1066/1300 1070/1304 1071/1305 1068/1302 
f 1060/1294 1067/1301 1072/1306 1073/1307 
f 1073/1307 1072/1306 1074/1308 1075/1309 
f 1067/1301 1069/1303 1076/1310 1072/1306 
f 1072/1306 1076/1310 1077/1311 1074/1308 
f 1060/1294 1073/1307 1078/1312 1061/1295 
f 1061/1295 1078/1312 1036/1270 1029/1263 
f 1073/1307 1075/1309 1079/1313 1078/1312 
f 1078/1312 1079/1313 1037/1271 1036/1270 
f 1080/1314 1081/1315 1082/1316 1083/1317 
f 1083/1317 1082/1316 1084/1318 1085/1319 
f 1081/1315 1086/1320 1087/1321 1082/1316 
f 1082/1316 1087/1321 1088/1322 1084/1318 
f 1080/1314 1083/1317 1089/1323 1090/1324 
f 1090/1324 1089/1323 1091/1325 1092/1326 
f 1083/1317 1085/1319 1093/1327 1089/1323 
f 1089/1323 1093/1327 1094/1328 1091/1325 
f 1080/1314 1090/1324 1095/1329 1096/1330 
f 1096/1330 1095/1329 1053/1331 1045/1332 
f 1090/1324 1092/1326 1097/1333 1095/1329 
f 1095/1329 1097/1333 1054/1334 1053/1331 
f 1080/1314 1096/1330 1098/1335 1081/1315 
f 1081/1315 1098/1335 1099/1336 1086/1320 
f 1096/1330 1045/1332 1044/1337 1098/1335 
f 1098/1335 1044/1337 1048/1338 1099/1336 
f 1100/1339 1101/1340 1102/1341 1103/1342 
f 1103/1342 1102/1341 1104/1343 1105/1344 
f 1101/1340 1069/1303 1068/1302 1102/1341 
f 1102/1341 1068/1302 1071/1305 1104/1343 
f 1100/1339 1103/1342 1106/1345 1107/1346 
f 1107/1346 1106/1345 1108/1347 1109/1348 
f 1103/1342 1105/1344 1110/1349 1106/1345 
f 1106/1345 1110/1349 1111/1350 1108/1347 
f 1100/1339 1107/1346 1112/1351 1113/1352 
f 1113/1352 1112/1351 1114/1353 1115/1354 
f 1107/1346 1109/1348 1116/1355 1112/1351 
f 1112/1351 1116/1355 1117/1356 1114/1353 
f 1100/1339 1113/1352 1118/1357 1101/1340 
f 1101/1340 1118/1357 1076/1310 1069/1303 
f 1113/1352 1115/1354 1119/1358 1118/1357 
f 1118/1357 1119/1358 1077/1311 1076/1310 
f 1120/1359 1121/1360 1122/1361 1123/1362 
f 1123/1362 1122/1361 1124/1363 1125/1364 
f 1121/1360 1126/1365 1127/1366 1122/1361 
f 1122/1361 1127/1366 1128/1367 1124/1363 
f 1120/1359 1123/1362 1129/1368 1130/1369 
f 1130/1369 1129/1368 1131/1370 1132/1371 
f 1123/1362 1125/1364 1133/1372 1129/1368 
f 1129/1368 1133/1372 1134/1373 1131/1370 
f 1120/1359 1130/1369 1135/1374 1136/1375 
f 1136/1375 1135/1374 1093/1327 1085/1319 
f 1130/1369 1132/1371 1137/1376 1135/1374 
f 1135/1374 1137/1376 1094/1328 1093/1327 
f 1120/1359 1136/1375 1138/1377 1121/1360 
f 1121/1360 1138/1377 1139/1378 1126/1365 
f 1136/1375 1085/1319 1084/1318 1138/1377 
f 1138/1377 1084/1318 1088/1322 1139/1378 
f 1140/1379 1141/1380 1142/1381 1143/1382 
f 1143/1382 1142/1381 1144/1383 1145/1384 
f 1141/1380 1109/1348 1108/1347 1142/1381 
f 1142/1381 1108/1347 1111/1350 1144/1383 
f 1140/1379 1143/1382 1146/1385 1147/1386 
f 1147/1386 1146/1385 1148/1387 1149/1388 
f 1143/1382 1145/1384 1150/1389 1146/1385 
f 1146/1385 1150/1389 1151/1390 1148/1387 
f 1140/1379 1147/1386 1152/1391 1153/1392 
f 1153/1392 1152/1391 1154/1393 1155/1394 
f 1147/1386 1149/1388 1156/1395 1152/1391 
f 1152/1391 1156/1395 1157/1396 1154/1393 
f 1140/1379 1153/1392 1158/1397 1141/1380 
f 1141/1380 1158/1397 1116/1355 1109/1348 
f 1153/1392 1155/1394 1159/1398 1158/1397 
f 1158/1397 1159/1398 1117/1356 1116/1355 
f 1160/1399 1161/1400 1162/1401 1163/1402 
f 1163/1402 1162/1401 1164/1403 1165/1404 
f 1161/1400 1166/1405 1167/1406 1162/1401 
f 1162/1401 1167/1406 1168/1407 1164/1403 
f 1160/1399 1163/1402 1169/1408 1170/1409 
f 1170/1409 1169/1408 1171/1410 1172/1411 
f 1163/1402 1165/1404 1173/1412 1169/1408 
f 1169/1408 1173/1412 1174/1413 1171/1410 
f 1160/1399 1170/1409 1175/1414 1176/1415 
f 1176/1415 1175/1414 1133/1372 1125/1364 
f 1170/1409 1172/1411 1177/1416 1175/1414 
f 1175/1414 1177/1416 1134/1373 1133/1372 
f 1160/1399 1176/1415 1178/1417 1161/1400 
f 1161/1400 1178/1417 1179/1418 1166/1405 
f 1176/1415 1125/1364 1124/1363 1178/1417 
f 1178/1417 1124/1363 1128/1367 1179/1418 
f 1180/1419 1181/1420 1182/1421 1183/1422 
f 1183/1422 1182/1421 1184/1423 1185/1424 
f 1181/1420 1149/1425 1148/1426 1182/1421 
f 1182/1421 1148/1426 1151/1427 1184/1423 
f 1180/1419 1183/1422 1186/1428 1187/1429 
f 1187/1429 1186/1428 1188/1430 1189/1431 
f 1183/1422 1185/1424 1190/1432 1186/1428 
f 1186/1428 1190/1432 1191/1433 1188/1430 
f 1180/1419 1187/1429 1192/1434 1193/1435 
f 1193/1435 1192/1434 1194/1436 1195/1437 
f 1187/1429 1189/1431 1196/1438 1192/1434 
f 1192/1434 1196/1438 1197/1439 1194/1436 
f 1180/1419 1193/1435 1198/1440 1181/1420 
f 1181/1420 1198/1440 1156/1441 1149/1425 
f 1193/1435 1195/1437 1199/1442 1198/1440 
f 1198/1440 1199/1442 1157/1443 1156/1441 
f 1200/1444 1201/1445 1202/1446 1203/1447 
f 1203/1447 1202/1446 1204/1448 1205/1449 
f 1201/1445 1206/1450 1207/1451 1202/1446 
f 1202/1446 1207/1451 1208/1452 1204/1448 
f 1200/1444 1203/1447 1209/1453 1210/1454 
f 1210/1454 1209/1453 1211/1455 1212/1456 
f 1203/1447 1205/1449 1213/1457 1209/1453 
f 1209/1453 1213/1457 1214/1458 1211/1455 
f 1200/1444 1210/1454 1215/1459 1216/1460 
f 1216/1460 1215/1459 1217/1461 1218/1462 
f 1210/1454 1212/1456 1219/1463 1215/1459 
f 1215/1459 1219/1463 1220/1464 1217/1461 
f 1200/1444 1216/1460 1221/1465 1201/1445 
f 1201/1445 1221/1465 1222/1466 1206/1450 
f 1216/1460 1218/1462 1223/1467 1221/1465 
f 1221/1465 1223/1467 1224/1468 1222/1466 
f 1225/1469 1226/1470 1227/1471 1228/1472 
f 1228/1472 1227/1471 1229/1473 1230/1474 
f 1226/1470 1231/1475 1232/1476 1227/1471 
f 1227/1471 1232/1476 1233/1477 1229/1473 
f 1225/1469 1228/1472 1234/1478 1235/1479 
f 1235/1479 1234/1478 1236/1480 1237/1481 
f 1228/1472 1230/1474 1238/1482 1234/1478 
f 1234/1478 1238/1482 1239/1483 1236/1480 
f 1225/1469 1235/1479 1240/1484 1241/1485 
f 1241/1485 1240/1484 1242/1486 1243/1487 
f 1235/1479 1237/1481 1244/1488 1240/1484 
f 1240/1484 1244/1488 1245/1489 1242/1486 
f 1225/1469 1241/1485 1246/1490 1226/1470 
f 1226/1470 1246/1490 1247/1491 1231/1475 
f 1241/1485 1243/1487 1248/1492 1246/1490 
f 1246/1490 1248/1492 1249/1493 1247/1491 
f 1250/1494 1251/1495 1252/1496 1253/1497 
f 1253/1497 1252/1496 1254/1498 1255/1499 
f 1251/1495 1212/1500 1211/1501 1252/1496 
f 1252/1496 1211/1501 1214/1502 1254/1498 
f 1250/1494 1253/1497 1256/1503 1257/1504 
f 1257/1504 1256/1503 1258/1505 1259/1506 
f 1253/1497 1255/1499 1260/1507 1256/1503 
f 1256/1503 1260/1507 1261/1508 1258/1505 
f 1250/1494 1257/1504 1262/1509 1263/1510 
f 1263/1510 1262/1509 1264/1511 1265/1512 
f 1257/1504 1259/1506 1266/1513 1262/1509 
f 1262/1509 1266/1513 1267/1514 1264/1511 
f 1250/1494 1263/1510 1268/1515 1251/1495 
f 1251/1495 1268/1515 1219/1516 1212/1500 
f 1263/1510 1265/1512 1269/1517 1268/1515 
f 1268/1515 1269/1517 1220/1518 1219/1516 
f 1270/1519 1271/1520 1272/1521 1273/1522 
f 1273/1522 1272/1521 1274/1523 1275/1524 
f 1271/1520 1276/1525 1277/1526 1272/1521 
f 1272/1521 1277/1526 1278/1527 1274/1523 
f 1270/1519 1273/1522 1279/1528 1280/1529 
f 1280/1529 1279/1528 1281/1530 1282/1531 
f 1273/1522 1275/1524 1283/1532 1279/1528 
f 1279/1528 1283/1532 1284/1533 1281/1530 
f 1270/1519 1280/1529 1285/1534 1286/1535 
f 1286/1535 1285/1534 1238/1482 1230/1474 
f 1280/1529 1282/1531 1287/1536 1285/1534 
f 1285/1534 1287/1536 1239/1483 1238/1482 
f 1270/1519 1286/1535 1288/1537 1271/1520 
f 1271/1520 1288/1537 1289/1538 1276/1525 
f 1286/1535 1230/1474 1229/1473 1288/1537 
f 1288/1537 1229/1473 1233/1477 1289/1538 
f 1290/1539 1291/1540 1292/1541 1293/1542 
f 1293/1542 1292/1541 1294/1543 1295/1544 
f 1291/1540 1259/1545 1258/1546 1292/1541 
f 1292/1541 1258/1546 1261/1547 1294/1543 
f 1290/1539 1293/1542 1296/1548 1297/1549 
f 1297/1549 1296/1548 1298/1550 1299/1551 
f 1293/1542 1295/1544 1300/1552 1296/1548 
f 1296/1548 1300/1552 1301/1553 1298/1550 
f 1290/1539 1297/1549 1302/1554 1303/1555 
f 1303/1555 1302/1554 1304/1556 1305/1557 
f 1297/1549 1299/1551 1306/1558 1302/1554 
f 1302/1554 1306/1558 1307/1559 1304/1556 
f 1290/1539 1303/1555 1308/1560 1291/1540 
f 1291/1540 1308/1560 1266/1561 1259/1545 
f 1303/1555 1305/1557 1309/1562 1308/1560 
f 1308/1560 1309/1562 1267/1563 1266/1561 
f 1310/1564 1311/1565 1312/1566 1313/1567 
f 1313/1567 1312/1566 1314/1568 1315/1569 
f 1311/1565 1316/1570 1317/1571 1312/1566 
f 1312/1566 1317/1571 1318/1572 1314/1568 
f 1310/1564 1313/1567 1319/1573 1320/1574 
f 1320/1574 1319/1573 1321/1575 1322/1576 
f 1313/1567 1315/1569 1323/1577 1319/1573 
f 1319/1573 1323/1577 1324/1578 1321/1575 
f 1310/1564 1320/1574 1325/1579 1326/1580 
f 1326/1580 1325/1579 1283/1532 1275/1524 
f 1320/1574 1322/1576 1327/1581 1325/1579 
f 1325/1579 1327/1581 1284/1533 1283/1532 
f 1310/1564 1326/1580 1328/1582 1311/1565 
f 1311/1565 1328/1582 1329/1583 1316/1570 
f 1326/1580 1275/1524 1274/1523 1328/1582 
f 1328/1582 1274/1523 1278/1527 1329/1583 
f 1330/1584 1331/1585 1332/1586 1333/1587 
f 1333/1587 1332/1586 1334/1588 1335/1589 
f 1331/1585 1299/1551 1298/1550 1332/1586 
f 1332/1586 1298/1550 1301/1553 1334/1588 
f 1330/1584 1333/1587 1336/1590 1337/1591 
f 1337/1591 1336/1590 1338/1592 1339/1593 
f 1333/1587 1335/1589 1340/1594 1336/1590 
f 1336/1590 1340/1594 1341/1595 1338/1592 
f 1330/1584 1337/1591 1342/1596 1343/1597 
f 1343/1597 1342/1596 1344/1598 1345/1599 
f 1337/1591 1339/1593 1346/1600 1342/1596 
f 1342/1596 1346/1600 1347/1601 1344/1598 
f 1330/1584 1343/1597 1348/1602 1331/1585 
f 1331/1585 1348/1602 1306/1558 1299/1551 
f 1343/1597 1345/1599 1349/1603 1348/1602 
f 1348/1602 1349/1603 1307/1559 1306/1558 
f 1350/1604 1351/1605 1352/1606 1353/1607 
f 1353/1607 1352/1606 1354/1608 1355/1609 
f 1351/1605 1356/1610 1357/1611 1352/1606 
f 1352/1606 1357/1611 1358/1612 1354/1608 
f 1350/1604 1353/1607 1359/1613 1360/1614 
f 1360/1614 1359/1613 1361/1615 1362/1616 
f 1353/1607 1355/1609 1363/1617 1359/1613 
f 1359/1613 1363/1617 1364/1618 1361/1615 
f 1350/1604 1360/1614 1365/1619 1366/1620 
f 1366/1620 1365/1619 1323/1577 1315/1569 
f 1360/1614 1362/1616 1367/1621 1365/1619 
f 1365/1619 1367/1621 1324/1578 1323/1577 
f 1350/1604 1366/1620 1368/1622 1351/1605 
f 1351/1605 1368/1622 1369/1623 1356/1610 
f 1366/1620 1315/1569 1314/1568 1368/1622 
f 1368/1622 1314/1568 1318/1572 1369/1623 
f 1370/1624 1371/1625 1372/1626 1373/1627 
f 1373/1627 1372/1626 1374/1628 1375/1629 
f 1371/1625 1339/1593 1338/1592 1372/1626 
f 1372/1626 1338/1592 1341/1595 1374/1628 
f 1370/1624 1373/1627 1376/1630 1377/1631 
f 1377/1631 1376/1630 1378/1632 1379/1633 
f 1373/1627 1375/1629 1380/1634 1376/1630 
f 1376/1630 1380/1634 1381/1635 1378/1632 
f 1370/1624 1377/1631 1382/1636 1383/1637 
f 1383/1637 1382/1636 1384/1638 1385/1639 
f 1377/1631 1379/1633 1386/1640 1382/1636 
f 1382/1636 1386/1640 1387/1641 1384/1638 
f 1370/1624 1383/1637 1388/1642 1371/1625 
f 1371/1625 1388/1642 1346/1600 1339/1593 
f 1383/1637 1385/1639 1389/1643 1388/1642 
f 1388/1642 1389/1643 1347/1601 1346/1600 
f 1390/1644 1391/1645 1392/1646 1393/1647 
f 1393/1647 1392/1646 1394/1648 1395/1649 
f 1391/1645 1396/1650 1397/1651 1392/1646 
f 1392/1646 1397/1651 1398/1652 1394/1648 
f 1390/1644 1393/1647 1399/1653 1400/1654 
f 1400/1654 1399/1653 1401/1655 1402/1656 
f 1393/1647 1395/1649 1403/1657 1399/1653 
f 1399/1653 1403/1657 1404/1658 1401/1655 
f 1390/1644 1400/1654 1405/1659 1406/1660 
f 1406/1660 1405/1659 1363/1661 1355/1662 
f 1400/1654 1402/1656 1407/1663 1405/1659 
f 1405/1659 1407/1663 1364/1664 1363/1661 
f 1390/1644 1406/1660 1408/1665 1391/1645 
f 1391/1645 1408/1665 1409/1666 1396/1650 
f 1406/1660 1355/1662 1354/1667 1408/1665 
f 1408/1665 1354/1667 1358/1668 1409/1666 
f 1410/1669 1411/1670 1412/1671 1413/1672 
f 1413/1672 1412/1671 1414/1673 1415/1674 
f 1411/1670 1379/1633 1378/1632 1412/1671 
f 1412/1671 1378/1632 1381/1635 1414/1673 
f 1410/1669 1413/1672 1416/1675 1417/1676 
f 1417/1676 1416/1675 1418/1677 1419/1678 
f 1413/1672 1415/1674 1420/1679 1416/1675 
f 1416/1675 1420/1679 1421/1680 1418/1677 
f 1410/1669 1417/1676 1422/1681 1423/1682 
f 1423/1682 1422/1681 1424/1683 1425/1684 
f 1417/1676 1419/1678 1426/1685 1422/1681 
f 1422/1681 1426/1685 1427/1686 1424/1683 
f 1410/1669 1423/1682 1428/1687 1411/1670 
f 1411/1670 1428/1687 1386/1640 1379/1633 
f 1423/1682 1425/1684 1429/1688 1428/1687 
f 1428/1687 1429/1688 1387/1641 1386/1640 
f 1430/1689 1431/1690 1432/1691 1433/1692 
f 1433/1692 1432/1691 1434/1693 1435/1694 
f 1431/1690 1436/1695 1437/1696 1432/1691 
f 1432/1691 1437/1696 1438/1697 1434/1693 
f 1430/1689 1433/1692 1439/1698 1440/1699 
f 1440/1699 1439/1698 1441/1700 1442/1701 
f 1433/1692 1435/1694 1443/1702 1439/1698 
f 1439/1698 1443/1702 1444/1703 1441/1700 
f 1430/1689 1440/1699 1445/1704 1446/1705 
f 1446/1705 1445/1704 1403/1657 1395/1649 
f 1440/1699 1442/1701 1447/1706 1445/1704 
f 1445/1704 1447/1706 1404/1658 1403/1657 
f 1430/1689 1446/1705 1448/1707 1431/1690 
f 1431/1690 1448/1707 1449/1708 1436/1695 
f 1446/1705 1395/1649 1394/1648 1448/1707 
f 1448/1707 1394/1648 1398/1652 1449/1708 
f 1450/1709 1451/1710 1452/1711 1453/1712 
f 1453/1712 1452/1711 1454/1713 1455/1714 
f 1451/1710 1419/1678 1418/1677 1452/1711 
f 1452/1711 1418/1677 1421/1680 1454/1713 
f 1450/1709 1453/1712 1456/1715 1457/1716 
f 1457/1716 1456/1715 1458/1717 1459/1718 
f 1453/1712 1455/1714 1460/1719 1456/1715 
f 1456/1715 1460/1719 1461/1720 1458/1717 
f 1450/1709 1457/1716 1462/1721 1463/1722 
f 1463/1722 1462/1721 1464/1723 1465/1724 
f 1457/1716 1459/1718 1466/1725 1462/1721 
f 1462/1721 1466/1725 1467/1726 1464/1723 
f 1450/1709 1463/1722 1468/1727 1451/1710 
f 1451/1710 1468/1727 1426/1685 1419/1678 
f 1463/1722 1465/1724 1469/1728 1468/1727 
f 1468/1727 1469/1728 1427/1686 1426/1685 
f 1470/1729 1471/1730 1472/1731 1473/1732 
f 1473/1732 1472/1731 1474/1733 1475/1734 
f 1471/1730 1476/1735 1477/1736 1472/1731 
f 1472/1731 1477/1736 1478/1737 1474/1733 
f 1470/1729 1473/1732 1479/1738 1480/1739 
f 1480/1739 1479/1738 1481/1740 1482/1741 
f 1473/1732 1475/1734 1483/1742 1479/1738 
f 1479/1738 1483/1742 1484/1743 1481/1740 
f 1470/1729 1480/1739 1485/1744 1486/1745 
f 1486/1745 1485/1744 1443/1702 1435/1694 
f 1480/1739 1482/1741 1487/1746 1485/1744 
f 1485/1744 1487/1746 1444/1703 1443/1702 
f 1470/1729 1486/1745 1488/1747 1471/1730 
f 1471/1730 1488/1747 1489/1748 1476/1735 
f 1486/1745 1435/1694 1434/1693 1488/1747 
f 1488/1747 1434/1693 1438/1697 1489/1748 
f 1490/1749 1491/1750 1492/1751 1493/1752 
f 1493/1752 1492/1751 1494/1753 1495/1754 
f 1491/1750 1459/1718 1458/1717 1492/1751 
f 1492/1751 1458/1717 1461/1720 1494/1753 
f 1490/1749 1493/1752 1496/1755 1497/1756 
f 1497/1756 1496/1755 1498/1757 1499/1758 
f 1493/1752 1495/1754 1500/1759 1496/1755 
f 1496/1755 1500/1759 1501/1760 1498/1757 
f 1490/1749 1497/1756 1502/1761 1503/1762 
f 1503/1762 1502/1761 1504/1763 1505/1764 
f 1497/1756 1499/1758 1506/1765 1502/1761 
f 1502/1761 1506/1765 1507/1766 1504/1763 
f 1490/1749 1503/1762 1508/1767 1491/1750 
f 1491/1750 1508/1767 1466/1725 1459/1718 
f 1503/1762 1505/1764 1509/1768 1508/1767 
f 1508/1767 1509/1768 1467/1726 1466/1725 
f 1510/1769 1511/1770 1512/1771 1513/1772 
f 1513/1772 1512/1771 1514/1773 1515/1774 
f 1511/1770 1516/1775 1517/1776 1512/1771 
f 1512/1771 1517/1776 1518/1777 1514/1773 
f 1510/1769 1513/1772 1519/1778 1520/1779 
f 1520/1779 1519/1778 1521/1780 1522/1781 
f 1513/1772 1515/1774 1523/1782 1519/1778 
f 1519/1778 1523/1782 1524/1783 1521/1780 
f 1510/1769 1520/1779 1525/1784 1526/1785 
f 1526/1785 1525/1784 1483/1786 1475/1787 
f 1520/1779 1522/1781 1527/1788 1525/1784 
f 1525/1784 1527/1788 1484/1789 1483/1786 
f 1510/1769 1526/1785 1528/1790 1511/1770 
f 1511/1770 1528/1790 1529/1791 1516/1775 
f 1526/1785 1475/1787 1474/1792 1528/1790 
f 1528/1790 1474/1792 1478/1793 1529/1791 
f 1530/1794 1531/1795 1532/1796 1533/1797 
f 1533/1797 1532/1796 1534/1798 1535/1799 
f 1531/1795 1499/1800 1498/1801 1532/1796 
f 1532/1796 1498/1801 1501/1802 1534/1798 
f 1530/1794 1533/1797 1536/1803 1537/1804 
f 1537/1804 1536/1803 1538/1805 1539/1806 
f 1533/1797 1535/1799 1540/1807 1536/1803 
f 1536/1803 1540/1807 1541/1808 1538/1805 
f 1530/1794 1537/1804 1542/1809 1543/1810 
f 1543/1810 1542/1809 1544/1811 1545/1812 
f 1537/1804 1539/1806 1546/1813 1542/1809 
f 1542/1809 1546/1813 1547/1814 1544/1811 
f 1530/1794 1543/1810 1548/1815 1531/1795 
f 1531/1795 1548/1815 1506/1816 1499/1800 
f 1543/1810 1545/1812 1549/1817 1548/1815 
f 1548/1815 1549/1817 1507/1818 1506/1816 
f 1550/1819 1551/1820 1552/1821 1553/1822 
f 1553/1822 1552/1821 1554/1823 1555/1824 
f 1551/1820 1556/1825 1557/1826 1552/1821 
f 1552/1821 1557/1826 1558/1827 1554/1823 
f 1550/1819 1553/1822 1559/1828 1560/1829 
f 1560/1829 1559/1828 1561/1830 1562/1831 
f 1553/1822 1555/1824 1563/1832 1559/1828 
f 1559/1828 1563/1832 1564/1833 1561/1830 
f 1550/1819 1560/1829 1565/1834 1566/1835 
f 1566/1835 1565/1834 1523/1782 1515/1774 
f 1560/1829 1562/1831 1567/1836 1565/1834 
f 1565/1834 1567/1836 1524/1783 1523/1782 
f 1550/1819 1566/1835 1568/1837 1551/1820 
f 1551/1820 1568/1837 1569/1838 1556/1825 
f 1566/1835 1515/1774 1514/1773 1568/1837 
f 1568/1837 1514/1773 1518/1777 1569/1838 
f 1570/1839 1571/1840 1572/1841 1573/1842 
f 1573/1842 1572/1841 1574/1843 1575/1844 
f 1571/1840 1539/1806 1538/1805 1572/1841 
f 1572/1841 1538/1805 1541/1808 1574/1843 
f 1570/1839 1573/1842 1576/1845 1577/1846 
f 1577/1846 1576/1845 1578/1847 1579/1848 
f 1573/1842 1575/1844 1580/1849 1576/1845 
f 1576/1845 1580/1849 1581/1850 1578/1847 
f 1570/1839 1577/1846 1582/1851 1583/1852 
f 1583/1852 1582/1851 1584/1853 1585/1854 
f 1577/1846 1579/1848 1586/1855 1582/1851 
f 1582/1851 1586/1855 1587/1856 1584/1853 
f 1570/1839 1583/1852 1588/1857 1571/1840 
f 1571/1840 1588/1857 1546/1813 1539/1806 
f 1583/1852 1585/1854 1589/1858 1588/1857 
f 1588/1857 1589/1858 1547/1814 1546/1813 
f 1590/1859 1591/1860 1592/1861 1593/1862 
f 1593/1862 1592/1861 1586/1863 1579/1864 
f 1591/1860 1594/1865 1595/1866 1592/1861 
f 1592/1861 1595/1866 1587/1867 1586/1863 
f 1590/1859 1593/1862 1596/1868 1597/1869 
f 1597/1869 1596/1868 1598/1870 1599/1871 
f 1593/1862 1579/1864 1578/1872 1596/1868 
f 1596/1868 1578/1872 1581/1873 1598/1870 
f 1590/1859 1597/1869 1600/1874 1601/1875 
f 1601/1875 1600/1874 1563/1832 1555/1824 
f 1597/1869 1599/1871 1602/1876 1600/1874 
f 1600/1874 1602/1876 1564/1833 1563/1832 
f 1590/1859 1601/1875 1603/1877 1591/1860 
f 1591/1860 1603/1877 1604/1878 1594/1865 
f 1601/1875 1555/1824 1554/1823 1603/1877 
f 1603/1877 1554/1823 1558/1827 1604/1878 
f 1605/1879 1606/1880 1607/1881 1608/1882 
f 1608/1882 1607/1881 1609/1883 1610/1884 
f 1606/1880 1611/1885 1612/1886 1607/1881 
f 1607/1881 1612/1886 1613/1887 1609/1883 
f 1605/1879 1608/1882 1614/1888 1615/1889 
f 1615/1889 1614/1888 1616/1890 1617/1891 
f 1608/1882 1610/1884 1618/1892 1614/1888 
f 1614/1888 1618/1892 1619/1893 1616/1890 
f 1605/1879 1615/1889 1620/1894 1621/1895 
f 1621/1895 1620/1894 1549/1896 1545/1897 
f 1615/1889 1617/1891 1622/1898 1620/1894 
f 1620/1894 1622/1898 1507/1766 1549/1896 
f 1605/1879 1621/1895 1623/1899 1606/1880 
f 1606/1880 1623/1899 1624/1900 1611/1885 
f 1621/1895 1545/1897 1544/1901 1623/1899 
f 1623/1899 1544/1901 1547/1902 1624/1900 
f 1625/1903 1626/1904 1627/1905 1628/1906 
f 1628/1906 1627/1905 1629/1907 1630/1908 
f 1626/1904 1556/1909 1569/1910 1627/1905 
f 1627/1905 1569/1910 1518/1911 1629/1907 
f 1625/1903 1628/1906 1631/1912 1632/1913 
f 1632/1913 1631/1912 1633/1914 1634/1915 
f 1628/1906 1630/1908 1635/1916 1631/1912 
f 1631/1912 1635/1916 1636/1917 1633/1914 
f 1625/1903 1632/1913 1637/1918 1638/1919 
f 1638/1919 1637/1918 1639/1920 1640/1921 
f 1632/1913 1634/1915 1641/1922 1637/1918 
f 1637/1918 1641/1922 1642/1923 1639/1920 
f 1625/1903 1638/1919 1643/1924 1626/1904 
f 1626/1904 1643/1924 1557/1925 1556/1909 
f 1638/1919 1640/1921 1644/1926 1643/1924 
f 1643/1924 1644/1926 1558/1927 1557/1925 
f 1645/1928 1646/1929 1647/1930 1648/1931 
f 1648/1931 1647/1930 1649/1932 1650/1933 
f 1646/1929 1617/1891 1616/1890 1647/1930 
f 1647/1930 1616/1890 1619/1893 1649/1932 
f 1645/1928 1648/1931 1651/1934 1652/1935 
f 1652/1935 1651/1934 1653/1936 1654/1937 
f 1648/1931 1650/1933 1655/1938 1651/1934 
f 1651/1934 1655/1938 1656/1939 1653/1936 
f 1645/1928 1652/1935 1657/1940 1658/1941 
f 1658/1941 1657/1940 1509/1768 1505/1764 
f 1652/1935 1654/1937 1659/1942 1657/1940 
f 1657/1940 1659/1942 1467/1726 1509/1768 
f 1645/1928 1658/1941 1660/1943 1646/1929 
f 1646/1929 1660/1943 1622/1898 1617/1891 
f 1658/1941 1505/1764 1504/1763 1660/1943 
f 1660/1943 1504/1763 1507/1766 1622/1898 
f 1661/1944 1662/1945 1663/1946 1664/1947 
f 1664/1947 1663/1946 1665/1948 1666/1949 
f 1662/1945 1516/1950 1529/1951 1663/1946 
f 1663/1946 1529/1951 1478/1952 1665/1948 
f 1661/1944 1664/1947 1667/1953 1668/1954 
f 1668/1954 1667/1953 1669/1955 1670/1956 
f 1664/1947 1666/1949 1671/1957 1667/1953 
f 1667/1953 1671/1957 1672/1958 1669/1955 
f 1661/1944 1668/1954 1673/1959 1674/1960 
f 1674/1960 1673/1959 1635/1916 1630/1908 
f 1668/1954 1670/1956 1675/1961 1673/1959 
f 1673/1959 1675/1961 1636/1917 1635/1916 
f 1661/1944 1674/1960 1676/1962 1662/1945 
f 1662/1945 1676/1962 1517/1963 1516/1950 
f 1674/1960 1630/1908 1629/1907 1676/1962 
f 1676/1962 1629/1907 1518/1911 1517/1963 
f 1677/1964 1678/1965 1679/1966 1680/1967 
f 1680/1967 1679/1966 1681/1968 1682/1969 
f 1678/1965 1683/1970 1684/1971 1679/1966 
f 1679/1966 1684/1971 1685/1972 1681/1968 
f 1677/1964 1680/1967 1686/1973 1687/1974 
f 1687/1974 1686/1973 1469/1975 1465/1976 
f 1680/1967 1682/1969 1688/1977 1686/1973 
f 1686/1973 1688/1977 1427/1978 1469/1975 
f 1677/1964 1687/1974 1689/1979 1690/1980 
f 1690/1980 1689/1979 1659/1981 1654/1982 
f 1687/1974 1465/1976 1464/1983 1689/1979 
f 1689/1979 1464/1983 1467/1984 1659/1981 
f 1677/1964 1690/1980 1691/1985 1678/1965 
f 1678/1965 1691/1985 1692/1986 1683/1970 
f 1690/1980 1654/1982 1653/1987 1691/1985 
f 1691/1985 1653/1987 1656/1988 1692/1986 
f 1693/1989 1694/1990 1695/1991 1696/1992 
f 1696/1992 1695/1991 1477/1993 1476/1994 
f 1694/1990 1666/1949 1665/1948 1695/1991 
f 1695/1991 1665/1948 1478/1952 1477/1993 
f 1693/1989 1696/1992 1697/1995 1698/1996 
f 1698/1996 1697/1995 1699/1997 1700/1998 
f 1696/1992 1476/1994 1489/1999 1697/1995 
f 1697/1995 1489/1999 1438/2000 1699/1997 
f 1693/1989 1698/1996 1701/2001 1702/2002 
f 1702/2002 1701/2001 1703/2003 1704/2004 
f 1698/1996 1700/1998 1705/2005 1701/2001 
f 1701/2001 1705/2005 1706/2006 1703/2003 
f 1693/1989 1702/2002 1707/2007 1694/1990 
f 1694/1990 1707/2007 1671/1957 1666/1949 
f 1702/2002 1704/2004 1708/2008 1707/2007 
f 1707/2007 1708/2008 1672/1958 1671/1957 
f 1709/2009 1710/2010 1711/2011 1712/2012 
f 1712/2012 1711/2011 1713/2013 1714/2014 
f 1710/2010 1715/2015 1716/2016 1711/2011 
f 1711/2011 1716/2016 1717/2017 1713/2013 
f 1709/2009 1712/2012 1718/2018 1719/2019 
f 1719/2019 1718/2018 1429/2020 1425/2021 
f 1712/2012 1714/2014 1720/2022 1718/2018 
f 1718/2018 1720/2022 1387/2023 1429/2020 
f 1709/2009 1719/2019 1721/2024 1722/2025 
f 1722/2025 1721/2024 1688/1977 1682/1969 
f 1719/2019 1425/2021 1424/2026 1721/2024 
f 1721/2024 1424/2026 1427/1978 1688/1977 
f 1709/2009 1722/2025 1723/2027 1710/2010 
f 1710/2010 1723/2027 1724/2028 1715/2015 
f 1722/2025 1682/1969 1681/1968 1723/2027 
f 1723/2027 1681/1968 1685/1972 1724/2028 
f 1725/2029 1726/2030 1727/2031 1728/2032 
f 1728/2032 1727/2031 1437/2033 1436/2034 
f 1726/2030 1700/1998 1699/1997 1727/2031 
f 1727/2031 1699/1997 1438/2000 1437/2033 
f 1725/2029 1728/2032 1729/2035 1730/2036 
f 1730/2036 1729/2035 1731/2037 1732/2038 
f 1728/2032 1436/2034 1449/2039 1729/2035 
f 1729/2035 1449/2039 1398/2040 1731/2037 
f 1725/2029 1730/2036 1733/2041 1734/2042 
f 1734/2042 1733/2041 1735/2043 1736/2044 
f 1730/2036 1732/2038 1737/2045 1733/2041 
f 1733/2041 1737/2045 1738/2046 1735/2043 
f 1725/2029 1734/2042 1739/2047 1726/2030 
f 1726/2030 1739/2047 1705/2005 1700/1998 
f 1734/2042 1736/2044 1740/2048 1739/2047 
f 1739/2047 1740/2048 1706/2006 1705/2005 
f 1741/2049 1742/2050 1743/2051 1744/2052 
f 1744/2052 1743/2051 1745/2053 1746/2054 
f 1742/2050 1747/2055 1748/2056 1743/2051 
f 1743/2051 1748/2056 1749/2057 1745/2053 
f 1741/2049 1744/2052 1750/2058 1751/2059 
f 1751/2059 1750/2058 1389/2060 1385/2061 
f 1744/2052 1746/2054 1752/2062 1750/2058 
f 1750/2058 1752/2062 1347/2063 1389/2060 
f 1741/2049 1751/2059 1753/2064 1754/2065 
f 1754/2065 1753/2064 1720/2022 1714/2014 
f 1751/2059 1385/2061 1384/2066 1753/2064 
f 1753/2064 1384/2066 1387/2023 1720/2022 
f 1741/2049 1754/2065 1755/2067 1742/2050 
f 1742/2050 1755/2067 1756/2068 1747/2055 
f 1754/2065 1714/2014 1713/2013 1755/2067 
f 1755/2067 1713/2013 1717/2017 1756/2068 
f 1757/2069 1758/2070 1759/2071 1760/2072 
f 1760/2072 1759/2071 1397/2073 1396/2074 
f 1758/2070 1732/2038 1731/2037 1759/2071 
f 1759/2071 1731/2037 1398/2040 1397/2073 
f 1757/2069 1760/2072 1761/2075 1762/2076 
f 1762/2076 1761/2075 1763/2077 1764/2078 
f 1760/2072 1396/2074 1409/2079 1761/2075 
f 1761/2075 1409/2079 1358/1612 1763/2077 
f 1757/2069 1762/2076 1765/2080 1766/2081 
f 1766/2081 1765/2080 1767/2082 1768/2083 
f 1762/2076 1764/2078 1769/2084 1765/2080 
f 1765/2080 1769/2084 1770/2085 1767/2082 
f 1757/2069 1766/2081 1771/2086 1758/2070 
f 1758/2070 1771/2086 1737/2045 1732/2038 
f 1766/2081 1768/2083 1772/2087 1771/2086 
f 1771/2086 1772/2087 1738/2046 1737/2045 
f 1773/2088 1774/2089 1775/2090 1776/2091 
f 1776/2091 1775/2090 1777/2092 1778/2093 
f 1774/2089 1779/2094 1780/2095 1775/2090 
f 1775/2090 1780/2095 1781/2096 1777/2092 
f 1773/2088 1776/2091 1782/2097 1783/2098 
f 1783/2098 1782/2097 1349/1603 1345/1599 
f 1776/2091 1778/2093 1784/2099 1782/2097 
f 1782/2097 1784/2099 1307/1559 1349/1603 
f 1773/2088 1783/2098 1785/2100 1786/2101 
f 1786/2101 1785/2100 1752/2102 1746/2103 
f 1783/2098 1345/1599 1344/1598 1785/2100 
f 1785/2100 1344/1598 1347/1601 1752/2102 
f 1773/2088 1786/2101 1787/2104 1774/2089 
f 1774/2089 1787/2104 1788/2105 1779/2094 
f 1786/2101 1746/2103 1745/2106 1787/2104 
f 1787/2104 1745/2106 1749/2107 1788/2105 
f 1789/2108 1790/2109 1791/2110 1792/2111 
f 1792/2111 1791/2110 1357/1611 1356/1610 
f 1790/2109 1764/2078 1763/2077 1791/2110 
f 1791/2110 1763/2077 1358/1612 1357/1611 
f 1789/2108 1792/2111 1793/2112 1794/2113 
f 1794/2113 1793/2112 1795/2114 1796/2115 
f 1792/2111 1356/1610 1369/1623 1793/2112 
f 1793/2112 1369/1623 1318/1572 1795/2114 
f 1789/2108 1794/2113 1797/2116 1798/2117 
f 1798/2117 1797/2116 1799/2118 1800/2119 
f 1794/2113 1796/2115 1801/2120 1797/2116 
f 1797/2116 1801/2120 1802/2121 1799/2118 
f 1789/2108 1798/2117 1803/2122 1790/2109 
f 1790/2109 1803/2122 1769/2084 1764/2078 
f 1798/2117 1800/2119 1804/2123 1803/2122 
f 1803/2122 1804/2123 1770/2085 1769/2084 
f 1805/2124 1806/2125 1807/2126 1808/2127 
f 1808/2127 1807/2126 1809/2128 1810/2129 
f 1806/2125 1811/2130 1812/2131 1807/2126 
f 1807/2126 1812/2131 1813/2132 1809/2128 
f 1805/2124 1808/2127 1814/2133 1815/2134 
f 1815/2134 1814/2133 1309/1562 1305/1557 
f 1808/2127 1810/2129 1816/2135 1814/2133 
f 1814/2133 1816/2135 1267/1563 1309/1562 
f 1805/2124 1815/2134 1817/2136 1818/2137 
f 1818/2137 1817/2136 1784/2099 1778/2093 
f 1815/2134 1305/1557 1304/1556 1817/2136 
f 1817/2136 1304/1556 1307/1559 1784/2099 
f 1805/2124 1818/2137 1819/2138 1806/2125 
f 1806/2125 1819/2138 1820/2139 1811/2130 
f 1818/2137 1778/2093 1777/2092 1819/2138 
f 1819/2138 1777/2092 1781/2096 1820/2139 
f 1821/2140 1822/2141 1823/2142 1824/2143 
f 1824/2143 1823/2142 1317/1571 1316/1570 
f 1822/2141 1796/2115 1795/2114 1823/2142 
f 1823/2142 1795/2114 1318/1572 1317/1571 
f 1821/2140 1824/2143 1825/2144 1826/2145 
f 1826/2145 1825/2144 1827/2146 1828/2147 
f 1824/2143 1316/1570 1329/1583 1825/2144 
f 1825/2144 1329/1583 1278/1527 1827/2146 
f 1821/2140 1826/2145 1829/2148 1830/2149 
f 1830/2149 1829/2148 1831/2150 1832/2151 
f 1826/2145 1828/2147 1833/2152 1829/2148 
f 1829/2148 1833/2152 1834/2153 1831/2150 
f 1821/2140 1830/2149 1835/2154 1822/2141 
f 1822/2141 1835/2154 1801/2120 1796/2115 
f 1830/2149 1832/2151 1836/2155 1835/2154 
f 1835/2154 1836/2155 1802/2121 1801/2120 
f 1837/2156 1838/2157 1839/2158 1840/2159 
f 1840/2159 1839/2158 1841/2160 1842/2161 
f 1838/2157 1843/2162 1844/2163 1839/2158 
f 1839/2158 1844/2163 1845/2164 1841/2160 
f 1837/2156 1840/2159 1846/2165 1847/2166 
f 1847/2166 1846/2165 1269/2167 1265/2168 
f 1840/2159 1842/2161 1848/2169 1846/2165 
f 1846/2165 1848/2169 1220/2170 1269/2167 
f 1837/2156 1847/2166 1849/2171 1850/2172 
f 1850/2172 1849/2171 1816/2135 1810/2129 
f 1847/2166 1265/2168 1264/2173 1849/2171 
f 1849/2171 1264/2173 1267/1563 1816/2135 
f 1837/2156 1850/2172 1851/2174 1838/2157 
f 1838/2157 1851/2174 1852/2175 1843/2162 
f 1850/2172 1810/2129 1809/2128 1851/2174 
f 1851/2174 1809/2128 1813/2132 1852/2175 
f 1853/2176 1854/2177 1855/2178 1856/2179 
f 1856/2179 1855/2178 1277/1526 1276/1525 
f 1854/2177 1828/2147 1827/2146 1855/2178 
f 1855/2178 1827/2146 1278/1527 1277/1526 
f 1853/2176 1856/2179 1857/2180 1858/2181 
f 1858/2181 1857/2180 1859/2182 1860/2183 
f 1856/2179 1276/1525 1289/1538 1857/2180 
f 1857/2180 1289/1538 1233/1477 1859/2182 
f 1853/2176 1858/2181 1861/2184 1862/2185 
f 1862/2185 1861/2184 1863/2186 1864/2187 
f 1858/2181 1860/2183 1865/2188 1861/2184 
f 1861/2184 1865/2188 1866/2189 1863/2186 
f 1853/2176 1862/2185 1867/2190 1854/2177 
f 1854/2177 1867/2190 1833/2152 1828/2147 
f 1862/2185 1864/2187 1868/2191 1867/2190 
f 1867/2190 1868/2191 1834/2153 1833/2152 
f 1869/2192 1870/2193 1871/2194 1872/2195 
f 1872/2195 1871/2194 1873/2196 1874/2197 
f 1870/2193 1875/2198 1876/2199 1871/2194 
f 1871/2194 1876/2199 1877/2200 1873/2196 
f 1869/2192 1872/2195 1878/2201 1879/2202 
f 1879/2202 1878/2201 1223/2203 1218/2204 
f 1872/2195 1874/2197 1880/2205 1878/2201 
f 1878/2201 1880/2205 1224/2206 1223/2203 
f 1869/2192 1879/2202 1881/2207 1882/2208 
f 1882/2208 1881/2207 1848/2169 1842/2161 
f 1879/2202 1218/2204 1217/2209 1881/2207 
f 1881/2207 1217/2209 1220/2170 1848/2169 
f 1869/2192 1882/2208 1883/2210 1870/2193 
f 1870/2193 1883/2210 1884/2211 1875/2198 
f 1882/2208 1842/2161 1841/2160 1883/2210 
f 1883/2210 1841/2160 1845/2164 1884/2211 
f 1885/2212 1886/2213 1887/2214 1888/2215 
f 1888/2215 1887/2214 1232/2216 1231/2217 
f 1886/2213 1860/2218 1859/2219 1887/2214 
f 1887/2214 1859/2219 1233/2220 1232/2216 
f 1885/2212 1888/2215 1889/2221 1890/2222 
f 1890/2222 1889/2221 1891/2223 1892/2224 
f 1888/2215 1231/2217 1247/2225 1889/2221 
f 1889/2221 1247/2225 1249/2226 1891/2223 
f 1885/2212 1890/2222 1893/2227 1894/2228 
f 1894/2228 1893/2227 1895/2229 1896/2230 
f 1890/2222 1892/2224 1897/2231 1893/2227 
f 1893/2227 1897/2231 1898/2232 1895/2229 
f 1885/2212 1894/2228 1899/2233 1886/2213 
f 1886/2213 1899/2233 1865/2234 1860/2218 
f 1894/2228 1896/2230 1900/2235 1899/2233 
f 1899/2233 1900/2235 1866/2236 1865/2234 
f 1901/2237 1902/2238 1903/2239 1904/2240 
f 1904/2240 1903/2239 1905/2241 1906/2242 
f 1902/2238 1874/2197 1873/2196 1903/2239 
f 1903/2239 1873/2196 1877/2200 1905/2241 
f 1901/2237 1904/2240 1907/2243 1908/2244 
f 1908/2244 1907/2243 1909/2245 1910/2246 
f 1904/2240 1906/2242 1911/2247 1907/2243 
f 1907/2243 1911/2247 1912/2248 1909/2245 
f 1901/2237 1908/2244 1913/2249 1914/2250 
f 1914/2250 1913/2249 1915/2251 1916/2252 
f 1908/2244 1910/2246 1917/2253 1913/2249 
f 1913/2249 1917/2253 1918/2254 1915/2251 
f 1901/2237 1914/2250 1919/2255 1902/2238 
f 1902/2238 1919/2255 1880/2205 1874/2197 
f 1914/2250 1916/2252 1920/2256 1919/2255 
f 1919/2255 1920/2256 1224/2206 1880/2205 
f 1921/2257 1922/2258 1923/2259 1924/2260 
f 1924/2260 1923/2259 1925/2261 1926/2262 
f 1922/2258 1927/2263 1928/2264 1923/2259 
f 1923/2259 1928/2264 1918/2254 1925/2261 
f 1921/2257 1924/2260 1929/2265 1930/2266 
f 1930/2266 1929/2265 1931/2267 1932/2268 
f 1924/2260 1926/2262 1933/2269 1929/2265 
f 1929/2265 1933/2269 1934/2270 1931/2267 
f 1921/2257 1930/2266 1935/2271 1936/2272 
f 1936/2272 1935/2271 1897/2231 1892/2224 
f 1930/2266 1932/2268 1937/2273 1935/2271 
f 1935/2271 1937/2273 1898/2232 1897/2231 
f 1921/2257 1936/2272 1938/2274 1922/2258 
f 1922/2258 1938/2274 1939/2275 1927/2263 
f 1936/2272 1892/2224 1891/2223 1938/2274 
f 1938/2274 1891/2223 1249/2226 1939/2275 
f 1940/2276 1941/2277 1942/2278 1943/2279 
f 1943/2279 1942/2278 1612/1886 1611/1885 
f 1941/2277 1944/2280 1945/2281 1942/2278 
f 1942/2278 1945/2281 1613/1887 1612/1886 
f 1940/2276 1943/2279 1946/2282 1947/2283 
f 1947/2283 1946/2282 1589/2284 1585/2285 
f 1943/2279 1611/1885 1624/1900 1946/2282 
f 1946/2282 1624/1900 1547/1902 1589/2284 
f 1940/2276 1947/2283 1948/2286 1949/2287 
f 1949/2287 1948/2286 1950/2288 1951/2289 
f 1947/2283 1585/2285 1584/2290 1948/2286 
f 1948/2286 1584/2290 1587/2291 1950/2288 
f 1940/2276 1949/2287 1952/2292 1941/2277 
f 1941/2277 1952/2292 1953/2293 1944/2280 
f 1949/2287 1951/2289 1954/2294 1952/2292 
f 1952/2292 1954/2294 1955/2295 1953/2293 
f 1956/2296 1957/2297 1958/2298 1959/2299 
f 1959/2299 1958/2298 1595/2300 1594/2301 
f 1957/2297 1960/2302 1961/2303 1958/2298 
f 1958/2298 1961/2303 1587/2304 1595/2300 
f 1956/2296 1959/2299 1962/2305 1963/2306 
f 1963/2306 1962/2305 1644/1926 1640/1921 
f 1959/2299 1594/2301 1604/2307 1962/2305 
f 1962/2305 1604/2307 1558/1927 1644/1926 
f 1956/2296 1963/2306 1964/2308 1965/2309 
f 1965/2309 1964/2308 1966/2310 1967/2311 
f 1963/2306 1640/1921 1639/1920 1964/2308 
f 1964/2308 1639/1920 1642/1923 1966/2310 
f 1956/2296 1965/2309 1968/2312 1957/2297 
f 1957/2297 1968/2312 1969/2313 1960/2302 
f 1965/2309 1967/2311 1970/2314 1968/2312 
f 1968/2312 1970/2314 1971/2315 1969/2313 
f 1972/2316 1973/2317 1974/2318 1975/2319 
f 1975/2319 1974/2318 1954/2294 1951/2289 
f 1973/2317 1976/2320 1977/2321 1974/2318 
f 1974/2318 1977/2321 1955/2295 1954/2294 
f 1972/2316 1975/2319 1978/2322 1979/2323 
f 1979/2323 1978/2322 1980/2324 1981/2325 
f 1975/2319 1951/2289 1950/2288 1978/2322 
f 1978/2322 1950/2288 1587/2291 1980/2324 
f 1972/2316 1979/2323 1982/2326 1983/2327 
f 1983/2327 1982/2326 1984/2328 1985/2329 
f 1979/2323 1981/2325 1986/2330 1982/2326 
f 1982/2326 1986/2330 1987/2331 1984/2328 
f 1972/2316 1983/2327 1988/2332 1973/2317 
f 1973/2317 1988/2332 1989/2333 1976/2320 
f 1983/2327 1985/2329 1990/2334 1988/2332 
f 1988/2332 1990/2334 1991/2335 1989/2333 
f 1992/2336 1993/2337 1994/2338 1995/2339 
f 1995/2339 1994/2338 1986/2340 1981/2341 
f 1993/2337 1996/2342 1997/2343 1994/2338 
f 1994/2338 1997/2343 1987/2344 1986/2340 
f 1992/2336 1995/2339 1998/2345 1999/2346 
f 1999/2346 1998/2345 1961/2303 1960/2302 
f 1995/2339 1981/2341 1980/2347 1998/2345 
f 1998/2345 1980/2347 1587/2304 1961/2303 
f 1992/2336 1999/2346 2000/2348 2001/2349 
f 2001/2349 2000/2348 2002/2350 2003/2351 
f 1999/2346 1960/2302 1969/2313 2000/2348 
f 2000/2348 1969/2313 1971/2315 2002/2350 
f 1992/2336 2001/2349 2004/2352 1993/2337 
f 1993/2337 2004/2352 2005/2353 1996/2342 
f 2001/2349 2003/2351 2006/2354 2004/2352 
f 2004/2352 2006/2354 2007/2355 2005/2353 
f 2008/2356 2009/2357 2010/2358 2011/2359 
f 2011/2359 2010/2358 1917/2253 1910/2246 
f 2009/2357 2012/2360 2013/2361 2010/2358 
f 2010/2358 2013/2361 1918/2254 1917/2253 
f 2008/2356 2011/2359 2014/2362 2015/2363 
f 2015/2363 2014/2362 2016/2364 2017/2365 
f 2011/2359 1910/2246 1909/2245 2014/2362 
f 2014/2362 1909/2245 1912/2248 2016/2364 
f 2008/2356 2015/2363 2018/2366 2019/2367 
f 2019/2367 2018/2366 1990/2334 1985/2329 
f 2015/2363 2017/2365 2020/2368 2018/2366 
f 2018/2366 2020/2368 1991/2335 1990/2334 
f 2008/2356 2019/2367 2021/2369 2009/2357 
f 2009/2357 2021/2369 2022/2370 2012/2360 
f 2019/2367 1985/2329 1984/2328 2021/2369 
f 2021/2369 1984/2328 1987/2331 2022/2370 
f 2023/2371 2024/2372 2025/2373 2026/2374 
f 2026/2374 2025/2373 2027/2375 2028/2376 
f 2024/2372 1996/2377 2005/2378 2025/2373 
f 2025/2373 2005/2378 2007/2379 2027/2375 
f 2023/2371 2026/2374 2029/2380 2030/2381 
f 2030/2381 2029/2380 1933/2269 1926/2262 
f 2026/2374 2028/2376 2031/2382 2029/2380 
f 2029/2380 2031/2382 1934/2270 1933/2269 
f 2023/2371 2030/2381 2032/2383 2033/2384 
f 2033/2384 2032/2383 2013/2361 2012/2360 
f 2030/2381 1926/2262 1925/2261 2032/2383 
f 2032/2383 1925/2261 1918/2254 2013/2361 
f 2023/2371 2033/2384 2034/2385 2024/2372 
f 2024/2372 2034/2385 1997/2386 1996/2377 
f 2033/2384 2012/2360 2022/2370 2034/2385 
f 2034/2385 2022/2370 1987/2331 1997/2386 
f 2035/2387 2036/2388 2037/2389 2038/2390 
f 2038/2390 2037/2389 2039/2391 2040/2392 
f 2036/2388 2041/2393 2042/2394 2037/2389 
f 2037/2389 2042/2394 2043/2395 2039/2391 
f 2035/2387 2038/2390 2044/2396 2045/2397 
f 2045/2397 2044/2396 2046/2398 2047/2399 
f 2038/2390 2040/2392 2048/2400 2044/2396 
f 2044/2396 2048/2400 2049/2401 2046/2398 
f 2035/2387 2045/2397 2050/2402 2051/2403 
f 2051/2403 2050/2402 1014/1248 1007/1241 
f 2045/2397 2047/2399 2052/2404 2050/2402 
f 2050/2402 2052/2404 1015/1249 1014/1248 
f 2035/2387 2051/2403 2053/2405 2036/2388 
f 2036/2388 2053/2405 2054/2406 2041/2393 
f 2051/2403 1007/1241 1006/1240 2053/2405 
f 2053/2405 1006/1240 1009/1243 2054/2406 
f 2055/2407 2056/2408 2057/2409 2058/2410 
f 2058/2410 2057/2409 2052/2404 2047/2399 
f 2056/2408 1025/1259 1024/1258 2057/2409 
f 2057/2409 1024/1258 1015/1249 2052/2404 
f 2055/2407 2058/2410 2059/2411 2060/2412 
f 2060/2412 2059/2411 2061/2413 2062/2414 
f 2058/2410 2047/2399 2046/2398 2059/2411 
f 2059/2411 2046/2398 2049/2401 2061/2413 
f 2055/2407 2060/2412 2063/2415 2064/2416 
f 2064/2416 2063/2415 2065/2417 2066/2418 
f 2060/2412 2062/2414 2067/2419 2063/2415 
f 2063/2415 2067/2419 2068/2420 2065/2417 
f 2055/2407 2064/2416 2069/2421 2056/2408 
f 2056/2408 2069/2421 1030/1264 1025/1259 
f 2064/2416 2066/2418 2070/2422 2069/2421 
f 2069/2421 2070/2422 1031/1265 1030/1264 
f 2071/2423 2072/2424 2073/2425 2074/2426 
f 2074/2426 2073/2425 2075/2427 2076/2428 
f 2072/2424 2077/2429 2078/2430 2073/2425 
f 2073/2425 2078/2430 2079/2431 2075/2427 
f 2071/2423 2074/2426 2080/2432 2081/2433 
f 2081/2433 2080/2432 2042/2394 2041/2393 
f 2074/2426 2076/2428 2082/2434 2080/2432 
f 2080/2432 2082/2434 2043/2395 2042/2394 
f 2071/2423 2081/2433 2083/2435 2084/2436 
f 2084/2436 2083/2435 1057/1291 1052/1286 
f 2081/2433 2041/2393 2054/2406 2083/2435 
f 2083/2435 2054/2406 1009/1243 1057/1291 
f 2071/2423 2084/2436 2085/2437 2072/2424 
f 2072/2424 2085/2437 2086/2438 2077/2429 
f 2084/2436 1052/1286 1051/1285 2085/2437 
f 2085/2437 1051/1285 1054/1288 2086/2438 
f 2087/2439 2088/2440 2089/2441 2090/2442 
f 2090/2442 2089/2441 2070/2422 2066/2418 
f 2088/2440 1065/1299 1064/1298 2089/2441 
f 2089/2441 1064/1298 1031/1265 2070/2422 
f 2087/2439 2090/2442 2091/2443 2092/2444 
f 2092/2444 2091/2443 2093/2445 2094/2446 
f 2090/2442 2066/2418 2065/2417 2091/2443 
f 2091/2443 2065/2417 2068/2420 2093/2445 
f 2087/2439 2092/2444 2095/2447 2096/2448 
f 2096/2448 2095/2447 2097/2449 2098/2450 
f 2092/2444 2094/2446 2099/2451 2095/2447 
f 2095/2447 2099/2451 2100/2452 2097/2449 
f 2087/2439 2096/2448 2101/2453 2088/2440 
f 2088/2440 2101/2453 1070/1304 1065/1299 
f 2096/2448 2098/2450 2102/2454 2101/2453 
f 2101/2453 2102/2454 1071/1305 1070/1304 
f 2103/2455 2104/2456 2105/2457 2106/2458 
f 2106/2458 2105/2457 2107/2459 2108/2460 
f 2104/2456 2109/2461 2110/2462 2105/2457 
f 2105/2457 2110/2462 2111/2463 2107/2459 
f 2103/2455 2106/2458 2112/2464 2113/2465 
f 2113/2465 2112/2464 2078/2466 2077/2467 
f 2106/2458 2108/2460 2114/2468 2112/2464 
f 2112/2464 2114/2468 2079/2469 2078/2466 
f 2103/2455 2113/2465 2115/2470 2116/2471 
f 2116/2471 2115/2470 1097/1333 1092/1326 
f 2113/2465 2077/2467 2086/2472 2115/2470 
f 2115/2470 2086/2472 1054/1334 1097/1333 
f 2103/2455 2116/2471 2117/2473 2104/2456 
f 2104/2456 2117/2473 2118/2474 2109/2461 
f 2116/2471 1092/1326 1091/1325 2117/2473 
f 2117/2473 1091/1325 1094/1328 2118/2474 
f 2119/2475 2120/2476 2121/2477 2122/2478 
f 2122/2478 2121/2477 2102/2454 2098/2450 
f 2120/2476 1105/1344 1104/1343 2121/2477 
f 2121/2477 1104/1343 1071/1305 2102/2454 
f 2119/2475 2122/2478 2123/2479 2124/2480 
f 2124/2480 2123/2479 2125/2481 2126/2482 
f 2122/2478 2098/2450 2097/2449 2123/2479 
f 2123/2479 2097/2449 2100/2452 2125/2481 
f 2119/2475 2124/2480 2127/2483 2128/2484 
f 2128/2484 2127/2483 2129/2485 2130/2486 
f 2124/2480 2126/2482 2131/2487 2127/2483 
f 2127/2483 2131/2487 2132/2488 2129/2485 
f 2119/2475 2128/2484 2133/2489 2120/2476 
f 2120/2476 2133/2489 1110/1349 1105/1344 
f 2128/2484 2130/2486 2134/2490 2133/2489 
f 2133/2489 2134/2490 1111/1350 1110/1349 
f 2135/2491 2136/2492 2137/2493 2138/2494 
f 2138/2494 2137/2493 2139/2495 2140/2496 
f 2136/2492 1172/1411 1171/1410 2137/2493 
f 2137/2493 1171/1410 1174/1413 2139/2495 
f 2135/2491 2138/2494 2141/2497 2142/2498 
f 2142/2498 2141/2497 2143/2499 2144/2500 
f 2138/2494 2140/2496 2145/2501 2141/2497 
f 2141/2497 2145/2501 2146/2502 2143/2499 
f 2135/2491 2142/2498 2147/2503 2148/2504 
f 2148/2504 2147/2503 2149/2505 2150/2506 
f 2142/2498 2144/2500 2151/2507 2147/2503 
f 2147/2503 2151/2507 2152/2508 2149/2505 
f 2135/2491 2148/2504 2153/2509 2136/2492 
f 2136/2492 2153/2509 1177/1416 1172/1411 
f 2148/2504 2150/2506 2154/2510 2153/2509 
f 2153/2509 2154/2510 1134/1373 1177/1416 
f 2155/2511 2156/2512 2157/2513 2158/2514 
f 2158/2514 2157/2513 2159/2515 2160/2516 
f 2156/2512 2161/2517 2162/2518 2157/2513 
f 2157/2513 2162/2518 2163/2519 2159/2515 
f 2155/2511 2158/2514 2164/2520 2165/2521 
f 2165/2521 2164/2520 2166/2522 2167/2523 
f 2158/2514 2160/2516 2168/2524 2164/2520 
f 2164/2520 2168/2524 2169/2525 2166/2522 
f 2155/2511 2165/2521 2170/2526 2171/2527 
f 2171/2527 2170/2526 1190/2528 1185/2529 
f 2165/2521 2167/2523 2172/2530 2170/2526 
f 2170/2526 2172/2530 1191/2531 1190/2528 
f 2155/2511 2171/2527 2173/2532 2156/2512 
f 2156/2512 2173/2532 2174/2533 2161/2517 
f 2171/2527 1185/2529 1184/2534 2173/2532 
f 2173/2532 1184/2534 1151/2535 2174/2533 
f 2175/2536 2176/2537 2177/2538 2178/2539 
f 2178/2539 2177/2538 2110/2462 2109/2461 
f 2176/2537 2179/2540 2180/2541 2177/2538 
f 2177/2538 2180/2541 2111/2463 2110/2462 
f 2175/2536 2178/2539 2181/2542 2182/2543 
f 2182/2543 2181/2542 1137/1376 1132/1371 
f 2178/2539 2109/2461 2118/2474 2181/2542 
f 2181/2542 2118/2474 1094/1328 1137/1376 
f 2175/2536 2182/2543 2183/2544 2184/2545 
f 2184/2545 2183/2544 2154/2510 2150/2506 
f 2182/2543 1132/1371 1131/1370 2183/2544 
f 2183/2544 1131/1370 1134/1373 2154/2510 
f 2175/2536 2184/2545 2185/2546 2176/2537 
f 2176/2537 2185/2546 2186/2547 2179/2540 
f 2184/2545 2150/2506 2149/2505 2185/2546 
f 2185/2546 2149/2505 2152/2508 2186/2547 
f 2187/2548 2188/2549 2189/2550 2190/2551 
f 2190/2551 2189/2550 1150/1389 1145/1384 
f 2188/2549 2161/2552 2174/2553 2189/2550 
f 2189/2550 2174/2553 1151/1390 1150/1389 
f 2187/2548 2190/2551 2191/2554 2192/2555 
f 2192/2555 2191/2554 2134/2490 2130/2486 
f 2190/2551 1145/1384 1144/1383 2191/2554 
f 2191/2554 1144/1383 1111/1350 2134/2490 
f 2187/2548 2192/2555 2193/2556 2194/2557 
f 2194/2557 2193/2556 2195/2558 2196/2559 
f 2192/2555 2130/2486 2129/2485 2193/2556 
f 2193/2556 2129/2485 2132/2488 2195/2558 
f 2187/2548 2194/2557 2197/2560 2188/2549 
f 2188/2549 2197/2560 2162/2561 2161/2552 
f 2194/2557 2196/2559 2198/2562 2197/2560 
f 2197/2560 2198/2562 2163/2563 2162/2561 
f 2199/2564 2200/2565 2201/2566 2202/2567 
f 2202/2567 2201/2566 2203/2568 2204/2569 
f 2200/2565 2205/2570 2206/2571 2201/2566 
f 2201/2566 2206/2571 2207/2572 2203/2568 
f 2199/2564 2202/2567 2208/2573 2209/2574 
f 2209/2574 2208/2573 2210/2575 2211/2576 
f 2202/2567 2204/2569 2212/2577 2208/2573 
f 2208/2573 2212/2577 2213/2578 2210/2575 
f 2199/2564 2209/2574 2214/2579 2215/2580 
f 2215/2580 2214/2579 2216/2581 2217/2582 
f 2209/2574 2211/2576 2218/2583 2214/2579 
f 2214/2579 2218/2583 2219/2584 2216/2581 
f 2199/2564 2215/2580 2220/2585 2200/2565 
f 2200/2565 2220/2585 2221/2586 2205/2570 
f 2215/2580 2217/2582 2222/2587 2220/2585 
f 2220/2585 2222/2587 2146/2502 2221/2586 
f 2223/2588 2224/2589 2225/2590 2226/2591 
f 2226/2591 2225/2590 2218/2583 2211/2576 
f 2224/2589 2227/2592 2228/2593 2225/2590 
f 2225/2590 2228/2593 2219/2584 2218/2583 
f 2223/2588 2226/2591 2229/2594 2230/2595 
f 2230/2595 2229/2594 2231/2596 2232/2597 
f 2226/2591 2211/2576 2210/2575 2229/2594 
f 2229/2594 2210/2575 2213/2578 2231/2596 
f 2223/2588 2230/2595 2233/2598 2234/2599 
f 2234/2599 2233/2598 2235/2600 2236/2601 
f 2230/2595 2232/2597 2237/2602 2233/2598 
f 2233/2598 2237/2602 2238/2603 2235/2600 
f 2223/2588 2234/2599 2239/2604 2224/2589 
f 2224/2589 2239/2604 2240/2605 2227/2592 
f 2234/2599 2236/2601 2241/2606 2239/2604 
f 2239/2604 2241/2606 2169/2525 2240/2605 
f 2242/2607 2243/2608 2244/2609 2245/2610 
f 2245/2610 2244/2609 2151/2507 2144/2500 
f 2243/2608 2246/2611 2247/2612 2244/2609 
f 2244/2609 2247/2612 2152/2508 2151/2507 
f 2242/2607 2245/2610 2248/2613 2249/2614 
f 2249/2614 2248/2613 2222/2587 2217/2582 
f 2245/2610 2144/2500 2143/2499 2248/2613 
f 2248/2613 2143/2499 2146/2502 2222/2587 
f 2242/2607 2249/2614 2250/2615 2251/2616 
f 2251/2616 2250/2615 2252/2617 2253/2618 
f 2249/2614 2217/2582 2216/2581 2250/2615 
f 2250/2615 2216/2581 2219/2584 2252/2617 
f 2242/2607 2251/2616 2254/2619 2243/2608 
f 2243/2608 2254/2619 2255/2620 2246/2611 
f 2251/2616 2253/2618 2256/2621 2254/2619 
f 2254/2619 2256/2621 2257/2622 2255/2620 
f 2258/2623 2259/2624 2260/2625 2261/2626 
f 2261/2626 2260/2625 2228/2593 2227/2592 
f 2259/2624 2253/2618 2252/2617 2260/2625 
f 2260/2625 2252/2617 2219/2584 2228/2593 
f 2258/2623 2261/2626 2262/2627 2263/2628 
f 2263/2628 2262/2627 2168/2524 2160/2516 
f 2261/2626 2227/2592 2240/2605 2262/2627 
f 2262/2627 2240/2605 2169/2525 2168/2524 
f 2258/2623 2263/2628 2264/2629 2265/2630 
f 2265/2630 2264/2629 2266/2631 2267/2632 
f 2263/2628 2160/2516 2159/2515 2264/2629 
f 2264/2629 2159/2515 2163/2519 2266/2631 
f 2258/2623 2265/2630 2268/2633 2259/2624 
f 2259/2624 2268/2633 2256/2621 2253/2618 
f 2265/2630 2267/2632 2269/2634 2268/2633 
f 2268/2633 2269/2634 2257/2622 2256/2621 
f 2270/2635 2271/2636 2272/2637 2273/2638 
f 2273/2638 2272/2637 2274/2639 2275/2640 
f 2271/2636 2276/2641 2277/2642 2272/2637 
f 2272/2637 2277/2642 2278/2643 2274/2639 
f 2270/2635 2273/2638 2279/2644 2280/2645 
f 2280/2645 2279/2644 2180/2541 2179/2540 
f 2273/2638 2275/2640 2281/2646 2279/2644 
f 2279/2644 2281/2646 2111/2463 2180/2541 
f 2270/2635 2280/2645 2282/2647 2283/2648 
f 2283/2648 2282/2647 2247/2612 2246/2611 
f 2280/2645 2179/2540 2186/2547 2282/2647 
f 2282/2647 2186/2547 2152/2508 2247/2612 
f 2270/2635 2283/2648 2284/2649 2271/2636 
f 2271/2636 2284/2649 2285/2650 2276/2641 
f 2283/2648 2246/2611 2255/2620 2284/2649 
f 2284/2649 2255/2620 2257/2622 2285/2650 
f 2286/2651 2287/2652 2288/2653 2289/2654 
f 2289/2654 2288/2653 2198/2655 2196/2656 
f 2287/2652 2267/2632 2266/2631 2288/2653 
f 2288/2653 2266/2631 2163/2519 2198/2655 
f 2286/2651 2289/2654 2290/2657 2291/2658 
f 2291/2658 2290/2657 2292/2659 2293/2660 
f 2289/2654 2196/2656 2195/2661 2290/2657 
f 2290/2657 2195/2661 2132/2662 2292/2659 
f 2286/2651 2291/2658 2294/2663 2295/2664 
f 2295/2664 2294/2663 2277/2642 2276/2641 
f 2291/2658 2293/2660 2296/2665 2294/2663 
f 2294/2663 2296/2665 2278/2643 2277/2642 
f 2286/2651 2295/2664 2297/2666 2287/2652 
f 2287/2652 2297/2666 2269/2634 2267/2632 
f 2295/2664 2276/2641 2285/2650 2297/2666 
f 2297/2666 2285/2650 2257/2622 2269/2634 
f 2298/2667 2299/2668 2300/2669 2301/2670 
f 2301/2670 2300/2669 2302/2671 2303/2672 
f 2299/2668 2304/2673 2305/2674 2300/2669 
f 2300/2669 2305/2674 2306/2675 2302/2671 
f 2298/2667 2301/2670 2307/2676 2308/2677 
f 2308/2677 2307/2676 2309/2678 2310/2679 
f 2301/2670 2303/2672 2311/2680 2307/2676 
f 2307/2676 2311/2680 2312/2681 2309/2678 
f 2298/2667 2308/2677 2313/2682 2314/2683 
f 2314/2683 2313/2682 2315/2684 2316/2685 
f 2308/2677 2310/2679 2317/2686 2313/2682 
f 2313/2682 2317/2686 2318/2687 2315/2684 
f 2298/2667 2314/2683 2319/2688 2299/2668 
f 2299/2668 2319/2688 2320/2689 2304/2673 
f 2314/2683 2316/2685 2321/2690 2319/2688 
f 2319/2688 2321/2690 2207/2691 2320/2689 
f 2322/2692 2323/2693 2324/2694 2325/2695 
f 2325/2695 2324/2694 2326/2696 2327/2697 
f 2323/2693 2328/2698 2329/2699 2324/2694 
f 2324/2694 2329/2699 2330/2700 2326/2696 
f 2322/2692 2325/2695 2331/2701 2332/2702 
f 2332/2702 2331/2701 2333/2703 2334/2704 
f 2325/2695 2327/2697 2335/2705 2331/2701 
f 2331/2701 2335/2705 2336/2706 2333/2703 
f 2322/2692 2332/2702 2337/2707 2338/2708 
f 2338/2708 2337/2707 2339/2709 2340/2710 
f 2332/2702 2334/2704 2341/2711 2337/2707 
f 2337/2707 2341/2711 2342/2712 2339/2709 
f 2322/2692 2338/2708 2343/2713 2323/2693 
f 2323/2693 2343/2713 2344/2714 2328/2698 
f 2338/2708 2340/2710 2345/2715 2343/2713 
f 2343/2713 2345/2715 2238/2716 2344/2714 
f 2346/2717 2347/2718 2348/2719 2349/2720 
f 2349/2720 2348/2719 2350/2721 2351/2722 
f 2347/2718 2352/2723 2353/2724 2348/2719 
f 2348/2719 2353/2724 2354/2725 2350/2721 
f 2346/2717 2349/2720 2355/2726 2356/2727 
f 2356/2727 2355/2726 2357/2728 2358/2729 
f 2349/2720 2351/2722 2359/2730 2355/2726 
f 2355/2726 2359/2730 2360/2731 2357/2728 
f 2346/2717 2356/2727 2361/2732 2362/2733 
f 2362/2733 2361/2732 2311/2734 2303/2735 
f 2356/2727 2358/2729 2363/2736 2361/2732 
f 2361/2732 2363/2736 2312/2737 2311/2734 
f 2346/2717 2362/2733 2364/2738 2347/2718 
f 2347/2718 2364/2738 2365/2739 2352/2723 
f 2362/2733 2303/2735 2302/2740 2364/2738 
f 2364/2738 2302/2740 2306/2741 2365/2739 
f 2366/2742 2367/2743 2368/2744 2369/2745 
f 2369/2745 2368/2744 2370/2746 2371/2747 
f 2367/2743 2334/2748 2333/2749 2368/2744 
f 2368/2744 2333/2749 2336/2750 2370/2746 
f 2366/2742 2369/2745 2372/2751 2373/2752 
f 2373/2752 2372/2751 2374/2753 2375/2754 
f 2369/2745 2371/2747 2376/2755 2372/2751 
f 2372/2751 2376/2755 2377/2756 2374/2753 
f 2366/2742 2373/2752 2378/2757 2379/2758 
f 2379/2758 2378/2757 2380/2759 2381/2760 
f 2373/2752 2375/2754 2382/2761 2378/2757 
f 2378/2757 2382/2761 2383/2762 2380/2759 
f 2366/2742 2379/2758 2384/2763 2367/2743 
f 2367/2743 2384/2763 2341/2764 2334/2748 
f 2379/2758 2381/2760 2385/2765 2384/2763 
f 2384/2763 2385/2765 2342/2766 2341/2764 
f 2386/2767 2387/2768 2388/2769 2389/2770 
f 2389/2770 2388/2769 2390/2771 2391/2772 
f 2387/2768 2392/2773 2393/2774 2388/2769 
f 2388/2769 2393/2774 2394/2775 2390/2771 
f 2386/2767 2389/2770 2395/2776 2396/2777 
f 2396/2777 2395/2776 2397/2778 2398/2779 
f 2389/2770 2391/2772 2399/2780 2395/2776 
f 2395/2776 2399/2780 2400/2781 2397/2778 
f 2386/2767 2396/2777 2401/2782 2402/2783 
f 2402/2783 2401/2782 2359/2730 2351/2722 
f 2396/2777 2398/2779 2403/2784 2401/2782 
f 2401/2782 2403/2784 2360/2731 2359/2730 
f 2386/2767 2402/2783 2404/2785 2387/2768 
f 2387/2768 2404/2785 2405/2786 2392/2773 
f 2402/2783 2351/2722 2350/2721 2404/2785 
f 2404/2785 2350/2721 2354/2725 2405/2786 
f 2406/2787 2407/2788 2408/2789 2409/2790 
f 2409/2790 2408/2789 2410/2791 2411/2792 
f 2407/2788 2375/2793 2374/2794 2408/2789 
f 2408/2789 2374/2794 2377/2795 2410/2791 
f 2406/2787 2409/2790 2412/2796 2413/2797 
f 2413/2797 2412/2796 2414/2798 2415/2799 
f 2409/2790 2411/2792 2416/2800 2412/2796 
f 2412/2796 2416/2800 2417/2801 2414/2798 
f 2406/2787 2413/2797 2418/2802 2419/2803 
f 2419/2803 2418/2802 2420/2804 2421/2805 
f 2413/2797 2415/2799 2422/2806 2418/2802 
f 2418/2802 2422/2806 2394/2807 2420/2804 
f 2406/2787 2419/2803 2423/2808 2407/2788 
f 2407/2788 2423/2808 2382/2809 2375/2793 
f 2419/2803 2421/2805 2424/2810 2423/2808 
f 2423/2808 2424/2810 2383/2811 2382/2809 
f 2425/2812 2426/2813 2427/2814 2428/2815 
f 2428/2815 2427/2814 2429/2816 2430/2817 
f 2426/2813 2431/2818 2432/2819 2427/2814 
f 2427/2814 2432/2819 2433/2820 2429/2816 
f 2425/2812 2428/2815 2434/2821 2435/2822 
f 2435/2822 2434/2821 2436/2823 2437/2824 
f 2428/2815 2430/2817 2438/2825 2434/2821 
f 2434/2821 2438/2825 2439/2826 2436/2823 
f 2425/2812 2435/2822 2440/2827 2441/2828 
f 2441/2828 2440/2827 2399/2829 2391/2830 
f 2435/2822 2437/2824 2442/2831 2440/2827 
f 2440/2827 2442/2831 2400/2832 2399/2829 
f 2425/2812 2441/2828 2443/2833 2426/2813 
f 2426/2813 2443/2833 2444/2834 2431/2818 
f 2441/2828 2391/2830 2390/2835 2443/2833 
f 2443/2833 2390/2835 2394/2836 2444/2834 
f 2445/2837 2446/2838 2447/2839 2448/2840 
f 2448/2840 2447/2839 2449/2841 2450/2842 
f 2446/2838 2415/2843 2414/2844 2447/2839 
f 2447/2839 2414/2844 2417/2845 2449/2841 
f 2445/2837 2448/2840 2451/2846 2452/2847 
f 2452/2847 2451/2846 2438/2848 2430/2849 
f 2448/2840 2450/2842 2453/2850 2451/2846 
f 2451/2846 2453/2850 2439/2851 2438/2848 
f 2445/2837 2452/2847 2454/2852 2455/2853 
f 2455/2853 2454/2852 2432/2854 2431/2855 
f 2452/2847 2430/2849 2429/2856 2454/2852 
f 2454/2852 2429/2856 2433/2857 2432/2854 
f 2445/2837 2455/2853 2456/2858 2446/2838 
f 2446/2838 2456/2858 2422/2859 2415/2843 
f 2455/2853 2431/2855 2444/2860 2456/2858 
f 2456/2858 2444/2860 2394/2861 2422/2859 
f 2457/2862 2458/2863 2459/2864 2460/2865 
f 2460/2865 2459/2864 2212/2866 2204/2867 
f 2458/2863 2461/2868 2462/2869 2459/2864 
f 2459/2864 2462/2869 2213/2870 2212/2866 
f 2457/2862 2460/2865 2463/2871 2464/2872 
f 2464/2872 2463/2871 2321/2690 2316/2685 
f 2460/2865 2204/2867 2203/2873 2463/2871 
f 2463/2871 2203/2873 2207/2691 2321/2690 
f 2457/2862 2464/2872 2465/2874 2466/2875 
f 2466/2875 2465/2874 2467/2876 2468/2877 
f 2464/2872 2316/2685 2315/2684 2465/2874 
f 2465/2874 2315/2684 2318/2687 2467/2876 
f 2457/2862 2466/2875 2469/2878 2458/2863 
f 2458/2863 2469/2878 2470/2879 2461/2868 
f 2466/2875 2468/2877 2471/2880 2469/2878 
f 2469/2878 2471/2880 2472/2881 2470/2879 
f 2473/2882 2474/2883 2475/2884 2476/2885 
f 2476/2885 2475/2884 2329/2699 2328/2698 
f 2474/2883 2477/2886 2478/2887 2475/2884 
f 2475/2884 2478/2887 2330/2700 2329/2699 
f 2473/2882 2476/2885 2479/2888 2480/2889 
f 2480/2889 2479/2888 2237/2890 2232/2891 
f 2476/2885 2328/2698 2344/2714 2479/2888 
f 2479/2888 2344/2714 2238/2716 2237/2890 
f 2473/2882 2480/2889 2481/2892 2482/2893 
f 2482/2893 2481/2892 2462/2894 2461/2895 
f 2480/2889 2232/2891 2231/2896 2481/2892 
f 2481/2892 2231/2896 2213/2897 2462/2894 
f 2473/2882 2482/2893 2483/2898 2474/2883 
f 2474/2883 2483/2898 2484/2899 2477/2886 
f 2482/2893 2461/2895 2470/2900 2483/2898 
f 2483/2898 2470/2900 2472/2901 2484/2899 
f 2485/2902 2486/2903 2487/2904 2488/2905 
f 2488/2905 2487/2904 2471/2906 2468/2907 
f 2486/2903 2489/2908 2490/2909 2487/2904 
f 2487/2904 2490/2909 2472/2901 2471/2906 
f 2485/2902 2488/2905 2491/2910 2492/2911 
f 2492/2911 2491/2910 2493/2912 2494/2913 
f 2488/2905 2468/2907 2467/2914 2491/2910 
f 2491/2910 2467/2914 2318/2915 2493/2912 
f 2485/2902 2492/2911 2495/2916 2496/2917 
f 2496/2917 2495/2916 2497/2918 2498/2919 
f 2492/2911 2494/2913 2499/2920 2495/2916 
f 2495/2916 2499/2920 2500/2921 2497/2918 
f 2485/2902 2496/2917 2501/2922 2486/2903 
f 2486/2903 2501/2922 2502/2923 2489/2908 
f 2496/2917 2498/2919 2503/2924 2501/2922 
f 2501/2922 2503/2924 2504/2925 2502/2923 
f 2505/2926 2506/2927 2507/2928 2508/2929 
f 2508/2929 2507/2928 2509/2930 2510/2931 
f 2506/2927 2511/2932 2512/2933 2507/2928 
f 2507/2928 2512/2933 2513/2934 2509/2930 
f 2505/2926 2508/2929 2514/2935 2515/2936 
f 2515/2936 2514/2935 2478/2887 2477/2886 
f 2508/2929 2510/2931 2516/2937 2514/2935 
f 2514/2935 2516/2937 2330/2700 2478/2887 
f 2505/2926 2515/2936 2517/2938 2518/2939 
f 2518/2939 2517/2938 2490/2909 2489/2908 
f 2515/2936 2477/2886 2484/2899 2517/2938 
f 2517/2938 2484/2899 2472/2901 2490/2909 
f 2505/2926 2518/2939 2519/2940 2506/2927 
f 2506/2927 2519/2940 2520/2941 2511/2932 
f 2518/2939 2489/2908 2502/2923 2519/2940 
f 2519/2940 2502/2923 2504/2925 2520/2941 
f 2521/2942 2522/2943 2523/2944 2524/2945 
f 2524/2945 2523/2944 2525/2946 2526/2947 
f 2522/2943 2437/2824 2436/2823 2523/2944 
f 2523/2944 2436/2823 2439/2826 2525/2946 
f 2521/2942 2524/2945 2527/2948 2528/2949 
f 2528/2949 2527/2948 2529/2950 2530/2951 
f 2524/2945 2526/2947 2531/2952 2527/2948 
f 2527/2948 2531/2952 2532/2953 2529/2950 
f 2521/2942 2528/2949 2533/2954 2534/2955 
f 2534/2955 2533/2954 2535/2956 2536/2957 
f 2528/2949 2530/2951 2537/2958 2533/2954 
f 2533/2954 2537/2958 2538/2959 2535/2956 
f 2521/2942 2534/2955 2539/2960 2522/2943 
f 2522/2943 2539/2960 2442/2831 2437/2824 
f 2534/2955 2536/2957 2540/2961 2539/2960 
f 2539/2960 2540/2961 2400/2832 2442/2831 
f 2541/2962 2542/2963 2543/2964 2544/2965 
f 2544/2965 2543/2964 2545/2966 2546/2967 
f 2542/2963 2547/2968 2548/2969 2543/2964 
f 2543/2964 2548/2969 2549/2970 2545/2966 
f 2541/2962 2544/2965 2550/2971 2551/2972 
f 2551/2972 2550/2971 2531/2973 2526/2974 
f 2544/2965 2546/2967 2552/2975 2550/2971 
f 2550/2971 2552/2975 2532/2976 2531/2973 
f 2541/2962 2551/2972 2553/2977 2554/2978 
f 2554/2978 2553/2977 2453/2850 2450/2842 
f 2551/2972 2526/2974 2525/2979 2553/2977 
f 2553/2977 2525/2979 2439/2851 2453/2850 
f 2541/2962 2554/2978 2555/2980 2542/2963 
f 2542/2963 2555/2980 2556/2981 2547/2968 
f 2554/2978 2450/2842 2449/2841 2555/2980 
f 2555/2980 2449/2841 2417/2845 2556/2981 
f 2557/2982 2558/2983 2559/2984 2560/2985 
f 2560/2985 2559/2984 2540/2986 2536/2987 
f 2558/2983 2398/2988 2397/2989 2559/2984 
f 2559/2984 2397/2989 2400/2990 2540/2986 
f 2557/2982 2560/2985 2561/2991 2562/2992 
f 2562/2992 2561/2991 2563/2993 2564/2994 
f 2560/2985 2536/2987 2535/2995 2561/2991 
f 2561/2991 2535/2995 2538/2996 2563/2993 
f 2557/2982 2562/2992 2565/2997 2566/2998 
f 2566/2998 2565/2997 2567/2999 2568/3000 
f 2562/2992 2564/2994 2569/3001 2565/2997 
f 2565/2997 2569/3001 2570/3002 2567/2999 
f 2557/2982 2566/2998 2571/3003 2558/2983 
f 2558/2983 2571/3003 2403/3004 2398/2988 
f 2566/2998 2568/3000 2572/3005 2571/3003 
f 2571/3003 2572/3005 2360/3006 2403/3004 
f 2573/3007 2574/3008 2575/3009 2576/3010 
f 2576/3010 2575/3009 2577/3011 2578/3012 
f 2574/3008 2579/3013 2580/3014 2575/3009 
f 2575/3009 2580/3014 2581/3015 2577/3011 
f 2573/3007 2576/3010 2582/3016 2583/3017 
f 2583/3017 2582/3016 2548/3018 2547/3019 
f 2576/3010 2578/3012 2584/3020 2582/3016 
f 2582/3016 2584/3020 2549/3021 2548/3018 
f 2573/3007 2583/3017 2585/3022 2586/3023 
f 2586/3023 2585/3022 2416/3024 2411/3025 
f 2583/3017 2547/3019 2556/3026 2585/3022 
f 2585/3022 2556/3026 2417/3027 2416/3024 
f 2573/3007 2586/3023 2587/3028 2574/3008 
f 2574/3008 2587/3028 2588/3029 2579/3013 
f 2586/3023 2411/3025 2410/3030 2587/3028 
f 2587/3028 2410/3030 2377/2756 2588/3029 
f 2589/3031 2590/3032 2591/3033 2592/3034 
f 2592/3034 2591/3033 2572/3005 2568/3000 
f 2590/3032 2358/3035 2357/3036 2591/3033 
f 2591/3033 2357/3036 2360/3006 2572/3005 
f 2589/3031 2592/3034 2593/3037 2594/3038 
f 2594/3038 2593/3037 2595/3039 2596/3040 
f 2592/3034 2568/3000 2567/2999 2593/3037 
f 2593/3037 2567/2999 2570/3002 2595/3039 
f 2589/3031 2594/3038 2597/3041 2598/3042 
f 2598/3042 2597/3041 2599/3043 2600/3044 
f 2594/3038 2596/3040 2601/3045 2597/3041 
f 2597/3041 2601/3045 2602/3046 2599/3043 
f 2589/3031 2598/3042 2603/3047 2590/3032 
f 2590/3032 2603/3047 2363/3048 2358/3035 
f 2598/3042 2600/3044 2604/3049 2603/3047 
f 2603/3047 2604/3049 2312/3050 2363/3048 
f 2605/3051 2606/3052 2607/3053 2608/3054 
f 2608/3054 2607/3053 2609/3055 2610/3056 
f 2606/3052 2611/3057 2612/3058 2607/3053 
f 2607/3053 2612/3058 2613/3059 2609/3055 
f 2605/3051 2608/3054 2614/3060 2615/3061 
f 2615/3061 2614/3060 2580/3014 2579/3013 
f 2608/3054 2610/3056 2616/3062 2614/3060 
f 2614/3060 2616/3062 2581/3015 2580/3014 
f 2605/3051 2615/3061 2617/3063 2618/3064 
f 2618/3064 2617/3063 2376/2755 2371/2747 
f 2615/3061 2579/3013 2588/3029 2617/3063 
f 2617/3063 2588/3029 2377/2756 2376/2755 
f 2605/3051 2618/3064 2619/3065 2606/3052 
f 2606/3052 2619/3065 2620/3066 2611/3057 
f 2618/3064 2371/2747 2370/2746 2619/3065 
f 2619/3065 2370/2746 2336/2750 2620/3066 
f 2621/3067 2622/3068 2623/3069 2624/3070 
f 2624/3070 2623/3069 2604/3071 2600/3072 
f 2622/3068 2310/2679 2309/2678 2623/3069 
f 2623/3069 2309/2678 2312/2681 2604/3071 
f 2621/3067 2624/3070 2625/3073 2626/3074 
f 2626/3074 2625/3073 2627/3075 2628/3076 
f 2624/3070 2600/3072 2599/3077 2625/3073 
f 2625/3073 2599/3077 2602/3078 2627/3075 
f 2621/3067 2626/3074 2629/3079 2630/3080 
f 2630/3080 2629/3079 2499/3081 2494/3082 
f 2626/3074 2628/3076 2631/3083 2629/3079 
f 2629/3079 2631/3083 2500/3084 2499/3081 
f 2621/3067 2630/3080 2632/3085 2622/3068 
f 2622/3068 2632/3085 2317/2686 2310/2679 
f 2630/3080 2494/3082 2493/3086 2632/3085 
f 2632/3085 2493/3086 2318/2687 2317/2686 
f 2633/3087 2634/3088 2635/3089 2636/3090 
f 2636/3090 2635/3089 2637/3091 2638/3092 
f 2634/3088 2510/2931 2509/2930 2635/3089 
f 2635/3089 2509/2930 2513/2934 2637/3091 
f 2633/3087 2636/3090 2639/3093 2640/3094 
f 2640/3094 2639/3093 2612/3095 2611/3096 
f 2636/3090 2638/3092 2641/3097 2639/3093 
f 2639/3093 2641/3097 2613/3098 2612/3095 
f 2633/3087 2640/3094 2642/3099 2643/3100 
f 2643/3100 2642/3099 2335/2705 2327/2697 
f 2640/3094 2611/3096 2620/3101 2642/3099 
f 2642/3099 2620/3101 2336/2706 2335/2705 
f 2633/3087 2643/3100 2644/3102 2634/3088 
f 2634/3088 2644/3102 2516/2937 2510/2931 
f 2643/3100 2327/2697 2326/2696 2644/3102 
f 2644/3102 2326/2696 2330/2700 2516/2937 
f 2645/3103 2646/3104 2647/3105 2648/3106 
f 2648/3106 2647/3105 2649/3107 2650/3108 
f 2646/3104 2530/3109 2529/3110 2647/3105 
f 2647/3105 2529/3110 2532/3111 2649/3107 
f 2645/3103 2648/3106 2651/3112 2652/3113 
f 2652/3113 2651/3112 2601/3045 2596/3040 
f 2648/3106 2650/3108 2653/3114 2651/3112 
f 2651/3112 2653/3114 2602/3046 2601/3045 
f 2645/3103 2652/3113 2654/3115 2655/3116 
f 2655/3116 2654/3115 2569/3001 2564/2994 
f 2652/3113 2596/3040 2595/3039 2654/3115 
f 2654/3115 2595/3039 2570/3002 2569/3001 
f 2645/3103 2655/3116 2656/3117 2646/3104 
f 2646/3104 2656/3117 2537/3118 2530/3109 
f 2655/3116 2564/2994 2563/2993 2656/3117 
f 2656/3117 2563/2993 2538/2996 2537/3118 
f 2657/3119 2658/3120 2659/3121 2660/3122 
f 2660/3122 2659/3121 2616/3123 2610/3124 
f 2658/3120 2578/3125 2577/3126 2659/3121 
f 2659/3121 2577/3126 2581/3127 2616/3123 
f 2657/3119 2660/3122 2661/3128 2662/3129 
f 2662/3129 2661/3128 2663/3130 2664/3131 
f 2660/3122 2610/3124 2609/3132 2661/3128 
f 2661/3128 2609/3132 2613/3133 2663/3130 
f 2657/3119 2662/3129 2665/3134 2666/3135 
f 2666/3135 2665/3134 2552/2975 2546/2967 
f 2662/3129 2664/3131 2667/3136 2665/3134 
f 2665/3134 2667/3136 2532/2976 2552/2975 
f 2657/3119 2666/3135 2668/3137 2658/3120 
f 2658/3120 2668/3137 2584/3138 2578/3125 
f 2666/3135 2546/2967 2545/2966 2668/3137 
f 2668/3137 2545/2966 2549/2970 2584/3138 
f 2669/3139 2670/3140 2671/3141 2672/3142 
f 2672/3142 2671/3141 2673/3143 2674/3144 
f 2670/3140 2650/3145 2649/3146 2671/3141 
f 2671/3141 2649/3146 2532/3147 2673/3143 
f 2669/3139 2672/3142 2675/3148 2676/3149 
f 2676/3149 2675/3148 2503/2924 2498/2919 
f 2672/3142 2674/3144 2677/3150 2675/3148 
f 2675/3148 2677/3150 2504/2925 2503/2924 
f 2669/3139 2676/3149 2678/3151 2679/3152 
f 2679/3152 2678/3151 2631/3153 2628/3154 
f 2676/3149 2498/2919 2497/2918 2678/3151 
f 2678/3151 2497/2918 2500/2921 2631/3153 
f 2669/3139 2679/3152 2680/3155 2670/3140 
f 2670/3140 2680/3155 2653/3156 2650/3145 
f 2679/3152 2628/3154 2627/3157 2680/3155 
f 2680/3155 2627/3157 2602/3158 2653/3156 
f 2681/3159 2682/3160 2683/3161 2684/3162 
f 2684/3162 2683/3161 2512/2933 2511/2932 
f 2682/3160 2638/3092 2637/3091 2683/3161 
f 2683/3161 2637/3091 2513/2934 2512/2933 
f 2681/3159 2684/3162 2685/3163 2686/3164 
f 2686/3164 2685/3163 2677/3150 2674/3144 
f 2684/3162 2511/2932 2520/2941 2685/3163 
f 2685/3163 2520/2941 2504/2925 2677/3150 
f 2681/3159 2686/3164 2687/3165 2688/3166 
f 2688/3166 2687/3165 2667/3167 2664/3168 
f 2686/3164 2674/3144 2673/3143 2687/3165 
f 2687/3165 2673/3143 2532/3147 2667/3167 
f 2681/3159 2688/3166 2689/3169 2682/3160 
f 2682/3160 2689/3169 2641/3097 2638/3092 
f 2688/3166 2664/3168 2663/3170 2689/3169 
f 2689/3169 2663/3170 2613/3098 2641/3097 
f 2690/3171 2691/3172 2692/3173 2693/3174 
f 2693/3174 2692/3173 2393/3175 2392/3176 
f 2691/3172 2694/3177 2695/3178 2692/3173 
f 2692/3173 2695/3178 2394/3179 2393/3175 
f 2690/3171 2693/3174 2696/3180 2697/3181 
f 2697/3181 2696/3180 2698/3182 2699/3183 
f 2693/3174 2392/3176 2405/3184 2696/3180 
f 2696/3180 2405/3184 2354/3185 2698/3182 
f 2690/3171 2697/3181 2700/3186 2701/3187 
f 2701/3187 2700/3186 1920/3188 1916/3189 
f 2697/3181 2699/3183 2702/3190 2700/3186 
f 2700/3186 2702/3190 1224/3191 1920/3188 
f 2690/3171 2701/3187 2703/3192 2691/3172 
f 2691/3172 2703/3192 2704/3193 2694/3177 
f 2701/3187 1916/3189 1915/3194 2703/3192 
f 2703/3192 1915/3194 1918/3195 2704/3193 
f 2705/3196 2706/3197 2707/3198 2708/3199 
f 2708/3199 2707/3198 2709/3200 2710/3201 
f 2706/3197 1927/2263 1939/2275 2707/3198 
f 2707/3198 1939/2275 1249/2226 2709/3200 
f 2705/3196 2708/3199 2711/3202 2712/3203 
f 2712/3203 2711/3202 2424/3204 2421/3205 
f 2708/3199 2710/3201 2713/3206 2711/3202 
f 2711/3202 2713/3206 2383/3207 2424/3204 
f 2705/3196 2712/3203 2714/3208 2715/3209 
f 2715/3209 2714/3208 2695/3210 2694/3211 
f 2712/3203 2421/3205 2420/3212 2714/3208 
f 2714/3208 2420/3212 2394/3213 2695/3210 
f 2705/3196 2715/3209 2716/3214 2706/3197 
f 2706/3197 2716/3214 1928/2264 1927/2263 
f 2715/3209 2694/3211 2704/3215 2716/3214 
f 2716/3214 2704/3215 1918/2254 1928/2264 
f 2717/3216 2718/3217 2719/3218 2720/3219 
f 2720/3219 2719/3218 2353/3220 2352/3221 
f 2718/3217 2699/3183 2698/3182 2719/3218 
f 2719/3218 2698/3182 2354/3185 2353/3220 
f 2717/3216 2720/3219 2721/3222 2722/3223 
f 2722/3223 2721/3222 2723/3224 2724/3225 
f 2720/3219 2352/3221 2365/3226 2721/3222 
f 2721/3222 2365/3226 2306/3227 2723/3224 
f 2717/3216 2722/3223 2725/3228 2726/3229 
f 2726/3229 2725/3228 2727/3230 2728/3231 
f 2722/3223 2724/3225 2729/3232 2725/3228 
f 2725/3228 2729/3232 2730/3233 2727/3230 
f 2717/3216 2726/3229 2731/3234 2718/3217 
f 2718/3217 2731/3234 2702/3190 2699/3183 
f 2726/3229 2728/3231 2732/3235 2731/3234 
f 2731/3234 2732/3235 1224/3191 2702/3190 
f 2733/3236 2734/3237 2735/3238 2736/3239 
f 2736/3239 2735/3238 2737/3240 2738/3241 
f 2734/3237 2739/3242 2740/3243 2735/3238 
f 2735/3238 2740/3243 2741/3244 2737/3240 
f 2733/3236 2736/3239 2742/3245 2743/3246 
f 2743/3246 2742/3245 2385/3247 2381/3248 
f 2736/3239 2738/3241 2744/3249 2742/3245 
f 2742/3245 2744/3249 2342/3250 2385/3247 
f 2733/3236 2743/3246 2745/3251 2746/3252 
f 2746/3252 2745/3251 2713/3206 2710/3201 
f 2743/3246 2381/3248 2380/3253 2745/3251 
f 2745/3251 2380/3253 2383/3207 2713/3206 
f 2733/3236 2746/3252 2747/3254 2734/3237 
f 2734/3237 2747/3254 2748/3255 2739/3242 
f 2746/3252 2710/3201 2709/3200 2747/3254 
f 2747/3254 2709/3200 1249/2226 2748/3255 
f 2749/3256 2750/3257 2751/3258 2752/3259 
f 2752/3259 2751/3258 2305/3260 2304/3261 
f 2750/3257 2724/3262 2723/3263 2751/3258 
f 2751/3258 2723/3263 2306/3264 2305/3260 
f 2749/3256 2752/3259 2753/3265 2754/3266 
f 2754/3266 2753/3265 2755/3267 2756/3268 
f 2752/3259 2304/3261 2320/3269 2753/3265 
f 2753/3265 2320/3269 2207/2572 2755/3267 
f 2749/3256 2754/3266 2757/3270 2758/3271 
f 2758/3271 2757/3270 2759/3272 2760/3273 
f 2754/3266 2756/3268 2761/3274 2757/3270 
f 2757/3270 2761/3274 2762/3275 2759/3272 
f 2749/3256 2758/3271 2763/3276 2750/3257 
f 2750/3257 2763/3276 2729/3277 2724/3262 
f 2758/3271 2760/3273 2764/3278 2763/3276 
f 2763/3276 2764/3278 2730/3279 2729/3277 
f 2765/3280 2766/3281 2767/3282 2768/3283 
f 2768/3283 2767/3282 2769/3284 2770/3285 
f 2766/3281 2771/3286 2772/3287 2767/3282 
f 2767/3282 2772/3287 2773/3288 2769/3284 
f 2765/3280 2768/3283 2774/3289 2775/3290 
f 2775/3290 2774/3289 2345/2715 2340/2710 
f 2768/3283 2770/3285 2776/3291 2774/3289 
f 2774/3289 2776/3291 2238/2716 2345/2715 
f 2765/3280 2775/3290 2777/3292 2778/3293 
f 2778/3293 2777/3292 2744/3294 2738/3295 
f 2775/3290 2340/2710 2339/2709 2777/3292 
f 2777/3292 2339/2709 2342/2712 2744/3294 
f 2765/3280 2778/3293 2779/3296 2766/3281 
f 2766/3281 2779/3296 2780/3297 2771/3286 
f 2778/3293 2738/3295 2737/3298 2779/3296 
f 2779/3296 2737/3298 2741/3299 2780/3297 
f 2781/3300 2782/3301 2783/3302 2784/3303 
f 2784/3303 2783/3302 2206/2571 2205/2570 
f 2782/3301 2756/3268 2755/3267 2783/3302 
f 2783/3302 2755/3267 2207/2572 2206/2571 
f 2781/3300 2784/3303 2785/3304 2786/3305 
f 2786/3305 2785/3304 2145/2501 2140/2496 
f 2784/3303 2205/2570 2221/2586 2785/3304 
f 2785/3304 2221/2586 2146/2502 2145/2501 
f 2781/3300 2786/3305 2787/3306 2788/3307 
f 2788/3307 2787/3306 2789/3308 2790/3309 
f 2786/3305 2140/2496 2139/2495 2787/3306 
f 2787/3306 2139/2495 1174/1413 2789/3308 
f 2781/3300 2788/3307 2791/3310 2782/3301 
f 2782/3301 2791/3310 2761/3274 2756/3268 
f 2788/3307 2790/3309 2792/3311 2791/3310 
f 2791/3310 2792/3311 2762/3275 2761/3274 
f 2793/3312 2794/3313 2795/3314 2796/3315 
f 2796/3315 2795/3314 2172/2530 2167/2523 
f 2794/3313 2797/3316 2798/3317 2795/3314 
f 2795/3314 2798/3317 1191/2531 2172/2530 
f 2793/3312 2796/3315 2799/3318 2800/3319 
f 2800/3319 2799/3318 2241/2606 2236/2601 
f 2796/3315 2167/2523 2166/2522 2799/3318 
f 2799/3318 2166/2522 2169/2525 2241/2606 
f 2793/3312 2800/3319 2801/3320 2802/3321 
f 2802/3321 2801/3320 2776/3322 2770/3323 
f 2800/3319 2236/2601 2235/2600 2801/3320 
f 2801/3320 2235/2600 2238/2603 2776/3322 
f 2793/3312 2802/3321 2803/3324 2794/3313 
f 2794/3313 2803/3324 2804/3325 2797/3316 
f 2802/3321 2770/3323 2769/3326 2803/3324 
f 2803/3324 2769/3326 2773/3327 2804/3325 
f 2805/3328 2806/3329 2807/3330 2808/3331 
f 2808/3331 2807/3330 2809/3332 2810/3333 
f 2806/3329 1165/1404 1164/1403 2807/3330 
f 2807/3330 1164/1403 1168/1407 2809/3332 
f 2805/3328 2808/3331 2811/3334 2812/3335 
f 2812/3335 2811/3334 2813/3336 2814/3337 
f 2808/3331 2810/3333 2815/3338 2811/3334 
f 2811/3334 2815/3338 2816/3339 2813/3336 
f 2805/3328 2812/3335 2817/3340 2818/3341 
f 2818/3341 2817/3340 2792/3311 2790/3309 
f 2812/3335 2814/3337 2819/3342 2817/3340 
f 2817/3340 2819/3342 2762/3275 2792/3311 
f 2805/3328 2818/3341 2820/3343 2806/3329 
f 2806/3329 2820/3343 1173/1412 1165/1404 
f 2818/3341 2790/3309 2789/3308 2820/3343 
f 2820/3343 2789/3308 1174/1413 1173/1412 
f 2821/3344 2822/3345 2823/3346 2824/3347 
f 2824/3347 2823/3346 2825/3348 2826/3349 
f 2822/3345 2797/3350 2804/3351 2823/3346 
f 2823/3346 2804/3351 2773/3352 2825/3348 
f 2821/3344 2824/3347 2827/3353 2828/3354 
f 2828/3354 2827/3353 2829/3355 2830/3356 
f 2824/3347 2826/3349 2831/3357 2827/3353 
f 2827/3353 2831/3357 2832/3358 2829/3355 
f 2821/3344 2828/3354 2833/3359 2834/3360 
f 2834/3360 2833/3359 1196/1438 1189/1431 
f 2828/3354 2830/3356 2835/3361 2833/3359 
f 2833/3359 2835/3361 1197/1439 1196/1438 
f 2821/3344 2834/3360 2836/3362 2822/3345 
f 2822/3345 2836/3362 2798/3363 2797/3350 
f 2834/3360 1189/1431 1188/1430 2836/3362 
f 2836/3362 1188/1430 1191/1433 2798/3363 
f 2837/3364 2838/3365 2839/3366 2840/3367 
f 2840/3367 2839/3366 2841/3368 2842/3369 
f 2838/3365 2814/3337 2813/3336 2839/3366 
f 2839/3366 2813/3336 2816/3339 2841/3368 
f 2837/3364 2840/3367 2843/3370 2844/3371 
f 2844/3371 2843/3370 2845/3372 2846/3373 
f 2840/3367 2842/3369 2847/3374 2843/3370 
f 2843/3370 2847/3374 2848/3375 2845/3372 
f 2837/3364 2844/3371 2849/3376 2850/3377 
f 2850/3377 2849/3376 2764/3278 2760/3273 
f 2844/3371 2846/3373 2851/3378 2849/3376 
f 2849/3376 2851/3378 2730/3279 2764/3278 
f 2837/3364 2850/3377 2852/3379 2838/3365 
f 2838/3365 2852/3379 2819/3342 2814/3337 
f 2850/3377 2760/3273 2759/3272 2852/3379 
f 2852/3379 2759/3272 2762/3275 2819/3342 
f 2853/3380 2854/3381 2855/3382 2856/3383 
f 2856/3383 2855/3382 2857/3384 2858/3385 
f 2854/3381 2771/3386 2780/3387 2855/3382 
f 2855/3382 2780/3387 2741/3388 2857/3384 
f 2853/3380 2856/3383 2859/3389 2860/3390 
f 2860/3390 2859/3389 2861/3391 2862/3392 
f 2856/3383 2858/3385 2863/3393 2859/3389 
f 2859/3389 2863/3393 2864/3394 2861/3391 
f 2853/3380 2860/3390 2865/3395 2866/3396 
f 2866/3396 2865/3395 2831/3357 2826/3349 
f 2860/3390 2862/3392 2867/3397 2865/3395 
f 2865/3395 2867/3397 2832/3358 2831/3357 
f 2853/3380 2866/3396 2868/3398 2854/3381 
f 2854/3381 2868/3398 2772/3399 2771/3386 
f 2866/3396 2826/3349 2825/3348 2868/3398 
f 2868/3398 2825/3348 2773/3352 2772/3399 
f 2869/3400 2870/3401 2871/3402 2872/3403 
f 2872/3403 2871/3402 1207/3404 1206/3405 
f 2870/3401 2873/3406 2874/3407 2871/3402 
f 2871/3402 2874/3407 1208/3408 1207/3404 
f 2869/3400 2872/3403 2875/3409 2876/3410 
f 2876/3410 2875/3409 2732/3411 2728/3412 
f 2872/3403 1206/3405 1222/3413 2875/3409 
f 2875/3409 1222/3413 1224/3414 2732/3411 
f 2869/3400 2876/3410 2877/3415 2878/3416 
f 2878/3416 2877/3415 2851/3378 2846/3373 
f 2876/3410 2728/3412 2727/3417 2877/3415 
f 2877/3415 2727/3417 2730/3279 2851/3378 
f 2869/3400 2878/3416 2879/3418 2870/3401 
f 2870/3401 2879/3418 2880/3419 2873/3406 
f 2878/3416 2846/3373 2845/3372 2879/3418 
f 2879/3418 2845/3372 2848/3375 2880/3419 
f 2881/3420 2882/3421 2883/3422 2884/3423 
f 2884/3423 2883/3422 2740/3424 2739/3425 
f 2882/3421 2858/3385 2857/3384 2883/3422 
f 2883/3422 2857/3384 2741/3388 2740/3424 
f 2881/3420 2884/3423 2885/3426 2886/3427 
f 2886/3427 2885/3426 1248/3428 1243/3429 
f 2884/3423 2739/3425 2748/3430 2885/3426 
f 2885/3426 2748/3430 1249/3431 1248/3428 
f 2881/3420 2886/3427 2887/3432 2888/3433 
f 2888/3433 2887/3432 2889/3434 2890/3435 
f 2886/3427 1243/3429 1242/3436 2887/3432 
f 2887/3432 1242/3436 1245/3437 2889/3434 
f 2881/3420 2888/3433 2891/3438 2882/3421 
f 2882/3421 2891/3438 2863/3393 2858/3385 
f 2888/3433 2890/3435 2892/3439 2891/3438 
f 2891/3438 2892/3439 2864/3394 2863/3393 
f 2893/3440 2894/3441 2895/3442 2896/3443 
f 2896/3443 2895/3442 2281/3444 2275/3445 
f 2894/3441 2897/3446 2898/3447 2895/3442 
f 2895/3442 2898/3447 2111/3448 2281/3444 
f 2893/3440 2896/3443 2899/3449 2900/3450 
f 2900/3450 2899/3449 2901/3451 2902/3452 
f 2896/3443 2275/3445 2274/3453 2899/3449 
f 2899/3449 2274/3453 2278/3454 2901/3451 
f 2893/3440 2900/3450 2903/3455 2904/3456 
f 2904/3456 2903/3455 2905/3457 2906/3458 
f 2900/3450 2902/3452 2907/3459 2903/3455 
f 2903/3455 2907/3459 2908/3460 2905/3457 
f 2893/3440 2904/3456 2909/3461 2894/3441 
f 2894/3441 2909/3461 2910/3462 2897/3446 
f 2904/3456 2906/3458 2911/3463 2909/3461 
f 2909/3461 2911/3463 2912/3464 2910/3462 
f 2913/3465 2914/3466 2915/3467 2916/3468 
f 2916/3468 2915/3467 2907/3459 2902/3452 
f 2914/3466 2917/3469 2918/3470 2915/3467 
f 2915/3467 2918/3470 2908/3460 2907/3459 
f 2913/3465 2916/3468 2919/3471 2920/3472 
f 2920/3472 2919/3471 2296/3473 2293/3474 
f 2916/3468 2902/3452 2901/3451 2919/3471 
f 2919/3471 2901/3451 2278/3454 2296/3473 
f 2913/3465 2920/3472 2921/3475 2922/3476 
f 2922/3476 2921/3475 2923/3477 2924/3478 
f 2920/3472 2293/3474 2292/3479 2921/3475 
f 2921/3475 2292/3479 2132/2488 2923/3477 
f 2913/3465 2922/3476 2925/3480 2914/3466 
f 2914/3466 2925/3480 2926/3481 2917/3469 
f 2922/3476 2924/3478 2927/3482 2925/3480 
f 2925/3480 2927/3482 2928/3483 2926/3481 
f 2929/3484 2930/3485 2931/3486 2932/3487 
f 2932/3487 2931/3486 2114/3488 2108/3489 
f 2930/3485 2933/3490 2934/3491 2931/3486 
f 2931/3486 2934/3491 2079/2431 2114/3488 
f 2929/3484 2932/3487 2935/3492 2936/3493 
f 2936/3493 2935/3492 2898/3447 2897/3446 
f 2932/3487 2108/3489 2107/3494 2935/3492 
f 2935/3492 2107/3494 2111/3448 2898/3447 
f 2929/3484 2936/3493 2937/3495 2938/3496 
f 2938/3496 2937/3495 2939/3497 2940/3498 
f 2936/3493 2897/3446 2910/3462 2937/3495 
f 2937/3495 2910/3462 2912/3464 2939/3497 
f 2929/3484 2938/3496 2941/3499 2930/3485 
f 2930/3485 2941/3499 2942/3500 2933/3490 
f 2938/3496 2940/3498 2943/3501 2941/3499 
f 2941/3499 2943/3501 2944/3502 2942/3500 
f 2945/3503 2946/3504 2947/3505 2948/3506 
f 2948/3506 2947/3505 2927/3507 2924/3508 
f 2946/3504 2949/3509 2950/3510 2947/3505 
f 2947/3505 2950/3510 2928/3511 2927/3507 
f 2945/3503 2948/3506 2951/3512 2952/3513 
f 2952/3513 2951/3512 2131/3514 2126/3515 
f 2948/3506 2924/3508 2923/3516 2951/3512 
f 2951/3512 2923/3516 2132/3517 2131/3514 
f 2945/3503 2952/3513 2953/3518 2954/3519 
f 2954/3519 2953/3518 2955/3520 2956/3521 
f 2952/3513 2126/3515 2125/3522 2953/3518 
f 2953/3518 2125/3522 2100/3523 2955/3520 
f 2945/3503 2954/3519 2957/3524 2946/3504 
f 2946/3504 2957/3524 2958/3525 2949/3509 
f 2954/3519 2956/3521 2959/3526 2957/3524 
f 2957/3524 2959/3526 2960/3527 2958/3525 
f 2961/3528 2962/3529 2963/3530 2964/3531 
f 2964/3531 2963/3530 2082/2434 2076/2428 
f 2962/3529 2965/3532 2966/3533 2963/3530 
f 2963/3530 2966/3533 2043/2395 2082/2434 
f 2961/3528 2964/3531 2967/3534 2968/3535 
f 2968/3535 2967/3534 2934/3491 2933/3490 
f 2964/3531 2076/2428 2075/2427 2967/3534 
f 2967/3534 2075/2427 2079/2431 2934/3491 
f 2961/3528 2968/3535 2969/3536 2970/3537 
f 2970/3537 2969/3536 2971/3538 2972/3539 
f 2968/3535 2933/3490 2942/3500 2969/3536 
f 2969/3536 2942/3500 2944/3502 2971/3538 
f 2961/3528 2970/3537 2973/3540 2962/3529 
f 2962/3529 2973/3540 2974/3541 2965/3532 
f 2970/3537 2972/3539 2975/3542 2973/3540 
f 2973/3540 2975/3542 2976/3543 2974/3541 
f 2977/3544 2978/3545 2979/3546 2980/3547 
f 2980/3547 2979/3546 2959/3526 2956/3521 
f 2978/3545 2981/3548 2982/3549 2979/3546 
f 2979/3546 2982/3549 2960/3527 2959/3526 
f 2977/3544 2980/3547 2983/3550 2984/3551 
f 2984/3551 2983/3550 2099/3552 2094/3553 
f 2980/3547 2956/3521 2955/3520 2983/3550 
f 2983/3550 2955/3520 2100/3523 2099/3552 
f 2977/3544 2984/3551 2985/3554 2986/3555 
f 2986/3555 2985/3554 2987/3556 2988/3557 
f 2984/3551 2094/3553 2093/3558 2985/3554 
f 2985/3554 2093/3558 2068/3559 2987/3556 
f 2977/3544 2986/3555 2989/3560 2978/3545 
f 2978/3545 2989/3560 2990/3561 2981/3548 
f 2986/3555 2988/3557 2991/3562 2989/3560 
f 2989/3560 2991/3562 2992/3563 2990/3561 
f 2993/3564 2994/3565 2995/3566 2996/3567 
f 2996/3567 2995/3566 2048/3568 2040/3569 
f 2994/3565 2997/3570 2998/3571 2995/3566 
f 2995/3566 2998/3571 2049/3572 2048/3568 
f 2993/3564 2996/3567 2999/3573 3000/3574 
f 3000/3574 2999/3573 2966/3575 2965/3576 
f 2996/3567 2040/3569 2039/3577 2999/3573 
f 2999/3573 2039/3577 2043/3578 2966/3575 
f 2993/3564 3000/3574 3001/3579 3002/3580 
f 3002/3580 3001/3579 3003/3581 3004/3582 
f 3000/3574 2965/3576 2974/3583 3001/3579 
f 3001/3579 2974/3583 2976/3584 3003/3581 
f 2993/3564 3002/3580 3005/3585 2994/3565 
f 2994/3565 3005/3585 3006/3586 2997/3570 
f 3002/3580 3004/3582 3007/3587 3005/3585 
f 3005/3585 3007/3587 3008/3588 3006/3586 
f 3009/3589 3010/3590 3011/3591 3012/3592 
f 3012/3592 3011/3591 2991/3562 2988/3557 
f 3010/3590 3013/3593 3014/3594 3011/3591 
f 3011/3591 3014/3594 2992/3563 2991/3562 
f 3009/3589 3012/3592 3015/3595 3016/3596 
f 3016/3596 3015/3595 2067/3597 2062/3598 
f 3012/3592 2988/3557 2987/3556 3015/3595 
f 3015/3595 2987/3556 2068/3559 2067/3597 
f 3009/3589 3016/3596 3017/3599 3018/3600 
f 3018/3600 3017/3599 2998/3571 2997/3570 
f 3016/3596 2062/3598 2061/3601 3017/3599 
f 3017/3599 2061/3601 2049/3572 2998/3571 
f 3009/3589 3018/3600 3019/3602 3010/3590 
f 3010/3590 3019/3602 3020/3603 3013/3593 
f 3018/3600 2997/3570 3006/3586 3019/3602 
f 3019/3602 3006/3586 3008/3588 3020/3603 
f 3021/3604 3022/3605 3023/3606 3024/3607 
f 3024/3607 3023/3606 3007/3608 3004/3609 
f 3022/3605 3025/3610 3026/3611 3023/3606 
f 3023/3606 3026/3611 3008/3612 3007/3608 
f 3021/3604 3024/3607 3027/3613 3028/3614 
f 3028/3614 3027/3613 3029/3615 3030/3616 
f 3024/3607 3004/3609 3003/3617 3027/3613 
f 3027/3613 3003/3617 2976/3618 3029/3615 
f 3021/3604 3028/3614 3031/3619 3032/3620 
f 3032/3620 3031/3619 3033/3621 3034/3622 
f 3028/3614 3030/3616 3035/3623 3031/3619 
f 3031/3619 3035/3623 3036/3624 3033/3621 
f 3021/3604 3032/3620 3037/3625 3022/3605 
f 3022/3605 3037/3625 3038/3626 3025/3610 
f 3032/3620 3034/3622 3039/3627 3037/3625 
f 3037/3625 3039/3627 3040/3628 3038/3626 
f 3041/3629 3042/3630 3043/3631 3044/3632 
f 3044/3632 3043/3631 3045/3633 3046/3634 
f 3042/3630 3047/3635 3048/3636 3043/3631 
f 3043/3631 3048/3636 3049/3637 3045/3633 
f 3041/3629 3044/3632 3050/3638 3051/3639 
f 3051/3639 3050/3638 3014/3640 3013/3641 
f 3044/3632 3046/3634 3052/3642 3050/3638 
f 3050/3638 3052/3642 2992/3643 3014/3640 
f 3041/3629 3051/3639 3053/3644 3054/3645 
f 3054/3645 3053/3644 3026/3646 3025/3647 
f 3051/3639 3013/3641 3020/3648 3053/3644 
f 3053/3644 3020/3648 3008/3649 3026/3646 
f 3041/3629 3054/3645 3055/3650 3042/3630 
f 3042/3630 3055/3650 3056/3651 3047/3635 
f 3054/3645 3025/3647 3038/3652 3055/3650 
f 3055/3650 3038/3652 3040/3653 3056/3651 
f 3057/3654 3058/3655 3059/3656 3060/3657 
f 3060/3657 3059/3656 2975/3658 2972/3659 
f 3058/3655 3030/3616 3029/3615 3059/3656 
f 3059/3656 3029/3615 2976/3618 2975/3658 
f 3057/3654 3060/3657 3061/3660 3062/3661 
f 3062/3661 3061/3660 3063/3662 3064/3663 
f 3060/3657 2972/3659 2971/3664 3061/3660 
f 3061/3660 2971/3664 2944/3665 3063/3662 
f 3057/3654 3062/3661 3065/3666 3066/3667 
f 3066/3667 3065/3666 3067/3668 3068/3669 
f 3062/3661 3064/3663 3069/3670 3065/3666 
f 3065/3666 3069/3670 3070/3671 3067/3668 
f 3057/3654 3066/3667 3071/3672 3058/3655 
f 3058/3655 3071/3672 3035/3623 3030/3616 
f 3066/3667 3068/3669 3072/3673 3071/3672 
f 3071/3672 3072/3673 3036/3624 3035/3623 
f 3073/3674 3074/3675 3075/3676 3076/3677 
f 3076/3677 3075/3676 3077/3678 3078/3679 
f 3074/3675 3079/3680 3080/3681 3075/3676 
f 3075/3676 3080/3681 3081/3682 3077/3678 
f 3073/3674 3076/3677 3082/3683 3083/3684 
f 3083/3684 3082/3683 2982/3685 2981/3686 
f 3076/3677 3078/3679 3084/3687 3082/3683 
f 3082/3683 3084/3687 2960/3688 2982/3685 
f 3073/3674 3083/3684 3085/3689 3086/3690 
f 3086/3690 3085/3689 3052/3642 3046/3634 
f 3083/3684 2981/3686 2990/3691 3085/3689 
f 3085/3689 2990/3691 2992/3643 3052/3642 
f 3073/3674 3086/3690 3087/3692 3074/3675 
f 3074/3675 3087/3692 3088/3693 3079/3680 
f 3086/3690 3046/3634 3045/3633 3087/3692 
f 3087/3692 3045/3633 3049/3637 3088/3693 
f 3089/3694 3090/3695 3091/3696 3092/3697 
f 3092/3697 3091/3696 2943/3698 2940/3699 
f 3090/3695 3064/3663 3063/3662 3091/3696 
f 3091/3696 3063/3662 2944/3665 2943/3698 
f 3089/3694 3092/3697 3093/3700 3094/3701 
f 3094/3701 3093/3700 3095/3702 3096/3703 
f 3092/3697 2940/3699 2939/3704 3093/3700 
f 3093/3700 2939/3704 2912/3705 3095/3702 
f 3089/3694 3094/3701 3097/3706 3098/3707 
f 3098/3707 3097/3706 3099/3708 3100/3709 
f 3094/3701 3096/3703 3101/3710 3097/3706 
f 3097/3706 3101/3710 3102/3711 3099/3708 
f 3089/3694 3098/3707 3103/3712 3090/3695 
f 3090/3695 3103/3712 3069/3670 3064/3663 
f 3098/3707 3100/3709 3104/3713 3103/3712 
f 3103/3712 3104/3713 3070/3671 3069/3670 
f 3105/3714 3106/3715 3107/3716 3108/3717 
f 3108/3717 3107/3716 3109/3718 3110/3719 
f 3106/3715 3111/3720 3112/3721 3107/3716 
f 3107/3716 3112/3721 3113/3722 3109/3718 
f 3105/3714 3108/3717 3114/3723 3115/3724 
f 3115/3724 3114/3723 2950/3725 2949/3726 
f 3108/3717 3110/3719 3116/3727 3114/3723 
f 3114/3723 3116/3727 2928/3728 2950/3725 
f 3105/3714 3115/3724 3117/3729 3118/3730 
f 3118/3730 3117/3729 3084/3731 3078/3732 
f 3115/3724 2949/3726 2958/3733 3117/3729 
f 3117/3729 2958/3733 2960/3734 3084/3731 
f 3105/3714 3118/3730 3119/3735 3106/3715 
f 3106/3715 3119/3735 3120/3736 3111/3720 
f 3118/3730 3078/3732 3077/3737 3119/3735 
f 3119/3735 3077/3737 3081/3738 3120/3736 
f 3121/3739 3122/3740 3123/3741 3124/3742 
f 3124/3742 3123/3741 2911/3743 2906/3744 
f 3122/3740 3096/3745 3095/3746 3123/3741 
f 3123/3741 3095/3746 2912/3747 2911/3743 
f 3121/3739 3124/3742 3125/3748 3126/3749 
f 3126/3749 3125/3748 3127/3750 3128/3751 
f 3124/3742 2906/3744 2905/3752 3125/3748 
f 3125/3748 2905/3752 2908/3753 3127/3750 
f 3121/3739 3126/3749 3129/3754 3130/3755 
f 3130/3755 3129/3754 3131/3756 3132/3757 
f 3126/3749 3128/3751 3133/3758 3129/3754 
f 3129/3754 3133/3758 3134/3759 3131/3756 
f 3121/3739 3130/3755 3135/3760 3122/3740 
f 3122/3740 3135/3760 3101/3761 3096/3745 
f 3130/3755 3132/3757 3136/3762 3135/3760 
f 3135/3760 3136/3762 3102/3763 3101/3761 
f 3137/3764 3138/3765 3139/3766 3140/3767 
f 3140/3767 3139/3766 3133/3768 3128/3769 
f 3138/3765 3141/3770 3142/3771 3139/3766 
f 3139/3766 3142/3771 3134/3772 3133/3768 
f 3137/3764 3140/3767 3143/3773 3144/3774 
f 3144/3774 3143/3773 2918/3470 2917/3469 
f 3140/3767 3128/3769 3127/3775 3143/3773 
f 3143/3773 3127/3775 2908/3460 2918/3470 
f 3137/3764 3144/3774 3145/3776 3146/3777 
f 3146/3777 3145/3776 3116/3778 3110/3779 
f 3144/3774 2917/3469 2926/3481 3145/3776 
f 3145/3776 2926/3481 2928/3483 3116/3778 
f 3137/3764 3146/3777 3147/3780 3138/3765 
f 3138/3765 3147/3780 3148/3781 3141/3770 
f 3146/3777 3110/3779 3109/3782 3147/3780 
f 3147/3780 3109/3782 3113/3783 3148/3781 
f 3149/3784 3150/3785 3151/3786 3152/3787 
f 3152/3787 3151/3786 3153/3788 3154/3789 
f 3150/3785 3132/3790 3131/3791 3151/3786 
f 3151/3786 3131/3791 3134/3792 3153/3788 
f 3149/3784 3152/3787 3155/3793 3156/3794 
f 3156/3794 3155/3793 3039/3795 3034/3796 
f 3152/3787 3154/3789 3157/3797 3155/3793 
f 3155/3793 3157/3797 3040/3798 3039/3795 
f 3149/3784 3156/3794 3158/3799 3159/3800 
f 3159/3800 3158/3799 3160/3801 3161/3802 
f 3156/3794 3034/3796 3033/3803 3158/3799 
f 3158/3799 3033/3803 3036/3804 3160/3801 
f 3149/3784 3159/3800 3162/3805 3150/3785 
f 3150/3785 3162/3805 3136/3806 3132/3790 
f 3159/3800 3161/3802 3163/3807 3162/3805 
f 3162/3805 3163/3807 3102/3808 3136/3806 
f 3164/3809 3165/3810 3166/3811 3167/3812 
f 3167/3812 3166/3811 3048/3813 3047/3814 
f 3165/3810 3168/3815 3169/3816 3166/3811 
f 3166/3811 3169/3816 3049/3817 3048/3813 
f 3164/3809 3167/3812 3170/3818 3171/3819 
f 3171/3819 3170/3818 3157/3797 3154/3789 
f 3167/3812 3047/3814 3056/3820 3170/3818 
f 3170/3818 3056/3820 3040/3798 3157/3797 
f 3164/3809 3171/3819 3172/3821 3173/3822 
f 3173/3822 3172/3821 3142/3823 3141/3824 
f 3171/3819 3154/3789 3153/3788 3172/3821 
f 3172/3821 3153/3788 3134/3792 3142/3823 
f 3164/3809 3173/3822 3174/3825 3165/3810 
f 3165/3810 3174/3825 3175/3826 3168/3815 
f 3173/3822 3141/3824 3148/3827 3174/3825 
f 3174/3825 3148/3827 3113/3828 3175/3826 
f 3176/3829 3177/3830 3178/3831 3179/3832 
f 3179/3832 3178/3831 3163/3807 3161/3802 
f 3177/3830 3100/3833 3099/3834 3178/3831 
f 3178/3831 3099/3834 3102/3808 3163/3807 
f 3176/3829 3179/3832 3180/3835 3181/3836 
f 3181/3836 3180/3835 3072/3837 3068/3838 
f 3179/3832 3161/3802 3160/3801 3180/3835 
f 3180/3835 3160/3801 3036/3804 3072/3837 
f 3176/3829 3181/3836 3182/3839 3177/3830 
f 3177/3830 3182/3839 3104/3840 3100/3833 
f 3181/3836 3068/3838 3067/3841 3182/3839 
f 3182/3839 3067/3841 3070/3842 3104/3840 
f 3183/3843 3184/3844 3185/3845 3186/3846 
f 3186/3846 3185/3845 3080/3847 3079/3848 
f 3184/3844 3111/3849 3120/3850 3185/3845 
f 3185/3845 3120/3850 3081/3851 3080/3847 
f 3183/3843 3186/3846 3187/3852 3188/3853 
f 3188/3853 3187/3852 3169/3854 3168/3855 
f 3186/3846 3079/3848 3088/3856 3187/3852 
f 3187/3852 3088/3856 3049/3857 3169/3854 
f 3183/3843 3188/3853 3189/3858 3184/3844 
f 3184/3844 3189/3858 3112/3859 3111/3849 
f 3188/3853 3168/3855 3175/3860 3189/3858 
f 3189/3858 3175/3860 3113/3861 3112/3859 
f 3190/3862 3191/3863 3192/3864 3193/3865 
f 3193/3865 3192/3864 2020/3866 2017/3867 
f 3191/3863 3194/3868 3195/3869 3192/3864 
f 3192/3864 3195/3869 1991/3870 2020/3866 
f 3190/3862 3193/3865 3196/3871 3197/3872 
f 3197/3872 3196/3871 3198/3873 3199/3874 
f 3193/3865 2017/3867 2016/3875 3196/3871 
f 3196/3871 2016/3875 1912/3876 3198/3873 
f 3190/3862 3197/3872 3200/3877 3201/3878 
f 3201/3878 3200/3877 3202/3879 3203/3880 
f 3197/3872 3199/3874 3204/3881 3200/3877 
f 3200/3877 3204/3881 3205/3882 3202/3879 
f 3190/3862 3201/3878 3206/3883 3191/3863 
f 3191/3863 3206/3883 3207/3884 3194/3868 
f 3201/3878 3203/3880 3208/3885 3206/3883 
f 3206/3883 3208/3885 3209/3886 3207/3884 
f 3210/3887 3211/3888 3212/3889 3213/3890 
f 3213/3890 3212/3889 3214/3891 3215/3892 
f 3211/3888 3216/3893 3217/3894 3212/3889 
f 3212/3889 3217/3894 3218/3895 3214/3891 
f 3210/3887 3213/3890 3219/3896 3220/3897 
f 3220/3897 3219/3896 2031/2382 2028/2376 
f 3213/3890 3215/3892 3221/3898 3219/3896 
f 3219/3896 3221/3898 1934/2270 2031/2382 
f 3210/3887 3220/3897 3222/3899 3223/3900 
f 3223/3900 3222/3899 3224/3901 3225/3902 
f 3220/3897 2028/2376 2027/2375 3222/3899 
f 3222/3899 2027/2375 2007/2379 3224/3901 
f 3210/3887 3223/3900 3226/3903 3211/3888 
f 3211/3888 3226/3903 3227/3904 3216/3893 
f 3223/3900 3225/3902 3228/3905 3226/3903 
f 3226/3903 3228/3905 3229/3906 3227/3904 
f 3230/3907 3231/3908 3232/3909 3233/3910 
f 3233/3910 3232/3909 1977/3911 1976/3912 
f 3231/3908 3234/3913 3235/3914 3232/3909 
f 3232/3909 3235/3914 1955/3915 1977/3911 
f 3230/3907 3233/3910 3236/3916 3237/3917 
f 3237/3917 3236/3916 3195/3869 3194/3868 
f 3233/3910 1976/3912 1989/3918 3236/3916 
f 3236/3916 1989/3918 1991/3870 3195/3869 
f 3230/3907 3237/3917 3238/3919 3239/3920 
f 3239/3920 3238/3919 3240/3921 3241/3922 
f 3237/3917 3194/3868 3207/3884 3238/3919 
f 3238/3919 3207/3884 3209/3886 3240/3921 
f 3230/3907 3239/3920 3242/3923 3231/3908 
f 3231/3908 3242/3923 3243/3924 3234/3913 
f 3239/3920 3241/3922 3244/3925 3242/3923 
f 3242/3923 3244/3925 3245/3926 3243/3924 
f 3246/3927 3247/3928 3248/3929 3249/3930 
f 3249/3930 3248/3929 3228/3905 3225/3902 
f 3247/3928 3250/3931 3251/3932 3248/3929 
f 3248/3929 3251/3932 3229/3906 3228/3905 
f 3246/3927 3249/3930 3252/3933 3253/3934 
f 3253/3934 3252/3933 2006/3935 2003/3936 
f 3249/3930 3225/3902 3224/3901 3252/3933 
f 3252/3933 3224/3901 2007/2379 2006/3935 
f 3246/3927 3253/3934 3254/3937 3255/3938 
f 3255/3938 3254/3937 3256/3939 3257/3940 
f 3253/3934 2003/3936 2002/3941 3254/3937 
f 3254/3937 2002/3941 1971/3942 3256/3939 
f 3246/3927 3255/3938 3258/3943 3247/3928 
f 3247/3928 3258/3943 3259/3944 3250/3931 
f 3255/3938 3257/3940 3260/3945 3258/3943 
f 3258/3943 3260/3945 3261/3946 3259/3944 
f 3262/3947 3263/3948 3264/3949 3265/3950 
f 3265/3950 3264/3949 1945/2281 1944/2280 
f 3263/3948 3266/3951 3267/3952 3264/3949 
f 3264/3949 3267/3952 1613/1887 1945/2281 
f 3262/3947 3265/3950 3268/3953 3269/3954 
f 3269/3954 3268/3953 3235/3955 3234/3956 
f 3265/3950 1944/2280 1953/2293 3268/3953 
f 3268/3953 1953/2293 1955/2295 3235/3955 
f 3262/3947 3269/3954 3270/3957 3271/3958 
f 3271/3958 3270/3957 3272/3959 3273/3960 
f 3269/3954 3234/3956 3243/3961 3270/3957 
f 3270/3957 3243/3961 3245/3962 3272/3959 
f 3262/3947 3271/3958 3274/3963 3263/3948 
f 3263/3948 3274/3963 3275/3964 3266/3951 
f 3271/3958 3273/3960 3276/3965 3274/3963 
f 3274/3963 3276/3965 3277/3966 3275/3964 
f 3278/3967 3279/3968 3280/3969 3281/3970 
f 3281/3970 3280/3969 3260/3945 3257/3940 
f 3279/3968 3282/3971 3283/3972 3280/3969 
f 3280/3969 3283/3972 3261/3946 3260/3945 
f 3278/3967 3281/3970 3284/3973 3285/3974 
f 3285/3974 3284/3973 1970/3975 1967/3976 
f 3281/3970 3257/3940 3256/3939 3284/3973 
f 3284/3973 3256/3939 1971/3942 1970/3975 
f 3278/3967 3285/3974 3286/3977 3287/3978 
f 3287/3978 3286/3977 3288/3979 3289/3980 
f 3285/3974 1967/3976 1966/3981 3286/3977 
f 3286/3977 1966/3981 1642/3982 3288/3979 
f 3278/3967 3287/3978 3290/3983 3279/3968 
f 3279/3968 3290/3983 3291/3984 3282/3971 
f 3287/3978 3289/3980 3292/3985 3290/3983 
f 3290/3983 3292/3985 3293/3986 3291/3984 
f 3294/3987 3295/3988 3296/3989 3297/3990 
f 3297/3990 3296/3989 1911/3991 1906/3992 
f 3295/3988 3199/3874 3198/3873 3296/3989 
f 3296/3989 3198/3873 1912/3876 1911/3991 
f 3294/3987 3297/3990 3298/3993 3299/3994 
f 3299/3994 3298/3993 3300/3995 3301/3996 
f 3297/3990 1906/3992 1905/3997 3298/3993 
f 3298/3993 1905/3997 1877/3998 3300/3995 
f 3294/3987 3299/3994 3302/3999 3303/4000 
f 3303/4000 3302/3999 3304/4001 3305/4002 
f 3299/3994 3301/3996 3306/4003 3302/3999 
f 3302/3999 3306/4003 3307/4004 3304/4001 
f 3294/3987 3303/4000 3308/4005 3295/3988 
f 3295/3988 3308/4005 3204/3881 3199/3874 
f 3303/4000 3305/4002 3309/4006 3308/4005 
f 3308/4005 3309/4006 3205/3882 3204/3881 
f 3310/4007 3311/4008 3312/4009 3313/4010 
f 3313/4010 3312/4009 3314/4011 3315/4012 
f 3311/4008 3316/4013 3317/4014 3312/4009 
f 3312/4009 3317/4014 3318/4015 3314/4011 
f 3310/4007 3313/4010 3319/4016 3320/4017 
f 3320/4017 3319/4016 1937/2273 1932/2268 
f 3313/4010 3315/4012 3321/4018 3319/4016 
f 3319/4016 3321/4018 1898/2232 1937/2273 
f 3310/4007 3320/4017 3322/4019 3323/4020 
f 3323/4020 3322/4019 3221/3898 3215/3892 
f 3320/4017 1932/2268 1931/2267 3322/4019 
f 3322/4019 1931/2267 1934/2270 3221/3898 
f 3310/4007 3323/4020 3324/4021 3311/4008 
f 3311/4008 3324/4021 3325/4022 3316/4013 
f 3323/4020 3215/3892 3214/3891 3324/4021 
f 3324/4021 3214/3891 3218/3895 3325/4022 
f 3326/4023 3327/4024 3328/4025 3329/4026 
f 3329/4026 3328/4025 1876/4027 1875/4028 
f 3327/4024 3301/3996 3300/3995 3328/4025 
f 3328/4025 3300/3995 1877/3998 1876/4027 
f 3326/4023 3329/4026 3330/4029 3331/4030 
f 3331/4030 3330/4029 3332/4031 3333/4032 
f 3329/4026 1875/4028 1884/4033 3330/4029 
f 3330/4029 1884/4033 1845/4034 3332/4031 
f 3326/4023 3331/4030 3334/4035 3335/4036 
f 3335/4036 3334/4035 3336/4037 3337/4038 
f 3331/4030 3333/4032 3338/4039 3334/4035 
f 3334/4035 3338/4039 3339/4040 3336/4037 
f 3326/4023 3335/4036 3340/4041 3327/4024 
f 3327/4024 3340/4041 3306/4003 3301/3996 
f 3335/4036 3337/4038 3341/4042 3340/4041 
f 3340/4041 3341/4042 3307/4004 3306/4003 
f 3342/4043 3343/4044 3344/4045 3345/4046 
f 3345/4046 3344/4045 3346/4047 3347/4048 
f 3343/4044 3348/4049 3349/4050 3344/4045 
f 3344/4045 3349/4050 3350/4051 3346/4047 
f 3342/4043 3345/4046 3351/4052 3352/4053 
f 3352/4053 3351/4052 1900/4054 1896/4055 
f 3345/4046 3347/4048 3353/4056 3351/4052 
f 3351/4052 3353/4056 1866/2189 1900/4054 
f 3342/4043 3352/4053 3354/4057 3355/4058 
f 3355/4058 3354/4057 3321/4059 3315/4060 
f 3352/4053 1896/4055 1895/4061 3354/4057 
f 3354/4057 1895/4061 1898/4062 3321/4059 
f 3342/4043 3355/4058 3356/4063 3343/4044 
f 3343/4044 3356/4063 3357/4064 3348/4049 
f 3355/4058 3315/4060 3314/4065 3356/4063 
f 3356/4063 3314/4065 3318/4066 3357/4064 
f 3358/4067 3359/4068 3360/4069 3361/4070 
f 3361/4070 3360/4069 1844/2163 1843/2162 
f 3359/4068 3333/4071 3332/4072 3360/4069 
f 3360/4069 3332/4072 1845/2164 1844/2163 
f 3358/4067 3361/4070 3362/4073 3363/4074 
f 3363/4074 3362/4073 3364/4075 3365/4076 
f 3361/4070 1843/2162 1852/2175 3362/4073 
f 3362/4073 1852/2175 1813/2132 3364/4075 
f 3358/4067 3363/4074 3366/4077 3367/4078 
f 3367/4078 3366/4077 3368/4079 3369/4080 
f 3363/4074 3365/4076 3370/4081 3366/4077 
f 3366/4077 3370/4081 3371/4082 3368/4079 
f 3358/4067 3367/4078 3372/4083 3359/4068 
f 3359/4068 3372/4083 3338/4084 3333/4071 
f 3367/4078 3369/4080 3373/4085 3372/4083 
f 3372/4083 3373/4085 3339/4086 3338/4084 
f 3374/4087 3375/4088 3376/4089 3377/4090 
f 3377/4090 3376/4089 3378/4091 3379/4092 
f 3375/4088 3380/4093 3381/4094 3376/4089 
f 3376/4089 3381/4094 3382/4095 3378/4091 
f 3374/4087 3377/4090 3383/4096 3384/4097 
f 3384/4097 3383/4096 1868/2191 1864/2187 
f 3377/4090 3379/4092 3385/4098 3383/4096 
f 3383/4096 3385/4098 1834/2153 1868/2191 
f 3374/4087 3384/4097 3386/4099 3387/4100 
f 3387/4100 3386/4099 3353/4056 3347/4048 
f 3384/4097 1864/2187 1863/2186 3386/4099 
f 3386/4099 1863/2186 1866/2189 3353/4056 
f 3374/4087 3387/4100 3388/4101 3375/4088 
f 3375/4088 3388/4101 3389/4102 3380/4093 
f 3387/4100 3347/4048 3346/4047 3388/4101 
f 3388/4101 3346/4047 3350/4051 3389/4102 
f 3390/4103 3391/4104 3392/4105 3393/4106 
f 3393/4106 3392/4105 1812/2131 1811/2130 
f 3391/4104 3365/4076 3364/4075 3392/4105 
f 3392/4105 3364/4075 1813/2132 1812/2131 
f 3390/4103 3393/4106 3394/4107 3395/4108 
f 3395/4108 3394/4107 3396/4109 3397/4110 
f 3393/4106 1811/2130 1820/2139 3394/4107 
f 3394/4107 1820/2139 1781/2096 3396/4109 
f 3390/4103 3395/4108 3398/4111 3399/4112 
f 3399/4112 3398/4111 3400/4113 3401/4114 
f 3395/4108 3397/4110 3402/4115 3398/4111 
f 3398/4111 3402/4115 3403/4116 3400/4113 
f 3390/4103 3399/4112 3404/4117 3391/4104 
f 3391/4104 3404/4117 3370/4081 3365/4076 
f 3399/4112 3401/4114 3405/4118 3404/4117 
f 3404/4117 3405/4118 3371/4082 3370/4081 
f 3406/4119 3407/4120 3408/4121 3409/4122 
f 3409/4122 3408/4121 3410/4123 3411/4124 
f 3407/4120 3412/4125 3413/4126 3408/4121 
f 3408/4121 3413/4126 3414/4127 3410/4123 
f 3406/4119 3409/4122 3415/4128 3416/4129 
f 3416/4129 3415/4128 1836/2155 1832/2151 
f 3409/4122 3411/4124 3417/4130 3415/4128 
f 3415/4128 3417/4130 1802/2121 1836/2155 
f 3406/4119 3416/4129 3418/4131 3419/4132 
f 3419/4132 3418/4131 3385/4098 3379/4092 
f 3416/4129 1832/2151 1831/2150 3418/4131 
f 3418/4131 1831/2150 1834/2153 3385/4098 
f 3406/4119 3419/4132 3420/4133 3407/4120 
f 3407/4120 3420/4133 3421/4134 3412/4125 
f 3419/4132 3379/4092 3378/4091 3420/4133 
f 3420/4133 3378/4091 3382/4095 3421/4134 
f 3422/4135 3423/4136 3424/4137 3425/4138 
f 3425/4138 3424/4137 1780/2095 1779/2094 
f 3423/4136 3397/4110 3396/4109 3424/4137 
f 3424/4137 3396/4109 1781/2096 1780/2095 
f 3422/4135 3425/4138 3426/4139 3427/4140 
f 3427/4140 3426/4139 3428/4141 3429/4142 
f 3425/4138 1779/2094 1788/2105 3426/4139 
f 3426/4139 1788/2105 1749/2107 3428/4141 
f 3422/4135 3427/4140 3430/4143 3431/4144 
f 3431/4144 3430/4143 3432/4145 3433/4146 
f 3427/4140 3429/4142 3434/4147 3430/4143 
f 3430/4143 3434/4147 3435/4148 3432/4145 
f 3422/4135 3431/4144 3436/4149 3423/4136 
f 3423/4136 3436/4149 3402/4115 3397/4110 
f 3431/4144 3433/4146 3437/4150 3436/4149 
f 3436/4149 3437/4150 3403/4116 3402/4115 
f 3438/4151 3439/4152 3440/4153 3441/4154 
f 3441/4154 3440/4153 3442/4155 3443/4156 
f 3439/4152 3444/4157 3445/4158 3440/4153 
f 3440/4153 3445/4158 3446/4159 3442/4155 
f 3438/4151 3441/4154 3447/4160 3448/4161 
f 3448/4161 3447/4160 1804/2123 1800/2119 
f 3441/4154 3443/4156 3449/4162 3447/4160 
f 3447/4160 3449/4162 1770/2085 1804/2123 
f 3438/4151 3448/4161 3450/4163 3451/4164 
f 3451/4164 3450/4163 3417/4130 3411/4124 
f 3448/4161 1800/2119 1799/2118 3450/4163 
f 3450/4163 1799/2118 1802/2121 3417/4130 
f 3438/4151 3451/4164 3452/4165 3439/4152 
f 3439/4152 3452/4165 3453/4166 3444/4157 
f 3451/4164 3411/4124 3410/4123 3452/4165 
f 3452/4165 3410/4123 3414/4127 3453/4166 
f 3454/4167 3455/4168 3456/4169 3457/4170 
f 3457/4170 3456/4169 1748/4171 1747/4172 
f 3455/4168 3429/4142 3428/4141 3456/4169 
f 3456/4169 3428/4141 1749/2107 1748/4171 
f 3454/4167 3457/4170 3458/4173 3459/4174 
f 3459/4174 3458/4173 3460/4175 3461/4176 
f 3457/4170 1747/4172 1756/4177 3458/4173 
f 3458/4173 1756/4177 1717/4178 3460/4175 
f 3454/4167 3459/4174 3462/4179 3463/4180 
f 3463/4180 3462/4179 3464/4181 3465/4182 
f 3459/4174 3461/4176 3466/4183 3462/4179 
f 3462/4179 3466/4183 3467/4184 3464/4181 
f 3454/4167 3463/4180 3468/4185 3455/4168 
f 3455/4168 3468/4185 3434/4147 3429/4142 
f 3463/4180 3465/4182 3469/4186 3468/4185 
f 3468/4185 3469/4186 3435/4148 3434/4147 
f 3470/4187 3471/4188 3472/4189 3473/4190 
f 3473/4190 3472/4189 3474/4191 3475/4192 
f 3471/4188 3476/4193 3477/4194 3472/4189 
f 3472/4189 3477/4194 3478/4195 3474/4191 
f 3470/4187 3473/4190 3479/4196 3480/4197 
f 3480/4197 3479/4196 1772/4198 1768/4199 
f 3473/4190 3475/4192 3481/4200 3479/4196 
f 3479/4196 3481/4200 1738/4201 1772/4198 
f 3470/4187 3480/4197 3482/4202 3483/4203 
f 3483/4203 3482/4202 3449/4204 3443/4205 
f 3480/4197 1768/4199 1767/4206 3482/4202 
f 3482/4202 1767/4206 1770/4207 3449/4204 
f 3470/4187 3483/4203 3484/4208 3471/4188 
f 3471/4188 3484/4208 3485/4209 3476/4193 
f 3483/4203 3443/4205 3442/4210 3484/4208 
f 3484/4208 3442/4210 3446/4211 3485/4209 
f 3486/4212 3487/4213 3488/4214 3489/4215 
f 3489/4215 3488/4214 1716/4216 1715/4217 
f 3487/4213 3461/4176 3460/4175 3488/4214 
f 3488/4214 3460/4175 1717/4178 1716/4216 
f 3486/4212 3489/4215 3490/4218 3491/4219 
f 3491/4219 3490/4218 3492/4220 3493/4221 
f 3489/4215 1715/4217 1724/4222 3490/4218 
f 3490/4218 1724/4222 1685/4223 3492/4220 
f 3486/4212 3491/4219 3494/4224 3495/4225 
f 3495/4225 3494/4224 3496/4226 3497/4227 
f 3491/4219 3493/4221 3498/4228 3494/4224 
f 3494/4224 3498/4228 3499/4229 3496/4226 
f 3486/4212 3495/4225 3500/4230 3487/4213 
f 3487/4213 3500/4230 3466/4183 3461/4176 
f 3495/4225 3497/4227 3501/4231 3500/4230 
f 3500/4230 3501/4231 3467/4184 3466/4183 
f 3502/4232 3503/4233 3504/4234 3505/4235 
f 3505/4235 3504/4234 3506/4236 3507/4237 
f 3503/4233 3508/4238 3509/4239 3504/4234 
f 3504/4234 3509/4239 3510/4240 3506/4236 
f 3502/4232 3505/4235 3511/4241 3512/4242 
f 3512/4242 3511/4241 1740/4243 1736/4244 
f 3505/4235 3507/4237 3513/4245 3511/4241 
f 3511/4241 3513/4245 1706/4246 1740/4243 
f 3502/4232 3512/4242 3514/4247 3515/4248 
f 3515/4248 3514/4247 3481/4200 3475/4192 
f 3512/4242 1736/4244 1735/4249 3514/4247 
f 3514/4247 1735/4249 1738/4201 3481/4200 
f 3502/4232 3515/4248 3516/4250 3503/4233 
f 3503/4233 3516/4250 3517/4251 3508/4238 
f 3515/4248 3475/4192 3474/4191 3516/4250 
f 3516/4250 3474/4191 3478/4195 3517/4251 
f 3518/4252 3519/4253 3520/4254 3521/4255 
f 3521/4255 3520/4254 1684/4256 1683/4257 
f 3519/4253 3493/4221 3492/4220 3520/4254 
f 3520/4254 3492/4220 1685/4223 1684/4256 
f 3518/4252 3521/4255 3522/4258 3523/4259 
f 3523/4259 3522/4258 3524/4260 3525/4261 
f 3521/4255 1683/4257 1692/4262 3522/4258 
f 3522/4258 1692/4262 1656/1939 3524/4260 
f 3518/4252 3523/4259 3526/4263 3527/4264 
f 3527/4264 3526/4263 3528/4265 3529/4266 
f 3523/4259 3525/4261 3530/4267 3526/4263 
f 3526/4263 3530/4267 3531/4268 3528/4265 
f 3518/4252 3527/4264 3532/4269 3519/4253 
f 3519/4253 3532/4269 3498/4228 3493/4221 
f 3527/4264 3529/4266 3533/4270 3532/4269 
f 3532/4269 3533/4270 3499/4229 3498/4228 
f 3534/4271 3535/4272 3536/4273 3537/4274 
f 3537/4274 3536/4273 3538/4275 3539/4276 
f 3535/4272 3540/4277 3541/4278 3536/4273 
f 3536/4273 3541/4278 3542/4279 3538/4275 
f 3534/4271 3537/4274 3543/4280 3544/4281 
f 3544/4281 3543/4280 1708/4282 1704/4283 
f 3537/4274 3539/4276 3545/4284 3543/4280 
f 3543/4280 3545/4284 1672/4285 1708/4282 
f 3534/4271 3544/4281 3546/4286 3547/4287 
f 3547/4287 3546/4286 3513/4245 3507/4237 
f 3544/4281 1704/4283 1703/4288 3546/4286 
f 3546/4286 1703/4288 1706/4246 3513/4245 
f 3534/4271 3547/4287 3548/4289 3535/4272 
f 3535/4272 3548/4289 3549/4290 3540/4277 
f 3547/4287 3507/4237 3506/4236 3548/4289 
f 3548/4289 3506/4236 3510/4240 3549/4290 
f 3550/4291 3551/4292 3552/4293 3553/4294 
f 3553/4294 3552/4293 1655/1938 1650/1933 
f 3551/4292 3525/4261 3524/4260 3552/4293 
f 3552/4293 3524/4260 1656/1939 1655/1938 
f 3550/4291 3553/4294 3554/4295 3555/4296 
f 3555/4296 3554/4295 3556/4297 3557/4298 
f 3553/4294 1650/1933 1649/1932 3554/4295 
f 3554/4295 1649/1932 1619/1893 3556/4297 
f 3550/4291 3555/4296 3558/4299 3559/4300 
f 3559/4300 3558/4299 3560/4301 3561/4302 
f 3555/4296 3557/4298 3562/4303 3558/4299 
f 3558/4299 3562/4303 3563/4304 3560/4301 
f 3550/4291 3559/4300 3564/4305 3551/4292 
f 3551/4292 3564/4305 3530/4267 3525/4261 
f 3559/4300 3561/4302 3565/4306 3564/4305 
f 3564/4305 3565/4306 3531/4268 3530/4267 
f 3566/4307 3567/4308 3568/4309 3569/4310 
f 3569/4310 3568/4309 3570/4311 3571/4312 
f 3567/4308 3572/4313 3573/4314 3568/4309 
f 3568/4309 3573/4314 3574/4315 3570/4311 
f 3566/4307 3569/4310 3575/4316 3576/4317 
f 3576/4317 3575/4316 1675/4318 1670/4319 
f 3569/4310 3571/4312 3577/4320 3575/4316 
f 3575/4316 3577/4320 1636/4321 1675/4318 
f 3566/4307 3576/4317 3578/4322 3579/4323 
f 3579/4323 3578/4322 3545/4324 3539/4325 
f 3576/4317 1670/4319 1669/4326 3578/4322 
f 3578/4322 1669/4326 1672/4327 3545/4324 
f 3566/4307 3579/4323 3580/4328 3567/4308 
f 3567/4308 3580/4328 3581/4329 3572/4313 
f 3579/4323 3539/4325 3538/4330 3580/4328 
f 3580/4328 3538/4330 3542/4331 3581/4329 
f 3582/4332 3583/4333 3584/4334 3585/4335 
f 3585/4335 3584/4334 1618/1892 1610/1884 
f 3583/4333 3557/4298 3556/4297 3584/4334 
f 3584/4334 3556/4297 1619/1893 1618/1892 
f 3582/4332 3585/4335 3586/4336 3587/4337 
f 3587/4337 3586/4336 3267/3952 3266/3951 
f 3585/4335 1610/1884 1609/1883 3586/4336 
f 3586/4336 1609/1883 1613/1887 3267/3952 
f 3582/4332 3587/4337 3588/4338 3589/4339 
f 3589/4339 3588/4338 3590/4340 3591/4341 
f 3587/4337 3266/3951 3275/3964 3588/4338 
f 3588/4338 3275/3964 3277/3966 3590/4340 
f 3582/4332 3589/4339 3592/4342 3583/4333 
f 3583/4333 3592/4342 3562/4303 3557/4298 
f 3589/4339 3591/4341 3593/4343 3592/4342 
f 3592/4342 3593/4343 3563/4304 3562/4303 
f 3594/4344 3595/4345 3596/4346 3597/4347 
f 3597/4347 3596/4346 3292/3985 3289/3980 
f 3595/4345 3598/4348 3599/4349 3596/4346 
f 3596/4346 3599/4349 3293/3986 3292/3985 
f 3594/4344 3597/4347 3600/4350 3601/4351 
f 3601/4351 3600/4350 1641/4352 1634/4353 
f 3597/4347 3289/3980 3288/3979 3600/4350 
f 3600/4350 3288/3979 1642/3982 1641/4352 
f 3594/4344 3601/4351 3602/4354 3603/4355 
f 3603/4355 3602/4354 3577/4320 3571/4312 
f 3601/4351 1634/4353 1633/4356 3602/4354 
f 3602/4354 1633/4356 1636/4321 3577/4320 
f 3594/4344 3603/4355 3604/4357 3595/4345 
f 3595/4345 3604/4357 3605/4358 3598/4348 
f 3603/4355 3571/4312 3570/4311 3604/4357 
f 3604/4357 3570/4311 3574/4315 3605/4358 
f 3606/4359 3607/4360 3608/4361 3609/4362 
f 3609/4362 3608/4361 3593/4343 3591/4341 
f 3607/4360 3610/4363 3611/4364 3608/4361 
f 3608/4361 3611/4364 3563/4304 3593/4343 
f 3606/4359 3609/4362 3612/4365 3613/4366 
f 3613/4366 3612/4365 3614/4367 3615/4368 
f 3609/4362 3591/4341 3590/4340 3612/4365 
f 3612/4365 3590/4340 3277/3966 3614/4367 
f 3606/4359 3613/4366 3616/4369 3617/4370 
f 3617/4370 3616/4369 3618/4371 3619/4372 
f 3613/4366 3615/4368 3620/4373 3616/4369 
f 3616/4369 3620/4373 3621/4374 3618/4371 
f 3606/4359 3617/4370 3622/4375 3607/4360 
f 3607/4360 3622/4375 3623/4376 3610/4363 
f 3617/4370 3619/4372 3624/4377 3622/4375 
f 3622/4375 3624/4377 3625/4378 3623/4376 
f 3626/4379 3627/4380 3628/4381 3629/4382 
f 3629/4382 3628/4381 3630/4383 3631/4384 
f 3627/4380 3632/4385 3633/4386 3628/4381 
f 3628/4381 3633/4386 3634/4387 3630/4383 
f 3626/4379 3629/4382 3635/4388 3636/4389 
f 3636/4389 3635/4388 3599/4390 3598/4391 
f 3629/4382 3631/4384 3637/4392 3635/4388 
f 3635/4388 3637/4392 3293/4393 3599/4390 
f 3626/4379 3636/4389 3638/4394 3639/4395 
f 3639/4395 3638/4394 3640/4396 3641/4397 
f 3636/4389 3598/4391 3605/4398 3638/4394 
f 3638/4394 3605/4398 3574/4399 3640/4396 
f 3626/4379 3639/4395 3642/4400 3627/4380 
f 3627/4380 3642/4400 3643/4401 3632/4385 
f 3639/4395 3641/4397 3644/4402 3642/4400 
f 3642/4400 3644/4402 3645/4403 3643/4401 
f 3646/4404 3647/4405 3648/4406 3649/4407 
f 3649/4407 3648/4406 3565/4306 3561/4302 
f 3647/4405 3650/4408 3651/4409 3648/4406 
f 3648/4406 3651/4409 3531/4268 3565/4306 
f 3646/4404 3649/4407 3652/4410 3653/4411 
f 3653/4411 3652/4410 3611/4364 3610/4363 
f 3649/4407 3561/4302 3560/4301 3652/4410 
f 3652/4410 3560/4301 3563/4304 3611/4364 
f 3646/4404 3653/4411 3654/4412 3655/4413 
f 3655/4413 3654/4412 3656/4414 3657/4415 
f 3653/4411 3610/4363 3623/4376 3654/4412 
f 3654/4412 3623/4376 3625/4378 3656/4414 
f 3646/4404 3655/4413 3658/4416 3647/4405 
f 3647/4405 3658/4416 3659/4417 3650/4408 
f 3655/4413 3657/4415 3660/4418 3658/4416 
f 3658/4416 3660/4418 3661/4419 3659/4417 
f 3662/4420 3663/4421 3664/4422 3665/4423 
f 3665/4423 3664/4422 3644/4402 3641/4397 
f 3663/4421 3666/4424 3667/4425 3664/4422 
f 3664/4422 3667/4425 3645/4403 3644/4402 
f 3662/4420 3665/4423 3668/4426 3669/4427 
f 3669/4427 3668/4426 3573/4428 3572/4429 
f 3665/4423 3641/4397 3640/4396 3668/4426 
f 3668/4426 3640/4396 3574/4399 3573/4428 
f 3662/4420 3669/4427 3670/4430 3671/4431 
f 3671/4431 3670/4430 3672/4432 3673/4433 
f 3669/4427 3572/4429 3581/4434 3670/4430 
f 3670/4430 3581/4434 3542/4435 3672/4432 
f 3662/4420 3671/4431 3674/4436 3663/4421 
f 3663/4421 3674/4436 3675/4437 3666/4424 
f 3671/4431 3673/4433 3676/4438 3674/4436 
f 3674/4436 3676/4438 3677/4439 3675/4437 
f 3678/4440 3679/4441 3680/4442 3681/4443 
f 3681/4443 3680/4442 3533/4444 3529/4445 
f 3679/4441 3682/4446 3683/4447 3680/4442 
f 3680/4442 3683/4447 3499/4448 3533/4444 
f 3678/4440 3681/4443 3684/4449 3685/4450 
f 3685/4450 3684/4449 3651/4451 3650/4452 
f 3681/4443 3529/4445 3528/4453 3684/4449 
f 3684/4449 3528/4453 3531/4454 3651/4451 
f 3678/4440 3685/4450 3686/4455 3687/4456 
f 3687/4456 3686/4455 3688/4457 3689/4458 
f 3685/4450 3650/4452 3659/4459 3686/4455 
f 3686/4455 3659/4459 3661/4460 3688/4457 
f 3678/4440 3687/4456 3690/4461 3679/4441 
f 3679/4441 3690/4461 3691/4462 3682/4446 
f 3687/4456 3689/4458 3692/4463 3690/4461 
f 3690/4461 3692/4463 3693/4464 3691/4462 
f 3694/4465 3695/4466 3696/4467 3697/4468 
f 3697/4468 3696/4467 3676/4438 3673/4433 
f 3695/4466 3698/4469 3699/4470 3696/4467 
f 3696/4467 3699/4470 3677/4439 3676/4438 
f 3694/4465 3697/4468 3700/4471 3701/4472 
f 3701/4472 3700/4471 3541/4473 3540/4474 
f 3697/4468 3673/4433 3672/4432 3700/4471 
f 3700/4471 3672/4432 3542/4435 3541/4473 
f 3694/4465 3701/4472 3702/4475 3703/4476 
f 3703/4476 3702/4475 3704/4477 3705/4478 
f 3701/4472 3540/4474 3549/4479 3702/4475 
f 3702/4475 3549/4479 3510/4480 3704/4477 
f 3694/4465 3703/4476 3706/4481 3695/4466 
f 3695/4466 3706/4481 3707/4482 3698/4469 
f 3703/4476 3705/4478 3708/4483 3706/4481 
f 3706/4481 3708/4483 3709/4484 3707/4482 
f 3710/4485 3711/4486 3712/4487 3713/4488 
f 3713/4488 3712/4487 3501/4489 3497/4490 
f 3711/4486 3714/4491 3715/4492 3712/4487 
f 3712/4487 3715/4492 3467/4493 3501/4489 
f 3710/4485 3713/4488 3716/4494 3717/4495 
f 3717/4495 3716/4494 3683/4447 3682/4446 
f 3713/4488 3497/4490 3496/4496 3716/4494 
f 3716/4494 3496/4496 3499/4448 3683/4447 
f 3710/4485 3717/4495 3718/4497 3719/4498 
f 3719/4498 3718/4497 3720/4499 3721/4500 
f 3717/4495 3682/4446 3691/4462 3718/4497 
f 3718/4497 3691/4462 3693/4464 3720/4499 
f 3710/4485 3719/4498 3722/4501 3711/4486 
f 3711/4486 3722/4501 3723/4502 3714/4491 
f 3719/4498 3721/4500 3724/4503 3722/4501 
f 3722/4501 3724/4503 3725/4504 3723/4502 
f 3726/4505 3727/4506 3728/4507 3729/4508 
f 3729/4508 3728/4507 3708/4483 3705/4478 
f 3727/4506 3730/4509 3731/4510 3728/4507 
f 3728/4507 3731/4510 3709/4484 3708/4483 
f 3726/4505 3729/4508 3732/4511 3733/4512 
f 3733/4512 3732/4511 3509/4513 3508/4514 
f 3729/4508 3705/4478 3704/4477 3732/4511 
f 3732/4511 3704/4477 3510/4480 3509/4513 
f 3726/4505 3733/4512 3734/4515 3735/4516 
f 3735/4516 3734/4515 3736/4517 3737/4518 
f 3733/4512 3508/4514 3517/4519 3734/4515 
f 3734/4515 3517/4519 3478/4520 3736/4517 
f 3726/4505 3735/4516 3738/4521 3727/4506 
f 3727/4506 3738/4521 3739/4522 3730/4509 
f 3735/4516 3737/4518 3740/4523 3738/4521 
f 3738/4521 3740/4523 3741/4524 3739/4522 
f 3742/4525 3743/4526 3744/4527 3745/4528 
f 3745/4528 3744/4527 3469/4529 3465/4530 
f 3743/4526 3746/4531 3747/4532 3744/4527 
f 3744/4527 3747/4532 3435/4533 3469/4529 
f 3742/4525 3745/4528 3748/4534 3749/4535 
f 3749/4535 3748/4534 3715/4492 3714/4491 
f 3745/4528 3465/4530 3464/4536 3748/4534 
f 3748/4534 3464/4536 3467/4493 3715/4492 
f 3742/4525 3749/4535 3750/4537 3751/4538 
f 3751/4538 3750/4537 3752/4539 3753/4540 
f 3749/4535 3714/4491 3723/4502 3750/4537 
f 3750/4537 3723/4502 3725/4504 3752/4539 
f 3742/4525 3751/4538 3754/4541 3743/4526 
f 3743/4526 3754/4541 3755/4542 3746/4531 
f 3751/4538 3753/4540 3756/4543 3754/4541 
f 3754/4541 3756/4543 3757/4544 3755/4542 
f 3758/4545 3759/4546 3760/4547 3761/4548 
f 3761/4548 3760/4547 3740/4549 3737/4550 
f 3759/4546 3762/4551 3763/4552 3760/4547 
f 3760/4547 3763/4552 3741/4553 3740/4549 
f 3758/4545 3761/4548 3764/4554 3765/4555 
f 3765/4555 3764/4554 3477/4556 3476/4557 
f 3761/4548 3737/4550 3736/4558 3764/4554 
f 3764/4554 3736/4558 3478/4559 3477/4556 
f 3758/4545 3765/4555 3766/4560 3767/4561 
f 3767/4561 3766/4560 3768/4562 3769/4563 
f 3765/4555 3476/4557 3485/4564 3766/4560 
f 3766/4560 3485/4564 3446/4565 3768/4562 
f 3758/4545 3767/4561 3770/4566 3759/4546 
f 3759/4546 3770/4566 3771/4567 3762/4551 
f 3767/4561 3769/4563 3772/4568 3770/4566 
f 3770/4566 3772/4568 3773/4569 3771/4567 
f 3774/4570 3775/4571 3776/4572 3777/4573 
f 3777/4573 3776/4572 3437/4574 3433/4575 
f 3775/4571 3778/4576 3779/4577 3776/4572 
f 3776/4572 3779/4577 3403/4578 3437/4574 
f 3774/4570 3777/4573 3780/4579 3781/4580 
f 3781/4580 3780/4579 3747/4532 3746/4531 
f 3777/4573 3433/4575 3432/4581 3780/4579 
f 3780/4579 3432/4581 3435/4533 3747/4532 
f 3774/4570 3781/4580 3782/4582 3783/4583 
f 3783/4583 3782/4582 3784/4584 3785/4585 
f 3781/4580 3746/4531 3755/4542 3782/4582 
f 3782/4582 3755/4542 3757/4544 3784/4584 
f 3774/4570 3783/4583 3786/4586 3775/4571 
f 3775/4571 3786/4586 3787/4587 3778/4576 
f 3783/4583 3785/4585 3788/4588 3786/4586 
f 3786/4586 3788/4588 3789/4589 3787/4587 
f 3790/4590 3791/4591 3792/4592 3793/4593 
f 3793/4593 3792/4592 3772/4568 3769/4563 
f 3791/4591 3794/4594 3795/4595 3792/4592 
f 3792/4592 3795/4595 3773/4569 3772/4568 
f 3790/4590 3793/4593 3796/4596 3797/4597 
f 3797/4597 3796/4596 3445/4598 3444/4599 
f 3793/4593 3769/4563 3768/4562 3796/4596 
f 3796/4596 3768/4562 3446/4565 3445/4598 
f 3790/4590 3797/4597 3798/4600 3799/4601 
f 3799/4601 3798/4600 3800/4602 3801/4603 
f 3797/4597 3444/4599 3453/4604 3798/4600 
f 3798/4600 3453/4604 3414/4605 3800/4602 
f 3790/4590 3799/4601 3802/4606 3791/4591 
f 3791/4591 3802/4606 3803/4607 3794/4594 
f 3799/4601 3801/4603 3804/4608 3802/4606 
f 3802/4606 3804/4608 3805/4609 3803/4607 
f 3806/4610 3807/4611 3808/4612 3809/4613 
f 3809/4613 3808/4612 3405/4118 3401/4114 
f 3807/4611 3810/4614 3811/4615 3808/4612 
f 3808/4612 3811/4615 3371/4082 3405/4118 
f 3806/4610 3809/4613 3812/4616 3813/4617 
f 3813/4617 3812/4616 3779/4618 3778/4619 
f 3809/4613 3401/4114 3400/4113 3812/4616 
f 3812/4616 3400/4113 3403/4116 3779/4618 
f 3806/4610 3813/4617 3814/4620 3815/4621 
f 3815/4621 3814/4620 3816/4622 3817/4623 
f 3813/4617 3778/4619 3787/4624 3814/4620 
f 3814/4620 3787/4624 3789/4625 3816/4622 
f 3806/4610 3815/4621 3818/4626 3807/4611 
f 3807/4611 3818/4626 3819/4627 3810/4614 
f 3815/4621 3817/4623 3820/4628 3818/4626 
f 3818/4626 3820/4628 3821/4629 3819/4627 
f 3822/4630 3823/4631 3824/4632 3825/4633 
f 3825/4633 3824/4632 3804/4608 3801/4603 
f 3823/4631 3826/4634 3827/4635 3824/4632 
f 3824/4632 3827/4635 3805/4609 3804/4608 
f 3822/4630 3825/4633 3828/4636 3829/4637 
f 3829/4637 3828/4636 3413/4638 3412/4639 
f 3825/4633 3801/4603 3800/4602 3828/4636 
f 3828/4636 3800/4602 3414/4605 3413/4638 
f 3822/4630 3829/4637 3830/4640 3831/4641 
f 3831/4641 3830/4640 3832/4642 3833/4643 
f 3829/4637 3412/4639 3421/4644 3830/4640 
f 3830/4640 3421/4644 3382/4645 3832/4642 
f 3822/4630 3831/4641 3834/4646 3823/4631 
f 3823/4631 3834/4646 3835/4647 3826/4634 
f 3831/4641 3833/4643 3836/4648 3834/4646 
f 3834/4646 3836/4648 3837/4649 3835/4647 
f 3838/4650 3839/4651 3840/4652 3841/4653 
f 3841/4653 3840/4652 3373/4085 3369/4080 
f 3839/4651 3842/4654 3843/4655 3840/4652 
f 3840/4652 3843/4655 3339/4086 3373/4085 
f 3838/4650 3841/4653 3844/4656 3845/4657 
f 3845/4657 3844/4656 3811/4615 3810/4614 
f 3841/4653 3369/4080 3368/4079 3844/4656 
f 3844/4656 3368/4079 3371/4082 3811/4615 
f 3838/4650 3845/4657 3846/4658 3847/4659 
f 3847/4659 3846/4658 3848/4660 3849/4661 
f 3845/4657 3810/4614 3819/4627 3846/4658 
f 3846/4658 3819/4627 3821/4629 3848/4660 
f 3838/4650 3847/4659 3850/4662 3839/4651 
f 3839/4651 3850/4662 3851/4663 3842/4654 
f 3847/4659 3849/4661 3852/4664 3850/4662 
f 3850/4662 3852/4664 3853/4665 3851/4663 
f 3854/4666 3855/4667 3856/4668 3857/4669 
f 3857/4669 3856/4668 3836/4648 3833/4643 
f 3855/4667 3858/4670 3859/4671 3856/4668 
f 3856/4668 3859/4671 3837/4649 3836/4648 
f 3854/4666 3857/4669 3860/4672 3861/4673 
f 3861/4673 3860/4672 3381/4674 3380/4675 
f 3857/4669 3833/4643 3832/4642 3860/4672 
f 3860/4672 3832/4642 3382/4645 3381/4674 
f 3854/4666 3861/4673 3862/4676 3863/4677 
f 3863/4677 3862/4676 3864/4678 3865/4679 
f 3861/4673 3380/4675 3389/4680 3862/4676 
f 3862/4676 3389/4680 3350/4681 3864/4678 
f 3854/4666 3863/4677 3866/4682 3855/4667 
f 3855/4667 3866/4682 3867/4683 3858/4670 
f 3863/4677 3865/4679 3868/4684 3866/4682 
f 3866/4682 3868/4684 3869/4685 3867/4683 
f 3870/4686 3871/4687 3872/4688 3873/4689 
f 3873/4689 3872/4688 3341/4690 3337/4691 
f 3871/4687 3874/4692 3875/4693 3872/4688 
f 3872/4688 3875/4693 3307/4694 3341/4690 
f 3870/4686 3873/4689 3876/4695 3877/4696 
f 3877/4696 3876/4695 3843/4655 3842/4654 
f 3873/4689 3337/4691 3336/4697 3876/4695 
f 3876/4695 3336/4697 3339/4086 3843/4655 
f 3870/4686 3877/4696 3878/4698 3879/4699 
f 3879/4699 3878/4698 3880/4700 3881/4701 
f 3877/4696 3842/4654 3851/4663 3878/4698 
f 3878/4698 3851/4663 3853/4665 3880/4700 
f 3870/4686 3879/4699 3882/4702 3871/4687 
f 3871/4687 3882/4702 3883/4703 3874/4692 
f 3879/4699 3881/4701 3884/4704 3882/4702 
f 3882/4702 3884/4704 3885/4705 3883/4703 
f 3886/4706 3887/4707 3888/4708 3889/4709 
f 3889/4709 3888/4708 3868/4710 3865/4711 
f 3887/4707 3890/4712 3891/4713 3888/4708 
f 3888/4708 3891/4713 3869/4714 3868/4710 
f 3886/4706 3889/4709 3892/4715 3893/4716 
f 3893/4716 3892/4715 3349/4717 3348/4718 
f 3889/4709 3865/4711 3864/4719 3892/4715 
f 3892/4715 3864/4719 3350/4720 3349/4717 
f 3886/4706 3893/4716 3894/4721 3895/4722 
f 3895/4722 3894/4721 3896/4723 3897/4724 
f 3893/4716 3348/4718 3357/4725 3894/4721 
f 3894/4721 3357/4725 3318/4726 3896/4723 
f 3886/4706 3895/4722 3898/4727 3887/4707 
f 3887/4707 3898/4727 3899/4728 3890/4712 
f 3895/4722 3897/4724 3900/4729 3898/4727 
f 3898/4727 3900/4729 3901/4730 3899/4728 
f 3902/4731 3903/4732 3904/4733 3905/4734 
f 3905/4734 3904/4733 3309/4735 3305/4736 
f 3903/4732 3906/4737 3907/4738 3904/4733 
f 3904/4733 3907/4738 3205/4739 3309/4735 
f 3902/4731 3905/4734 3908/4740 3909/4741 
f 3909/4741 3908/4740 3875/4693 3874/4692 
f 3905/4734 3305/4736 3304/4742 3908/4740 
f 3908/4740 3304/4742 3307/4694 3875/4693 
f 3902/4731 3909/4741 3910/4743 3911/4744 
f 3911/4744 3910/4743 3912/4745 3913/4746 
f 3909/4741 3874/4692 3883/4703 3910/4743 
f 3910/4743 3883/4703 3885/4705 3912/4745 
f 3902/4731 3911/4744 3914/4747 3903/4732 
f 3903/4732 3914/4747 3915/4748 3906/4737 
f 3911/4744 3913/4746 3916/4749 3914/4747 
f 3914/4747 3916/4749 3917/4750 3915/4748 
f 3918/4751 3919/4752 3920/4753 3921/4754 
f 3921/4754 3920/4753 3900/4729 3897/4724 
f 3919/4752 3922/4755 3923/4756 3920/4753 
f 3920/4753 3923/4756 3901/4730 3900/4729 
f 3918/4751 3921/4754 3924/4757 3925/4758 
f 3925/4758 3924/4757 3317/4759 3316/4760 
f 3921/4754 3897/4724 3896/4723 3924/4757 
f 3924/4757 3896/4723 3318/4726 3317/4759 
f 3918/4751 3925/4758 3926/4761 3927/4762 
f 3927/4762 3926/4761 3928/4763 3929/4764 
f 3925/4758 3316/4760 3325/4765 3926/4761 
f 3926/4761 3325/4765 3218/4766 3928/4763 
f 3918/4751 3927/4762 3930/4767 3919/4752 
f 3919/4752 3930/4767 3931/4768 3922/4755 
f 3927/4762 3929/4764 3932/4769 3930/4767 
f 3930/4767 3932/4769 3933/4770 3931/4768 
f 3934/4771 3935/4772 3936/4773 3937/4774 
f 3937/4774 3936/4773 3276/3965 3273/3960 
f 3935/4772 3615/4368 3614/4367 3936/4773 
f 3936/4773 3614/4367 3277/3966 3276/3965 
f 3934/4771 3937/4774 3938/4775 3939/4776 
f 3939/4776 3938/4775 3940/4777 3941/4778 
f 3937/4774 3273/3960 3272/3959 3938/4775 
f 3938/4775 3272/3959 3245/3962 3940/4777 
f 3934/4771 3939/4776 3942/4779 3943/4780 
f 3943/4780 3942/4779 3944/4781 3945/4782 
f 3939/4776 3941/4778 3946/4783 3942/4779 
f 3942/4779 3946/4783 3947/4784 3944/4781 
f 3934/4771 3943/4780 3948/4785 3935/4772 
f 3935/4772 3948/4785 3620/4373 3615/4368 
f 3943/4780 3945/4782 3949/4786 3948/4785 
f 3948/4785 3949/4786 3621/4374 3620/4373 
f 3950/4787 3951/4788 3952/4789 3953/4790 
f 3953/4790 3952/4789 3954/4791 3955/4792 
f 3951/4788 3956/4793 3957/4794 3952/4789 
f 3952/4789 3957/4794 3958/4795 3954/4791 
f 3950/4787 3953/4790 3959/4796 3960/4797 
f 3960/4797 3959/4796 3283/4798 3282/4799 
f 3953/4790 3955/4792 3961/4800 3959/4796 
f 3959/4796 3961/4800 3261/4801 3283/4798 
f 3950/4787 3960/4797 3962/4802 3963/4803 
f 3963/4803 3962/4802 3637/4392 3631/4384 
f 3960/4797 3282/4799 3291/4804 3962/4802 
f 3962/4802 3291/4804 3293/4393 3637/4392 
f 3950/4787 3963/4803 3964/4805 3951/4788 
f 3951/4788 3964/4805 3965/4806 3956/4793 
f 3963/4803 3631/4384 3630/4383 3964/4805 
f 3964/4805 3630/4383 3634/4387 3965/4806 
f 3966/4807 3967/4808 3968/4809 3969/4810 
f 3969/4810 3968/4809 3244/4811 3241/4812 
f 3967/4808 3941/4778 3940/4777 3968/4809 
f 3968/4809 3940/4777 3245/3962 3244/4811 
f 3966/4807 3969/4810 3970/4813 3971/4814 
f 3971/4814 3970/4813 3972/4815 3973/4816 
f 3969/4810 3241/4812 3240/4817 3970/4813 
f 3970/4813 3240/4817 3209/4818 3972/4815 
f 3966/4807 3971/4814 3974/4819 3975/4820 
f 3975/4820 3974/4819 3976/4821 3977/4822 
f 3971/4814 3973/4816 3978/4823 3974/4819 
f 3974/4819 3978/4823 3979/4824 3976/4821 
f 3966/4807 3975/4820 3980/4825 3967/4808 
f 3967/4808 3980/4825 3946/4783 3941/4778 
f 3975/4820 3977/4822 3981/4826 3980/4825 
f 3980/4825 3981/4826 3947/4784 3946/4783 
f 3982/4827 3983/4828 3984/4829 3985/4830 
f 3985/4830 3984/4829 3986/4831 3987/4832 
f 3983/4828 3988/4833 3989/4834 3984/4829 
f 3984/4829 3989/4834 3990/4835 3986/4831 
f 3982/4827 3985/4830 3991/4836 3992/4837 
f 3992/4837 3991/4836 3251/4838 3250/4839 
f 3985/4830 3987/4832 3993/4840 3991/4836 
f 3991/4836 3993/4840 3229/4841 3251/4838 
f 3982/4827 3992/4837 3994/4842 3995/4843 
f 3995/4843 3994/4842 3961/4800 3955/4792 
f 3992/4837 3250/4839 3259/4844 3994/4842 
f 3994/4842 3259/4844 3261/4801 3961/4800 
f 3982/4827 3995/4843 3996/4845 3983/4828 
f 3983/4828 3996/4845 3997/4846 3988/4833 
f 3995/4843 3955/4792 3954/4791 3996/4845 
f 3996/4845 3954/4791 3958/4795 3997/4846 
f 3998/4847 3999/4848 4000/4849 4001/4850 
f 4001/4850 4000/4849 3208/4851 3203/4852 
f 3999/4848 3973/4816 3972/4815 4000/4849 
f 4000/4849 3972/4815 3209/4818 3208/4851 
f 3998/4847 4001/4850 4002/4853 4003/4854 
f 4003/4854 4002/4853 3907/4738 3906/4737 
f 4001/4850 3203/4852 3202/4855 4002/4853 
f 4002/4853 3202/4855 3205/4739 3907/4738 
f 3998/4847 4003/4854 4004/4856 4005/4857 
f 4005/4857 4004/4856 4006/4858 4007/4859 
f 4003/4854 3906/4737 3915/4748 4004/4856 
f 4004/4856 3915/4748 3917/4750 4006/4858 
f 3998/4847 4005/4857 4008/4860 3999/4848 
f 3999/4848 4008/4860 3978/4823 3973/4816 
f 4005/4857 4007/4859 4009/4861 4008/4860 
f 4008/4860 4009/4861 3979/4824 3978/4823 
f 4010/4862 4011/4863 4012/4864 4013/4865 
f 4013/4865 4012/4864 3932/4769 3929/4764 
f 4011/4863 4014/4866 4015/4867 4012/4864 
f 4012/4864 4015/4867 3933/4770 3932/4769 
f 4010/4862 4013/4865 4016/4868 4017/4869 
f 4017/4869 4016/4868 3217/4870 3216/4871 
f 4013/4865 3929/4764 3928/4763 4016/4868 
f 4016/4868 3928/4763 3218/4766 3217/4870 
f 4010/4862 4017/4869 4018/4872 4019/4873 
f 4019/4873 4018/4872 3993/4874 3987/4875 
f 4017/4869 3216/4871 3227/4876 4018/4872 
f 4018/4872 3227/4876 3229/4877 3993/4874 
f 4010/4862 4019/4873 4020/4878 4011/4863 
f 4011/4863 4020/4878 4021/4879 4014/4866 
f 4019/4873 3987/4875 3986/4880 4020/4878 
f 4020/4878 3986/4880 3990/4881 4021/4879 
f 4022/4882 4023/4883 4024/4884 4025/4885 
f 4025/4885 4024/4884 1580/1849 1575/1844 
f 4023/4883 4026/4886 4027/4887 4024/4884 
f 4024/4884 4027/4887 1581/1850 1580/1849 
f 4022/4882 4025/4885 4028/4888 4029/4889 
f 4029/4889 4028/4888 4030/4890 4031/4891 
f 4025/4885 1575/1844 1574/1843 4028/4888 
f 4028/4888 1574/1843 1541/1808 4030/4890 
f 4022/4882 4029/4889 4032/4892 4033/4893 
f 4033/4893 4032/4892 4034/4894 4035/4895 
f 4029/4889 4031/4891 4036/4896 4032/4892 
f 4032/4892 4036/4896 4037/4897 4034/4894 
f 4022/4882 4033/4893 4038/4898 4023/4883 
f 4023/4883 4038/4898 4039/4899 4026/4886 
f 4033/4893 4035/4895 4040/4900 4038/4898 
f 4038/4898 4040/4900 4041/4901 4039/4899 
f 4042/4902 4043/4903 4044/4904 4045/4905 
f 4045/4905 4044/4904 4046/4906 4047/4907 
f 4043/4903 4048/4908 4049/4909 4044/4904 
f 4044/4904 4049/4909 4050/4910 4046/4906 
f 4042/4902 4045/4905 4051/4911 4052/4912 
f 4052/4912 4051/4911 1602/4913 1599/4914 
f 4045/4905 4047/4907 4053/4915 4051/4911 
f 4051/4911 4053/4915 1564/4916 1602/4913 
f 4042/4902 4052/4912 4054/4917 4055/4918 
f 4055/4918 4054/4917 4027/4919 4026/4920 
f 4052/4912 1599/4914 1598/4921 4054/4917 
f 4054/4917 1598/4921 1581/4922 4027/4919 
f 4042/4902 4055/4918 4056/4923 4043/4903 
f 4043/4903 4056/4923 4057/4924 4048/4908 
f 4055/4918 4026/4920 4039/4925 4056/4923 
f 4056/4923 4039/4925 4041/4926 4057/4924 
f 4058/4927 4059/4928 4060/4929 4061/4930 
f 4061/4930 4060/4929 1540/1807 1535/1799 
f 4059/4928 4031/4891 4030/4890 4060/4929 
f 4060/4929 4030/4890 1541/1808 1540/1807 
f 4058/4927 4061/4930 4062/4931 4063/4932 
f 4063/4932 4062/4931 4064/4933 4065/4934 
f 4061/4930 1535/1799 1534/1798 4062/4931 
f 4062/4931 1534/1798 1501/1802 4064/4933 
f 4058/4927 4063/4932 4066/4935 4067/4936 
f 4067/4936 4066/4935 4068/4937 4069/4938 
f 4063/4932 4065/4934 4070/4939 4066/4935 
f 4066/4935 4070/4939 4071/4940 4068/4937 
f 4058/4927 4067/4936 4072/4941 4059/4928 
f 4059/4928 4072/4941 4036/4896 4031/4891 
f 4067/4936 4069/4938 4073/4942 4072/4941 
f 4072/4941 4073/4942 4037/4897 4036/4896 
f 4074/4943 4075/4944 4076/4945 4077/4946 
f 4077/4946 4076/4945 4078/4947 4079/4948 
f 4075/4944 4080/4949 4081/4950 4076/4945 
f 4076/4945 4081/4950 4082/4951 4078/4947 
f 4074/4943 4077/4946 4083/4952 4084/4953 
f 4084/4953 4083/4952 1567/4954 1562/4955 
f 4077/4946 4079/4948 4085/4956 4083/4952 
f 4083/4952 4085/4956 1524/4957 1567/4954 
f 4074/4943 4084/4953 4086/4958 4087/4959 
f 4087/4959 4086/4958 4053/4915 4047/4907 
f 4084/4953 1562/4955 1561/4960 4086/4958 
f 4086/4958 1561/4960 1564/4916 4053/4915 
f 4074/4943 4087/4959 4088/4961 4075/4944 
f 4075/4944 4088/4961 4089/4962 4080/4949 
f 4087/4959 4047/4907 4046/4906 4088/4961 
f 4088/4961 4046/4906 4050/4910 4089/4962 
f 4090/4963 4091/4964 4092/4965 4093/4966 
f 4093/4966 4092/4965 1500/4967 1495/4968 
f 4091/4964 4065/4969 4064/4970 4092/4965 
f 4092/4965 4064/4970 1501/4971 1500/4967 
f 4090/4963 4093/4966 4094/4972 4095/4973 
f 4095/4973 4094/4972 4096/4974 4097/4975 
f 4093/4966 1495/4968 1494/4976 4094/4972 
f 4094/4972 1494/4976 1461/4977 4096/4974 
f 4090/4963 4095/4973 4098/4978 4099/4979 
f 4099/4979 4098/4978 4100/4980 4101/4981 
f 4095/4973 4097/4975 4102/4982 4098/4978 
f 4098/4978 4102/4982 4103/4983 4100/4980 
f 4090/4963 4099/4979 4104/4984 4091/4964 
f 4091/4964 4104/4984 4070/4985 4065/4969 
f 4099/4979 4101/4981 4105/4986 4104/4984 
f 4104/4984 4105/4986 4071/4987 4070/4985 
f 4106/4988 4107/4989 4108/4990 4109/4991 
f 4109/4991 4108/4990 4110/4992 4111/4993 
f 4107/4989 4112/4994 4113/4995 4108/4990 
f 4108/4990 4113/4995 4114/4996 4110/4992 
f 4106/4988 4109/4991 4115/4997 4116/4998 
f 4116/4998 4115/4997 1527/4999 1522/5000 
f 4109/4991 4111/4993 4117/5001 4115/4997 
f 4115/4997 4117/5001 1484/5002 1527/4999 
f 4106/4988 4116/4998 4118/5003 4119/5004 
f 4119/5004 4118/5003 4085/4956 4079/4948 
f 4116/4998 1522/5000 1521/5005 4118/5003 
f 4118/5003 1521/5005 1524/4957 4085/4956 
f 4106/4988 4119/5004 4120/5006 4107/4989 
f 4107/4989 4120/5006 4121/5007 4112/4994 
f 4119/5004 4079/4948 4078/4947 4120/5006 
f 4120/5006 4078/4947 4082/4951 4121/5007 
f 4122/5008 4123/5009 4124/5010 4125/5011 
f 4125/5011 4124/5010 1460/5012 1455/5013 
f 4123/5009 4097/4975 4096/4974 4124/5010 
f 4124/5010 4096/4974 1461/4977 1460/5012 
f 4122/5008 4125/5011 4126/5014 4127/5015 
f 4127/5015 4126/5014 4128/5016 4129/5017 
f 4125/5011 1455/5013 1454/5018 4126/5014 
f 4126/5014 1454/5018 1421/5019 4128/5016 
f 4122/5008 4127/5015 4130/5020 4131/5021 
f 4131/5021 4130/5020 4132/5022 4133/5023 
f 4127/5015 4129/5017 4134/5024 4130/5020 
f 4130/5020 4134/5024 4135/5025 4132/5022 
f 4122/5008 4131/5021 4136/5026 4123/5009 
f 4123/5009 4136/5026 4102/4982 4097/4975 
f 4131/5021 4133/5023 4137/5027 4136/5026 
f 4136/5026 4137/5027 4103/4983 4102/4982 
f 4138/5028 4139/5029 4140/5030 4141/5031 
f 4141/5031 4140/5030 4142/5032 4143/5033 
f 4139/5029 4144/5034 4145/5035 4140/5030 
f 4140/5030 4145/5035 4146/5036 4142/5032 
f 4138/5028 4141/5031 4147/5037 4148/5038 
f 4148/5038 4147/5037 1487/1746 1482/1741 
f 4141/5031 4143/5033 4149/5039 4147/5037 
f 4147/5037 4149/5039 1444/1703 1487/1746 
f 4138/5028 4148/5038 4150/5040 4151/5041 
f 4151/5041 4150/5040 4117/5042 4111/5043 
f 4148/5038 1482/1741 1481/1740 4150/5040 
f 4150/5040 1481/1740 1484/1743 4117/5042 
f 4138/5028 4151/5041 4152/5044 4139/5029 
f 4139/5029 4152/5044 4153/5045 4144/5034 
f 4151/5041 4111/5043 4110/5046 4152/5044 
f 4152/5044 4110/5046 4114/5047 4153/5045 
f 4154/5048 4155/5049 4156/5050 4157/5051 
f 4157/5051 4156/5050 1420/5052 1415/5053 
f 4155/5049 4129/5017 4128/5016 4156/5050 
f 4156/5050 4128/5016 1421/5019 1420/5052 
f 4154/5048 4157/5051 4158/5054 4159/5055 
f 4159/5055 4158/5054 4160/5056 4161/5057 
f 4157/5051 1415/5053 1414/5058 4158/5054 
f 4158/5054 1414/5058 1381/5059 4160/5056 
f 4154/5048 4159/5055 4162/5060 4163/5061 
f 4163/5061 4162/5060 4164/5062 4165/5063 
f 4159/5055 4161/5057 4166/5064 4162/5060 
f 4162/5060 4166/5064 4167/5065 4164/5062 
f 4154/5048 4163/5061 4168/5066 4155/5049 
f 4155/5049 4168/5066 4134/5024 4129/5017 
f 4163/5061 4165/5063 4169/5067 4168/5066 
f 4168/5066 4169/5067 4135/5025 4134/5024 
f 4170/5068 4171/5069 4172/5070 4173/5071 
f 4173/5071 4172/5070 4174/5072 4175/5073 
f 4171/5069 4176/5074 4177/5075 4172/5070 
f 4172/5070 4177/5075 4178/5076 4174/5072 
f 4170/5068 4173/5071 4179/5077 4180/5078 
f 4180/5078 4179/5077 1447/1706 1442/1701 
f 4173/5071 4175/5073 4181/5079 4179/5077 
f 4179/5077 4181/5079 1404/1658 1447/1706 
f 4170/5068 4180/5078 4182/5080 4183/5081 
f 4183/5081 4182/5080 4149/5039 4143/5033 
f 4180/5078 1442/1701 1441/1700 4182/5080 
f 4182/5080 1441/1700 1444/1703 4149/5039 
f 4170/5068 4183/5081 4184/5082 4171/5069 
f 4171/5069 4184/5082 4185/5083 4176/5074 
f 4183/5081 4143/5033 4142/5032 4184/5082 
f 4184/5082 4142/5032 4146/5036 4185/5083 
f 4186/5084 4187/5085 4188/5086 4189/5087 
f 4189/5087 4188/5086 1380/5088 1375/5089 
f 4187/5085 4161/5057 4160/5056 4188/5086 
f 4188/5086 4160/5056 1381/5059 1380/5088 
f 4186/5084 4189/5087 4190/5090 4191/5091 
f 4191/5091 4190/5090 4192/5092 4193/5093 
f 4189/5087 1375/5089 1374/5094 4190/5090 
f 4190/5090 1374/5094 1341/5095 4192/5092 
f 4186/5084 4191/5091 4194/5096 4195/5097 
f 4195/5097 4194/5096 4196/5098 4197/5099 
f 4191/5091 4193/5093 4198/5100 4194/5096 
f 4194/5096 4198/5100 4199/5101 4196/5098 
f 4186/5084 4195/5097 4200/5102 4187/5085 
f 4187/5085 4200/5102 4166/5064 4161/5057 
f 4195/5097 4197/5099 4201/5103 4200/5102 
f 4200/5102 4201/5103 4167/5065 4166/5064 
f 4202/5104 4203/5105 4204/5106 4205/5107 
f 4205/5107 4204/5106 4206/5108 4207/5109 
f 4203/5105 4208/5110 4209/5111 4204/5106 
f 4204/5106 4209/5111 4210/5112 4206/5108 
f 4202/5104 4205/5107 4211/5113 4212/5114 
f 4212/5114 4211/5113 1407/1663 1402/1656 
f 4205/5107 4207/5109 4213/5115 4211/5113 
f 4211/5113 4213/5115 1364/1664 1407/1663 
f 4202/5104 4212/5114 4214/5116 4215/5117 
f 4215/5117 4214/5116 4181/5079 4175/5073 
f 4212/5114 1402/1656 1401/1655 4214/5116 
f 4214/5116 1401/1655 1404/1658 4181/5079 
f 4202/5104 4215/5117 4216/5118 4203/5105 
f 4203/5105 4216/5118 4217/5119 4208/5110 
f 4215/5117 4175/5073 4174/5072 4216/5118 
f 4216/5118 4174/5072 4178/5076 4217/5119 
f 4218/5120 4219/5121 4220/5122 4221/5123 
f 4221/5123 4220/5122 1340/5124 1335/5125 
f 4219/5121 4193/5093 4192/5092 4220/5122 
f 4220/5122 4192/5092 1341/5095 1340/5124 
f 4218/5120 4221/5123 4222/5126 4223/5127 
f 4223/5127 4222/5126 4224/5128 4225/5129 
f 4221/5123 1335/5125 1334/5130 4222/5126 
f 4222/5126 1334/5130 1301/5131 4224/5128 
f 4218/5120 4223/5127 4226/5132 4227/5133 
f 4227/5133 4226/5132 4228/5134 4229/5135 
f 4223/5127 4225/5129 4230/5136 4226/5132 
f 4226/5132 4230/5136 4231/5137 4228/5134 
f 4218/5120 4227/5133 4232/5138 4219/5121 
f 4219/5121 4232/5138 4198/5100 4193/5093 
f 4227/5133 4229/5135 4233/5139 4232/5138 
f 4232/5138 4233/5139 4199/5101 4198/5100 
f 4234/5140 4235/5141 4236/5142 4237/5143 
f 4237/5143 4236/5142 4238/5144 4239/5145 
f 4235/5141 4240/5146 4241/5147 4236/5142 
f 4236/5142 4241/5147 4242/5148 4238/5144 
f 4234/5140 4237/5143 4243/5149 4244/5150 
f 4244/5150 4243/5149 1367/5151 1362/5152 
f 4237/5143 4239/5145 4245/5153 4243/5149 
f 4243/5149 4245/5153 1324/5154 1367/5151 
f 4234/5140 4244/5150 4246/5155 4247/5156 
f 4247/5156 4246/5155 4213/5157 4207/5158 
f 4244/5150 1362/5152 1361/5159 4246/5155 
f 4246/5155 1361/5159 1364/5160 4213/5157 
f 4234/5140 4247/5156 4248/5161 4235/5141 
f 4235/5141 4248/5161 4249/5162 4240/5146 
f 4247/5156 4207/5158 4206/5163 4248/5161 
f 4248/5161 4206/5163 4210/5164 4249/5162 
f 4250/5165 4251/5166 4252/5167 4253/5168 
f 4253/5168 4252/5167 1300/5169 1295/5170 
f 4251/5166 4225/5171 4224/5172 4252/5167 
f 4252/5167 4224/5172 1301/5173 1300/5169 
f 4250/5165 4253/5168 4254/5174 4255/5175 
f 4255/5175 4254/5174 4256/5176 4257/5177 
f 4253/5168 1295/5170 1294/5178 4254/5174 
f 4254/5174 1294/5178 1261/5179 4256/5176 
f 4250/5165 4255/5175 4258/5180 4259/5181 
f 4259/5181 4258/5180 4260/5182 4261/5183 
f 4255/5175 4257/5177 4262/5184 4258/5180 
f 4258/5180 4262/5184 4263/5185 4260/5182 
f 4250/5165 4259/5181 4264/5186 4251/5166 
f 4251/5166 4264/5186 4230/5187 4225/5171 
f 4259/5181 4261/5183 4265/5188 4264/5186 
f 4264/5186 4265/5188 4231/5189 4230/5187 
f 4266/5190 4267/5191 4268/5192 4269/5193 
f 4269/5193 4268/5192 4270/5194 4271/5195 
f 4267/5191 4272/5196 4273/5197 4268/5192 
f 4268/5192 4273/5197 4274/5198 4270/5194 
f 4266/5190 4269/5193 4275/5199 4276/5200 
f 4276/5200 4275/5199 1327/5201 1322/5202 
f 4269/5193 4271/5195 4277/5203 4275/5199 
f 4275/5199 4277/5203 1284/5204 1327/5201 
f 4266/5190 4276/5200 4278/5205 4279/5206 
f 4279/5206 4278/5205 4245/5153 4239/5145 
f 4276/5200 1322/5202 1321/5207 4278/5205 
f 4278/5205 1321/5207 1324/5154 4245/5153 
f 4266/5190 4279/5206 4280/5208 4267/5191 
f 4267/5191 4280/5208 4281/5209 4272/5196 
f 4279/5206 4239/5145 4238/5144 4280/5208 
f 4280/5208 4238/5144 4242/5148 4281/5209 
f 4282/5210 4283/5211 4284/5212 4285/5213 
f 4285/5213 4284/5212 1260/5214 1255/5215 
f 4283/5211 4257/5177 4256/5176 4284/5212 
f 4284/5212 4256/5176 1261/5179 1260/5214 
f 4282/5210 4285/5213 4286/5216 4287/5217 
f 4287/5217 4286/5216 4288/5218 4289/5219 
f 4285/5213 1255/5215 1254/5220 4286/5216 
f 4286/5216 1254/5220 1214/1458 4288/5218 
f 4282/5210 4287/5217 4290/5221 4291/5222 
f 4291/5222 4290/5221 4292/5223 4293/5224 
f 4287/5217 4289/5219 4294/5225 4290/5221 
f 4290/5221 4294/5225 4295/5226 4292/5223 
f 4282/5210 4291/5222 4296/5227 4283/5211 
f 4283/5211 4296/5227 4262/5184 4257/5177 
f 4291/5222 4293/5224 4297/5228 4296/5227 
f 4296/5227 4297/5228 4263/5185 4262/5184 
f 4298/5229 4299/5230 4300/5231 4301/5232 
f 4301/5232 4300/5231 4302/5233 4303/5234 
f 4299/5230 4304/5235 4305/5236 4300/5231 
f 4300/5231 4305/5236 4306/5237 4302/5233 
f 4298/5229 4301/5232 4307/5238 4308/5239 
f 4308/5239 4307/5238 1287/5240 1282/5241 
f 4301/5232 4303/5234 4309/5242 4307/5238 
f 4307/5238 4309/5242 1239/5243 1287/5240 
f 4298/5229 4308/5239 4310/5244 4311/5245 
f 4311/5245 4310/5244 4277/5203 4271/5195 
f 4308/5239 1282/5241 1281/5246 4310/5244 
f 4310/5244 1281/5246 1284/5204 4277/5203 
f 4298/5229 4311/5245 4312/5247 4299/5230 
f 4299/5230 4312/5247 4313/5248 4304/5235 
f 4311/5245 4271/5195 4270/5194 4312/5247 
f 4312/5247 4270/5194 4274/5198 4313/5248 
f 4314/5249 4315/5250 4316/5251 4317/5252 
f 4317/5252 4316/5251 4318/5253 4319/5254 
f 4315/5250 4320/5255 4321/5256 4316/5251 
f 4316/5251 4321/5256 4322/5257 4318/5253 
f 4314/5249 4317/5252 4323/5258 4324/5259 
f 4324/5259 4323/5258 4325/5260 4326/5261 
f 4317/5252 4319/5254 4327/5262 4323/5258 
f 4323/5258 4327/5262 4328/5263 4325/5260 
f 4314/5249 4324/5259 4329/5264 4330/5265 
f 4330/5265 4329/5264 4331/5266 4332/5267 
f 4324/5259 4326/5261 4333/5268 4329/5264 
f 4329/5264 4333/5268 4334/5269 4331/5266 
f 4314/5249 4330/5265 4335/5270 4315/5250 
f 4315/5250 4335/5270 4336/5271 4320/5255 
f 4330/5265 4332/5267 4337/5272 4335/5270 
f 4335/5270 4337/5272 4338/5273 4336/5271 
f 4339/5274 4340/5275 4341/5276 4342/5277 
f 4342/5277 4341/5276 4343/5278 4344/5279 
f 4340/5275 4345/5280 4346/5281 4341/5276 
f 4341/5276 4346/5281 4347/5282 4343/5278 
f 4339/5274 4342/5277 4348/5283 4349/5284 
f 4349/5284 4348/5283 4327/5285 4319/5286 
f 4342/5277 4344/5279 4350/5287 4348/5283 
f 4348/5283 4350/5287 4328/5288 4327/5285 
f 4339/5274 4349/5284 4351/5289 4352/5290 
f 4352/5290 4351/5289 4353/5291 4354/5292 
f 4349/5284 4319/5286 4318/5293 4351/5289 
f 4351/5289 4318/5293 4322/5294 4353/5291 
f 4339/5274 4352/5290 4355/5295 4340/5275 
f 4340/5275 4355/5295 4356/5296 4345/5280 
f 4352/5290 4354/5292 4357/5297 4355/5295 
f 4355/5295 4357/5297 4358/5298 4356/5296 
f 4359/5299 4360/5300 4361/5301 4362/5302 
f 4362/5302 4361/5301 4363/5303 4364/5304 
f 4360/5300 4365/5305 4366/5306 4361/5301 
f 4361/5301 4366/5306 4367/5307 4363/5303 
f 4359/5299 4362/5302 4368/5308 4369/5309 
f 4369/5309 4368/5308 4321/5310 4320/5311 
f 4362/5302 4364/5304 4370/5312 4368/5308 
f 4368/5308 4370/5312 4322/5294 4321/5310 
f 4359/5299 4369/5309 4371/5313 4372/5314 
f 4372/5314 4371/5313 4373/5315 4374/5316 
f 4369/5309 4320/5311 4336/5317 4371/5313 
f 4371/5313 4336/5317 4338/5318 4373/5315 
f 4359/5299 4372/5314 4375/5319 4360/5300 
f 4360/5300 4375/5319 4376/5320 4365/5305 
f 4372/5314 4374/5316 4377/5321 4375/5319 
f 4375/5319 4377/5321 4378/5322 4376/5320 
f 4379/5323 4380/5324 4381/5325 4382/5326 
f 4382/5326 4381/5325 4357/5297 4354/5292 
f 4380/5324 4383/5327 4384/5328 4381/5325 
f 4381/5325 4384/5328 4358/5298 4357/5297 
f 4379/5323 4382/5326 4385/5329 4386/5330 
f 4386/5330 4385/5329 4370/5312 4364/5304 
f 4382/5326 4354/5292 4353/5291 4385/5329 
f 4385/5329 4353/5291 4322/5294 4370/5312 
f 4379/5323 4386/5330 4387/5331 4388/5332 
f 4388/5332 4387/5331 4389/5333 4390/5334 
f 4386/5330 4364/5304 4363/5303 4387/5331 
f 4387/5331 4363/5303 4367/5307 4389/5333 
f 4379/5323 4388/5332 4391/5335 4380/5324 
f 4380/5324 4391/5335 4392/5336 4383/5327 
f 4388/5332 4390/5334 4393/5337 4391/5335 
f 4391/5335 4393/5337 4394/5338 4392/5336 
f 4395/5339 4396/5340 4397/5341 4398/5342 
f 4398/5342 4397/5341 4399/5343 4400/5344 
f 4396/5340 4401/5345 4402/5346 4397/5341 
f 4397/5341 4402/5346 4403/5347 4399/5343 
f 4395/5339 4398/5342 4404/5348 4405/5349 
f 4405/5349 4404/5348 4366/5306 4365/5305 
f 4398/5342 4400/5344 4406/5350 4404/5348 
f 4404/5348 4406/5350 4367/5307 4366/5306 
f 4395/5339 4405/5349 4407/5351 4408/5352 
f 4408/5352 4407/5351 4409/5353 4410/5354 
f 4405/5349 4365/5305 4376/5320 4407/5351 
f 4407/5351 4376/5320 4378/5322 4409/5353 
f 4395/5339 4408/5352 4411/5355 4396/5340 
f 4396/5340 4411/5355 4412/5356 4401/5345 
f 4408/5352 4410/5354 4413/5357 4411/5355 
f 4411/5355 4413/5357 4414/5358 4412/5356 
f 4415/5359 4416/5360 4417/5361 4418/5362 
f 4418/5362 4417/5361 4393/5337 4390/5334 
f 4416/5360 4419/5363 4420/5364 4417/5361 
f 4417/5361 4420/5364 4394/5338 4393/5337 
f 4415/5359 4418/5362 4421/5365 4422/5366 
f 4422/5366 4421/5365 4406/5350 4400/5344 
f 4418/5362 4390/5334 4389/5333 4421/5365 
f 4421/5365 4389/5333 4367/5307 4406/5350 
f 4415/5359 4422/5366 4423/5367 4424/5368 
f 4424/5368 4423/5367 4425/5369 4426/5370 
f 4422/5366 4400/5344 4399/5343 4423/5367 
f 4423/5367 4399/5343 4403/5347 4425/5369 
f 4415/5359 4424/5368 4427/5371 4416/5360 
f 4416/5360 4427/5371 4428/5372 4419/5363 
f 4424/5368 4426/5370 4429/5373 4427/5371 
f 4427/5371 4429/5373 4430/5374 4428/5372 
f 4431/5375 4432/5376 4433/5377 4434/5378 
f 4434/5378 4433/5377 1002/5379 1001/5380 
f 4432/5376 4435/5381 4436/5382 4433/5377 
f 4433/5377 4436/5382 1003/5383 1002/5379 
f 4431/5375 4434/5378 4437/5384 4438/5385 
f 4438/5385 4437/5384 4439/5386 4440/5387 
f 4434/5378 1001/5380 1017/5388 4437/5384 
f 4437/5384 1017/5388 1019/5389 4439/5386 
f 4431/5375 4438/5385 4441/5390 4442/5391 
f 4442/5391 4441/5390 4402/5392 4401/5393 
f 4438/5385 4440/5387 4443/5394 4441/5390 
f 4441/5390 4443/5394 4403/5395 4402/5392 
f 4431/5375 4442/5391 4444/5396 4432/5376 
f 4432/5376 4444/5396 4445/5397 4435/5381 
f 4442/5391 4401/5393 4412/5398 4444/5396 
f 4444/5396 4412/5398 4414/5399 4445/5397 
f 4446/5400 4447/5401 4448/5402 4449/5403 
f 4449/5403 4448/5402 4443/5404 4440/5405 
f 4447/5401 4426/5406 4425/5407 4448/5402 
f 4448/5402 4425/5407 4403/5408 4443/5404 
f 4446/5400 4449/5403 4450/5409 4451/5410 
f 4451/5410 4450/5409 1039/1273 1035/1269 
f 4449/5403 4440/5405 4439/5411 4450/5409 
f 4450/5409 4439/5411 1019/1253 1039/1273 
f 4446/5400 4451/5410 4452/5412 4453/5413 
f 4453/5413 4452/5412 4454/5414 4455/5415 
f 4451/5410 1035/1269 1034/1268 4452/5412 
f 4452/5412 1034/1268 1037/1271 4454/5414 
f 4446/5400 4453/5413 4456/5416 4447/5401 
f 4447/5401 4456/5416 4429/5417 4426/5406 
f 4453/5413 4455/5415 4457/5418 4456/5416 
f 4456/5416 4457/5418 4430/5419 4429/5417 
f 4458/5420 4459/5421 4460/5422 4461/5423 
f 4461/5423 4460/5422 1047/5424 1046/5425 
f 4459/5421 4462/5426 4463/5427 4460/5422 
f 4460/5422 4463/5427 1048/5428 1047/5424 
f 4458/5420 4461/5423 4464/5429 4465/5430 
f 4465/5430 4464/5429 4436/5382 4435/5381 
f 4461/5423 1046/5425 1059/5431 4464/5429 
f 4464/5429 1059/5431 1003/5383 4436/5382 
f 4458/5420 4465/5430 4466/5432 4467/5433 
f 4467/5433 4466/5432 4468/5434 4469/5435 
f 4465/5430 4435/5381 4445/5397 4466/5432 
f 4466/5432 4445/5397 4414/5399 4468/5434 
f 4458/5420 4467/5433 4470/5436 4459/5421 
f 4459/5421 4470/5436 4471/5437 4462/5426 
f 4467/5433 4469/5435 4472/5438 4470/5436 
f 4470/5436 4472/5438 4473/5439 4471/5437 
f 4474/5440 4475/5441 4476/5442 4477/5443 
f 4477/5443 4476/5442 4457/5444 4455/5445 
f 4475/5441 4478/5446 4479/5447 4476/5442 
f 4476/5442 4479/5447 4430/5448 4457/5444 
f 4474/5440 4477/5443 4480/5449 4481/5450 
f 4481/5450 4480/5449 1079/5451 1075/5452 
f 4477/5443 4455/5445 4454/5453 4480/5449 
f 4480/5449 4454/5453 1037/5454 1079/5451 
f 4474/5440 4481/5450 4482/5455 4483/5456 
f 4483/5456 4482/5455 4484/5457 4485/5458 
f 4481/5450 1075/5452 1074/5459 4482/5455 
f 4482/5455 1074/5459 1077/5460 4484/5457 
f 4474/5440 4483/5456 4486/5461 4475/5441 
f 4475/5441 4486/5461 4487/5462 4478/5446 
f 4483/5456 4485/5458 4488/5463 4486/5461 
f 4486/5461 4488/5463 4489/5464 4487/5462 
f 4490/5465 4491/5466 4492/5467 4493/5468 
f 4493/5468 4492/5467 1087/5469 1086/5470 
f 4491/5466 4494/5471 4495/5472 4492/5467 
f 4492/5467 4495/5472 1088/5473 1087/5469 
f 4490/5465 4493/5468 4496/5474 4497/5475 
f 4497/5475 4496/5474 4463/5427 4462/5426 
f 4493/5468 1086/5470 1099/5476 4496/5474 
f 4496/5474 1099/5476 1048/5428 4463/5427 
f 4490/5465 4497/5475 4498/5477 4499/5478 
f 4499/5478 4498/5477 4500/5479 4501/5480 
f 4497/5475 4462/5426 4471/5437 4498/5477 
f 4498/5477 4471/5437 4473/5439 4500/5479 
f 4490/5465 4499/5478 4502/5481 4491/5466 
f 4491/5466 4502/5481 4503/5482 4494/5471 
f 4499/5478 4501/5480 4504/5483 4502/5481 
f 4502/5481 4504/5483 4505/5484 4503/5482 
f 4506/5485 4507/5486 4508/5487 4509/5488 
f 4509/5488 4508/5487 4488/5489 4485/5490 
f 4507/5486 4510/5491 4511/5492 4508/5487 
f 4508/5487 4511/5492 4489/5493 4488/5489 
f 4506/5485 4509/5488 4512/5494 4513/5495 
f 4513/5495 4512/5494 1119/5496 1115/5497 
f 4509/5488 4485/5490 4484/5498 4512/5494 
f 4512/5494 4484/5498 1077/5499 1119/5496 
f 4506/5485 4513/5495 4514/5500 4515/5501 
f 4515/5501 4514/5500 4516/5502 4517/5503 
f 4513/5495 1115/5497 1114/5504 4514/5500 
f 4514/5500 1114/5504 1117/5505 4516/5502 
f 4506/5485 4515/5501 4518/5506 4507/5486 
f 4507/5486 4518/5506 4519/5507 4510/5491 
f 4515/5501 4517/5503 4520/5508 4518/5506 
f 4518/5506 4520/5508 4521/5509 4519/5507 
f 4522/5510 4523/5511 4524/5512 4525/5513 
f 4525/5513 4524/5512 1127/5514 1126/5515 
f 4523/5511 4526/5516 4527/5517 4524/5512 
f 4524/5512 4527/5517 1128/5518 1127/5514 
f 4522/5510 4525/5513 4528/5519 4529/5520 
f 4529/5520 4528/5519 4495/5521 4494/5522 
f 4525/5513 1126/5515 1139/5523 4528/5519 
f 4528/5519 1139/5523 1088/5524 4495/5521 
f 4522/5510 4529/5520 4530/5525 4531/5526 
f 4531/5526 4530/5525 4532/5527 4533/5528 
f 4529/5520 4494/5522 4503/5529 4530/5525 
f 4530/5525 4503/5529 4505/5530 4532/5527 
f 4522/5510 4531/5526 4534/5531 4523/5511 
f 4523/5511 4534/5531 4535/5532 4526/5516 
f 4531/5526 4533/5528 4536/5533 4534/5531 
f 4534/5531 4536/5533 4537/5534 4535/5532 
f 4538/5535 4539/5536 4540/5537 4541/5538 
f 4541/5538 4540/5537 4520/5539 4517/5540 
f 4539/5536 4542/5541 4543/5542 4540/5537 
f 4540/5537 4543/5542 4521/5543 4520/5539 
f 4538/5535 4541/5538 4544/5544 4545/5545 
f 4545/5545 4544/5544 1159/5546 1155/5547 
f 4541/5538 4517/5540 4516/5548 4544/5544 
f 4544/5544 4516/5548 1117/5549 1159/5546 
f 4538/5535 4545/5545 4546/5550 4547/5551 
f 4547/5551 4546/5550 4548/5552 4549/5553 
f 4545/5545 1155/5547 1154/5554 4546/5550 
f 4546/5550 1154/5554 1157/1443 4548/5552 
f 4538/5535 4547/5551 4550/5555 4539/5536 
f 4539/5536 4550/5555 4551/5556 4542/5541 
f 4547/5551 4549/5553 4552/5557 4550/5555 
f 4550/5555 4552/5557 4553/5558 4551/5556 
f 4554/5559 4555/5560 4556/5561 4557/5562 
f 4557/5562 4556/5561 4558/5563 4559/5564 
f 4555/5560 4533/5565 4532/5566 4556/5561 
f 4556/5561 4532/5566 4505/5567 4558/5563 
f 4554/5559 4557/5562 4560/5568 4561/5569 
f 4561/5569 4560/5568 4377/5321 4374/5316 
f 4557/5562 4559/5564 4562/5570 4560/5568 
f 4560/5568 4562/5570 4378/5322 4377/5321 
f 4554/5559 4561/5569 4563/5571 4564/5572 
f 4564/5572 4563/5571 4565/5573 4566/5574 
f 4561/5569 4374/5316 4373/5315 4563/5571 
f 4563/5571 4373/5315 4338/5318 4565/5573 
f 4554/5559 4564/5572 4567/5575 4555/5560 
f 4555/5560 4567/5575 4536/5576 4533/5565 
f 4564/5572 4566/5574 4568/5577 4567/5575 
f 4567/5575 4568/5577 4537/5578 4536/5576 
f 4569/5579 4570/5580 4571/5581 4572/5582 
f 4572/5582 4571/5581 4384/5328 4383/5327 
f 4570/5580 4573/5583 4574/5584 4571/5581 
f 4571/5581 4574/5584 4358/5298 4384/5328 
f 4569/5579 4572/5582 4575/5585 4576/5586 
f 4576/5586 4575/5585 4577/5587 4578/5588 
f 4572/5582 4383/5327 4392/5336 4575/5585 
f 4575/5585 4392/5336 4394/5338 4577/5587 
f 4569/5579 4576/5586 4579/5589 4580/5590 
f 4580/5590 4579/5589 4543/5591 4542/5592 
f 4576/5586 4578/5588 4581/5593 4579/5589 
f 4579/5589 4581/5593 4521/5509 4543/5591 
f 4569/5579 4580/5590 4582/5594 4570/5580 
f 4570/5580 4582/5594 4583/5595 4573/5583 
f 4580/5590 4542/5592 4551/5596 4582/5594 
f 4582/5594 4551/5596 4553/5597 4583/5595 
f 4584/5598 4585/5599 4586/5600 4587/5601 
f 4587/5601 4586/5600 4504/5602 4501/5603 
f 4585/5599 4559/5564 4558/5563 4586/5600 
f 4586/5600 4558/5563 4505/5567 4504/5602 
f 4584/5598 4587/5601 4588/5604 4589/5605 
f 4589/5605 4588/5604 4472/5606 4469/5607 
f 4587/5601 4501/5603 4500/5608 4588/5604 
f 4588/5604 4500/5608 4473/5609 4472/5606 
f 4584/5598 4589/5605 4590/5610 4591/5611 
f 4591/5611 4590/5610 4413/5357 4410/5354 
f 4589/5605 4469/5607 4468/5612 4590/5610 
f 4590/5610 4468/5612 4414/5358 4413/5357 
f 4584/5598 4591/5611 4592/5613 4585/5599 
f 4585/5599 4592/5613 4562/5570 4559/5564 
f 4591/5611 4410/5354 4409/5353 4592/5613 
f 4592/5613 4409/5353 4378/5322 4562/5570 
f 4593/5614 4594/5615 4595/5616 4596/5617 
f 4596/5617 4595/5616 4479/5618 4478/5619 
f 4594/5615 4419/5363 4428/5372 4595/5616 
f 4595/5616 4428/5372 4430/5374 4479/5618 
f 4593/5614 4596/5617 4597/5620 4598/5621 
f 4598/5621 4597/5620 4511/5492 4510/5491 
f 4596/5617 4478/5619 4487/5622 4597/5620 
f 4597/5620 4487/5622 4489/5493 4511/5492 
f 4593/5614 4598/5621 4599/5623 4600/5624 
f 4600/5624 4599/5623 4581/5593 4578/5588 
f 4598/5621 4510/5491 4519/5507 4599/5623 
f 4599/5623 4519/5507 4521/5509 4581/5593 
f 4593/5614 4600/5624 4601/5625 4594/5615 
f 4594/5615 4601/5625 4420/5364 4419/5363 
f 4600/5624 4578/5588 4577/5587 4601/5625 
f 4601/5625 4577/5587 4394/5338 4420/5364 
f 4602/5626 4603/5627 4604/5628 4605/5629 
f 4605/5629 4604/5628 4606/5630 4607/5631 
f 4603/5627 4608/5632 4609/5633 4604/5628 
f 4604/5628 4609/5633 4610/5634 4606/5630 
f 4602/5626 4605/5629 4611/5635 4612/5636 
f 4612/5636 4611/5635 4568/5637 4566/5638 
f 4605/5629 4607/5631 4613/5639 4611/5635 
f 4611/5635 4613/5639 4537/5640 4568/5637 
f 4602/5626 4612/5636 4614/5641 4615/5642 
f 4615/5642 4614/5641 4337/5272 4332/5267 
f 4612/5636 4566/5638 4565/5643 4614/5641 
f 4614/5641 4565/5643 4338/5273 4337/5272 
f 4602/5626 4615/5642 4616/5644 4603/5627 
f 4603/5627 4616/5644 4617/5645 4608/5632 
f 4615/5642 4332/5267 4331/5266 4616/5644 
f 4616/5644 4331/5266 4334/5269 4617/5645 
f 4618/5646 4619/5647 4620/5648 4621/5649 
f 4621/5649 4620/5648 4574/5584 4573/5583 
f 4619/5647 4345/5280 4356/5296 4620/5648 
f 4620/5648 4356/5296 4358/5298 4574/5584 
f 4618/5646 4621/5649 4622/5650 4623/5651 
f 4623/5651 4622/5650 4624/5652 4625/5653 
f 4621/5649 4573/5583 4583/5595 4622/5650 
f 4622/5650 4583/5595 4553/5597 4624/5652 
f 4618/5646 4623/5651 4626/5654 4627/5655 
f 4627/5655 4626/5654 4628/5656 4629/5657 
f 4623/5651 4625/5653 4630/5658 4626/5654 
f 4626/5654 4630/5658 4631/5659 4628/5656 
f 4618/5646 4627/5655 4632/5660 4619/5647 
f 4619/5647 4632/5660 4346/5281 4345/5280 
f 4627/5655 4629/5657 4633/5661 4632/5660 
f 4632/5660 4633/5661 4347/5282 4346/5281 
f 4634/5662 4635/5663 4636/5664 4637/5665 
f 4637/5665 4636/5664 1167/5666 1166/5667 
f 4635/5663 4638/5668 4639/5669 4636/5664 
f 4636/5664 4639/5669 1168/5670 1167/5666 
f 4634/5662 4637/5665 4640/5671 4641/5672 
f 4641/5672 4640/5671 4527/5517 4526/5516 
f 4637/5665 1166/5667 1179/5673 4640/5671 
f 4640/5671 1179/5673 1128/5518 4527/5517 
f 4634/5662 4641/5672 4642/5674 4643/5675 
f 4643/5675 4642/5674 4613/5676 4607/5677 
f 4641/5672 4526/5516 4535/5532 4642/5674 
f 4642/5674 4535/5532 4537/5534 4613/5676 
f 4634/5662 4643/5675 4644/5678 4635/5663 
f 4635/5663 4644/5678 4645/5679 4638/5668 
f 4643/5675 4607/5677 4606/5680 4644/5678 
f 4644/5678 4606/5680 4610/5681 4645/5679 
f 4646/5682 4647/5683 4648/5684 4649/5685 
f 4649/5685 4648/5684 4552/5557 4549/5553 
f 4647/5683 4625/5686 4624/5687 4648/5684 
f 4648/5684 4624/5687 4553/5558 4552/5557 
f 4646/5682 4649/5685 4650/5688 4651/5689 
f 4651/5689 4650/5688 1199/1442 1195/1437 
f 4649/5685 4549/5553 4548/5552 4650/5688 
f 4650/5688 4548/5552 1157/1443 1199/1442 
f 4646/5682 4651/5689 4652/5690 4653/5691 
f 4653/5691 4652/5690 4654/5692 4655/5693 
f 4651/5689 1195/1437 1194/1436 4652/5690 
f 4652/5690 1194/1436 1197/1439 4654/5692 
f 4646/5682 4653/5691 4656/5694 4647/5683 
f 4647/5683 4656/5694 4630/5695 4625/5686 
f 4653/5691 4655/5693 4657/5696 4656/5694 
f 4656/5694 4657/5696 4631/5697 4630/5695 
f 4658/5698 4659/5699 4660/5700 4661/5701 
f 4661/5701 4660/5700 4662/5702 4663/5703 
f 4659/5699 2842/5704 2841/5705 4660/5700 
f 4660/5700 2841/5705 2816/5706 4662/5702 
f 4658/5698 4661/5701 4664/5707 4665/5708 
f 4665/5708 4664/5707 4666/5709 4667/5710 
f 4661/5701 4663/5703 4668/5711 4664/5707 
f 4664/5707 4668/5711 4669/5712 4666/5709 
f 4658/5698 4665/5708 4670/5713 4671/5714 
f 4671/5714 4670/5713 4672/5715 4673/5716 
f 4665/5708 4667/5710 4674/5717 4670/5713 
f 4670/5713 4674/5717 4675/5718 4672/5715 
f 4658/5698 4671/5714 4676/5719 4659/5699 
f 4659/5699 4676/5719 2847/5720 2842/5704 
f 4671/5714 4673/5716 4677/5721 4676/5719 
f 4676/5719 4677/5721 2848/5722 2847/5720 
f 4678/5723 4679/5724 4680/5725 4681/5726 
f 4681/5726 4680/5725 4682/5727 4683/5728 
f 4679/5724 4684/5729 4685/5730 4680/5725 
f 4680/5725 4685/5730 4686/5731 4682/5727 
f 4678/5723 4681/5726 4687/5732 4688/5733 
f 4688/5733 4687/5732 4689/5734 4690/5735 
f 4681/5726 4683/5728 4691/5736 4687/5732 
f 4687/5732 4691/5736 4692/5737 4689/5734 
f 4678/5723 4688/5733 4693/5738 4694/5739 
f 4694/5739 4693/5738 2867/3397 2862/3392 
f 4688/5733 4690/5735 4695/5740 4693/5738 
f 4693/5738 4695/5740 2832/3358 2867/3397 
f 4678/5723 4694/5739 4696/5741 4679/5724 
f 4679/5724 4696/5741 4697/5742 4684/5729 
f 4694/5739 2862/3392 2861/3391 4696/5741 
f 4696/5741 2861/3391 2864/3394 4697/5742 
f 4698/5743 4699/5744 4700/5745 4701/5746 
f 4701/5746 4700/5745 4639/5669 4638/5668 
f 4699/5744 2810/5747 2809/5748 4700/5745 
f 4700/5745 2809/5748 1168/5670 4639/5669 
f 4698/5743 4701/5746 4702/5749 4703/5750 
f 4703/5750 4702/5749 4704/5751 4705/5752 
f 4701/5746 4638/5668 4645/5679 4702/5749 
f 4702/5749 4645/5679 4610/5681 4704/5751 
f 4698/5743 4703/5750 4706/5753 4707/5754 
f 4707/5754 4706/5753 4668/5711 4663/5703 
f 4703/5750 4705/5752 4708/5755 4706/5753 
f 4706/5753 4708/5755 4669/5712 4668/5711 
f 4698/5743 4707/5754 4709/5756 4699/5744 
f 4699/5744 4709/5756 2815/5757 2810/5747 
f 4707/5754 4663/5703 4662/5702 4709/5756 
f 4709/5756 4662/5702 2816/5706 2815/5757 
f 4710/5758 4711/5759 4712/5760 4713/5761 
f 4713/5761 4712/5760 4714/5762 4715/5763 
f 4711/5759 4690/5735 4689/5734 4712/5760 
f 4712/5760 4689/5734 4692/5737 4714/5762 
f 4710/5758 4713/5761 4716/5764 4717/5765 
f 4717/5765 4716/5764 4657/5696 4655/5693 
f 4713/5761 4715/5763 4718/5766 4716/5764 
f 4716/5764 4718/5766 4631/5697 4657/5696 
f 4710/5758 4717/5765 4719/5767 4720/5768 
f 4720/5768 4719/5767 2835/3361 2830/3356 
f 4717/5765 4655/5693 4654/5692 4719/5767 
f 4719/5767 4654/5692 1197/1439 2835/3361 
f 4710/5758 4720/5768 4721/5769 4711/5759 
f 4711/5759 4721/5769 4695/5740 4690/5735 
f 4720/5768 2830/3356 2829/3355 4721/5769 
f 4721/5769 2829/3355 2832/3358 4695/5740 
f 4722/5770 4723/5771 4724/5772 4725/5773 
f 4725/5773 4724/5772 2874/5774 2873/5775 
f 4723/5771 4726/5776 4727/5777 4724/5772 
f 4724/5772 4727/5777 1208/5778 2874/5774 
f 4722/5770 4725/5773 4728/5779 4729/5780 
f 4729/5780 4728/5779 4677/5721 4673/5716 
f 4725/5773 2873/5775 2880/5781 4728/5779 
f 4728/5779 2880/5781 2848/5722 4677/5721 
f 4722/5770 4729/5780 4730/5782 4731/5783 
f 4731/5783 4730/5782 4732/5784 4733/5785 
f 4729/5780 4673/5716 4672/5715 4730/5782 
f 4730/5782 4672/5715 4675/5718 4732/5784 
f 4722/5770 4731/5783 4734/5786 4723/5771 
f 4723/5771 4734/5786 4735/5787 4726/5776 
f 4731/5783 4733/5785 4736/5788 4734/5786 
f 4734/5786 4736/5788 4737/5789 4735/5787 
f 4738/5790 4739/5791 4740/5792 4741/5793 
f 4741/5793 4740/5792 4685/5730 4684/5729 
f 4739/5791 4742/5794 4743/5795 4740/5792 
f 4740/5792 4743/5795 4686/5731 4685/5730 
f 4738/5790 4741/5793 4744/5796 4745/5797 
f 4745/5797 4744/5796 2892/3439 2890/3435 
f 4741/5793 4684/5729 4697/5742 4744/5796 
f 4744/5796 4697/5742 2864/3394 2892/3439 
f 4738/5790 4745/5797 4746/5798 4747/5799 
f 4747/5799 4746/5798 4748/5800 4749/5801 
f 4745/5797 2890/3435 2889/3434 4746/5798 
f 4746/5798 2889/3434 1245/3437 4748/5800 
f 4738/5790 4747/5799 4750/5802 4739/5791 
f 4739/5791 4750/5802 4751/5803 4742/5794 
f 4747/5799 4749/5801 4752/5804 4750/5802 
f 4750/5802 4752/5804 4753/5805 4751/5803 
f 4754/5806 4755/5807 4756/5808 4757/5809 
f 4757/5809 4756/5808 4727/5810 4726/5811 
f 4755/5807 1205/1449 1204/1448 4756/5808 
f 4756/5808 1204/1448 1208/1452 4727/5810 
f 4754/5806 4757/5809 4758/5812 4759/5813 
f 4759/5813 4758/5812 4760/5814 4761/5815 
f 4757/5809 4726/5811 4735/5816 4758/5812 
f 4758/5812 4735/5816 4737/5817 4760/5814 
f 4754/5806 4759/5813 4762/5818 4763/5819 
f 4763/5819 4762/5818 4294/5225 4289/5219 
f 4759/5813 4761/5815 4764/5820 4762/5818 
f 4762/5818 4764/5820 4295/5226 4294/5225 
f 4754/5806 4763/5819 4765/5821 4755/5807 
f 4755/5807 4765/5821 1213/1457 1205/1449 
f 4763/5819 4289/5219 4288/5218 4765/5821 
f 4765/5821 4288/5218 1214/1458 1213/1457 
f 4766/5822 4767/5823 4768/5824 4769/5825 
f 4769/5825 4768/5824 4770/5826 4771/5827 
f 4767/5823 4303/5234 4302/5233 4768/5824 
f 4768/5824 4302/5233 4306/5237 4770/5826 
f 4766/5822 4769/5825 4772/5828 4773/5829 
f 4773/5829 4772/5828 4752/5830 4749/5831 
f 4769/5825 4771/5827 4774/5832 4772/5828 
f 4772/5828 4774/5832 4753/5833 4752/5830 
f 4766/5822 4773/5829 4775/5834 4776/5835 
f 4776/5835 4775/5834 1244/5836 1237/5837 
f 4773/5829 4749/5831 4748/5838 4775/5834 
f 4775/5834 4748/5838 1245/5839 1244/5836 
f 4766/5822 4776/5835 4777/5840 4767/5823 
f 4767/5823 4777/5840 4309/5242 4303/5234 
f 4776/5835 1237/5837 1236/5841 4777/5840 
f 4777/5840 1236/5841 1239/5243 4309/5242 
f 4778/5842 4779/5843 4780/5844 4781/5845 
f 4781/5845 4780/5844 4782/5846 4783/5847 
f 4779/5843 4784/5848 4785/5849 4780/5844 
f 4780/5844 4785/5849 4786/5850 4782/5846 
f 4778/5842 4781/5845 4787/5851 4788/5852 
f 4788/5852 4787/5851 4789/5853 4790/5854 
f 4781/5845 4783/5847 4791/5855 4787/5851 
f 4787/5851 4791/5855 4792/5856 4789/5853 
f 4778/5842 4788/5852 4793/5857 4794/5858 
f 4794/5858 4793/5857 4795/5859 4796/5860 
f 4788/5852 4790/5854 4797/5861 4793/5857 
f 4793/5857 4797/5861 4798/5862 4795/5859 
f 4778/5842 4794/5858 4799/5863 4779/5843 
f 4779/5843 4799/5863 4800/5864 4784/5848 
f 4794/5858 4796/5860 4801/5865 4799/5863 
f 4799/5863 4801/5865 4802/5866 4800/5864 
f 4803/5867 4804/5868 4805/5869 4806/5870 
f 4806/5870 4805/5869 4807/5871 4808/5872 
f 4804/5868 4809/5873 4810/5874 4805/5869 
f 4805/5869 4810/5874 4811/5875 4807/5871 
f 4803/5867 4806/5870 4812/5876 4813/5877 
f 4813/5877 4812/5876 4814/5878 4815/5879 
f 4806/5870 4808/5872 4816/5880 4812/5876 
f 4812/5876 4816/5880 4817/5881 4814/5878 
f 4803/5867 4813/5877 4818/5882 4819/5883 
f 4819/5883 4818/5882 4785/5884 4784/5885 
f 4813/5877 4815/5879 4820/5886 4818/5882 
f 4818/5882 4820/5886 4786/5887 4785/5884 
f 4803/5867 4819/5883 4821/5888 4804/5868 
f 4804/5868 4821/5888 4822/5889 4809/5873 
f 4819/5883 4784/5885 4800/5890 4821/5888 
f 4821/5888 4800/5890 4802/5891 4822/5889 
f 4823/5892 4824/5893 4825/5894 4826/5895 
f 4826/5895 4825/5894 4801/5865 4796/5860 
f 4824/5893 4827/5896 4828/5897 4825/5894 
f 4825/5894 4828/5897 4802/5866 4801/5865 
f 4823/5892 4826/5895 4829/5898 4830/5899 
f 4830/5899 4829/5898 4831/5900 4832/5901 
f 4826/5895 4796/5860 4795/5859 4829/5898 
f 4829/5898 4795/5859 4798/5862 4831/5900 
f 4823/5892 4830/5899 4833/5902 4834/5903 
f 4834/5903 4833/5902 4835/5904 4836/5905 
f 4830/5899 4832/5901 4837/5906 4833/5902 
f 4833/5902 4837/5906 4838/5907 4835/5904 
f 4823/5892 4834/5903 4839/5908 4824/5893 
f 4824/5893 4839/5908 4840/5909 4827/5896 
f 4834/5903 4836/5905 4841/5910 4839/5908 
f 4839/5908 4841/5910 4842/5911 4840/5909 
f 4843/5912 4844/5913 4845/5914 4846/5915 
f 4846/5915 4845/5914 4847/5916 4848/5917 
f 4844/5913 4849/5918 4850/5919 4845/5914 
f 4845/5914 4850/5919 4851/5920 4847/5916 
f 4843/5912 4846/5915 4852/5921 4853/5922 
f 4853/5922 4852/5921 4810/5874 4809/5873 
f 4846/5915 4848/5917 4854/5923 4852/5921 
f 4852/5921 4854/5923 4811/5875 4810/5874 
f 4843/5912 4853/5922 4855/5924 4856/5925 
f 4856/5925 4855/5924 4828/5926 4827/5927 
f 4853/5922 4809/5873 4822/5889 4855/5924 
f 4855/5924 4822/5889 4802/5891 4828/5926 
f 4843/5912 4856/5925 4857/5928 4844/5913 
f 4844/5913 4857/5928 4858/5929 4849/5918 
f 4856/5925 4827/5927 4840/5930 4857/5928 
f 4857/5928 4840/5930 4842/5931 4858/5929 
f 4859/5932 4860/5933 4861/5934 4862/5935 
f 4862/5935 4861/5934 4841/5910 4836/5905 
f 4860/5933 4863/5936 4864/5937 4861/5934 
f 4861/5934 4864/5937 4842/5911 4841/5910 
f 4859/5932 4862/5935 4865/5938 4866/5939 
f 4866/5939 4865/5938 4867/5940 4868/5941 
f 4862/5935 4836/5905 4835/5904 4865/5938 
f 4865/5938 4835/5904 4838/5907 4867/5940 
f 4859/5932 4866/5939 4869/5942 4870/5943 
f 4870/5943 4869/5942 4871/5944 4872/5945 
f 4866/5939 4868/5941 4873/5946 4869/5942 
f 4869/5942 4873/5946 4874/5947 4871/5944 
f 4859/5932 4870/5943 4875/5948 4860/5933 
f 4860/5933 4875/5948 4876/5949 4863/5936 
f 4870/5943 4872/5945 4877/5950 4875/5948 
f 4875/5948 4877/5950 4878/5951 4876/5949 
f 4879/5952 4880/5953 4881/5954 4882/5955 
f 4882/5955 4881/5954 4883/5956 4884/5957 
f 4880/5953 4885/5958 4886/5959 4881/5954 
f 4881/5954 4886/5959 4887/5960 4883/5956 
f 4879/5952 4882/5955 4888/5961 4889/5962 
f 4889/5962 4888/5961 4850/5963 4849/5964 
f 4882/5955 4884/5957 4890/5965 4888/5961 
f 4888/5961 4890/5965 4851/5966 4850/5963 
f 4879/5952 4889/5962 4891/5967 4892/5968 
f 4892/5968 4891/5967 4864/5969 4863/5970 
f 4889/5962 4849/5964 4858/5971 4891/5967 
f 4891/5967 4858/5971 4842/5972 4864/5969 
f 4879/5952 4892/5968 4893/5973 4880/5953 
f 4880/5953 4893/5973 4894/5974 4885/5958 
f 4892/5968 4863/5970 4876/5975 4893/5973 
f 4893/5973 4876/5975 4878/5976 4894/5974 
f 4895/5977 4896/5978 4897/5979 4898/5980 
f 4898/5980 4897/5979 4877/5950 4872/5945 
f 4896/5978 4899/5981 4900/5982 4897/5979 
f 4897/5979 4900/5982 4878/5951 4877/5950 
f 4895/5977 4898/5980 4901/5983 4902/5984 
f 4902/5984 4901/5983 4903/5985 4904/5986 
f 4898/5980 4872/5945 4871/5944 4901/5983 
f 4901/5983 4871/5944 4874/5947 4903/5985 
f 4895/5977 4902/5984 4905/5987 4906/5988 
f 4906/5988 4905/5987 4333/5268 4326/5261 
f 4902/5984 4904/5986 4907/5989 4905/5987 
f 4905/5987 4907/5989 4334/5269 4333/5268 
f 4895/5977 4906/5988 4908/5990 4896/5978 
f 4896/5978 4908/5990 4909/5991 4899/5981 
f 4906/5988 4326/5261 4325/5260 4908/5990 
f 4908/5990 4325/5260 4328/5263 4909/5991 
f 4910/5992 4911/5993 4912/5994 4913/5995 
f 4913/5995 4912/5994 4914/5996 4915/5997 
f 4911/5993 4344/5998 4343/5999 4912/5994 
f 4912/5994 4343/5999 4347/6000 4914/5996 
f 4910/5992 4913/5995 4916/6001 4917/6002 
f 4917/6002 4916/6001 4886/5959 4885/5958 
f 4913/5995 4915/5997 4918/6003 4916/6001 
f 4916/6001 4918/6003 4887/5960 4886/5959 
f 4910/5992 4917/6002 4919/6004 4920/6005 
f 4920/6005 4919/6004 4900/6006 4899/6007 
f 4917/6002 4885/5958 4894/5974 4919/6004 
f 4919/6004 4894/5974 4878/5976 4900/6006 
f 4910/5992 4920/6005 4921/6008 4911/5993 
f 4911/5993 4921/6008 4350/6009 4344/5998 
f 4920/6005 4899/6007 4909/6010 4921/6008 
f 4921/6008 4909/6010 4328/6011 4350/6009 
f 4922/6012 4923/6013 4924/6014 4925/6015 
f 4925/6015 4924/6014 4609/5633 4608/5632 
f 4923/6013 4705/6016 4704/6017 4924/6014 
f 4924/6014 4704/6017 4610/5634 4609/5633 
f 4922/6012 4925/6015 4926/6018 4927/6019 
f 4927/6019 4926/6018 4907/5989 4904/5986 
f 4925/6015 4608/5632 4617/5645 4926/6018 
f 4926/6018 4617/5645 4334/5269 4907/5989 
f 4922/6012 4927/6019 4928/6020 4929/6021 
f 4929/6021 4928/6020 4930/6022 4931/6023 
f 4927/6019 4904/5986 4903/5985 4928/6020 
f 4928/6020 4903/5985 4874/5947 4930/6022 
f 4922/6012 4929/6021 4932/6024 4923/6013 
f 4923/6013 4932/6024 4708/6025 4705/6016 
f 4929/6021 4931/6023 4933/6026 4932/6024 
f 4932/6024 4933/6026 4669/6027 4708/6025 
f 4934/6028 4935/6029 4936/6030 4937/6031 
f 4937/6031 4936/6030 4918/6032 4915/6033 
f 4935/6029 4938/6034 4939/6035 4936/6030 
f 4936/6030 4939/6035 4887/6036 4918/6032 
f 4934/6028 4937/6031 4940/6037 4941/6038 
f 4941/6038 4940/6037 4633/6039 4629/6040 
f 4937/6031 4915/6033 4914/6041 4940/6037 
f 4940/6037 4914/6041 4347/6042 4633/6039 
f 4934/6028 4941/6038 4942/6043 4943/6044 
f 4943/6044 4942/6043 4718/5766 4715/5763 
f 4941/6038 4629/6040 4628/6045 4942/6043 
f 4942/6043 4628/6045 4631/5697 4718/5766 
f 4934/6028 4943/6044 4944/6046 4935/6029 
f 4935/6029 4944/6046 4945/6047 4938/6034 
f 4943/6044 4715/5763 4714/5762 4944/6046 
f 4944/6046 4714/5762 4692/5737 4945/6047 
f 4946/6048 4947/6049 4948/6050 4949/6051 
f 4949/6051 4948/6050 4265/5188 4261/5183 
f 4947/6049 4950/6052 4951/6053 4948/6050 
f 4948/6050 4951/6053 4231/5189 4265/5188 
f 4946/6048 4949/6051 4952/6054 4953/6055 
f 4953/6055 4952/6054 4954/6056 4955/6057 
f 4949/6051 4261/5183 4260/5182 4952/6054 
f 4952/6054 4260/5182 4263/5185 4954/6056 
f 4946/6048 4953/6055 4956/6058 4957/6059 
f 4957/6059 4956/6058 4958/6060 4959/6061 
f 4953/6055 4955/6057 4960/6062 4956/6058 
f 4956/6058 4960/6062 4961/6063 4958/6060 
f 4946/6048 4957/6059 4962/6064 4947/6049 
f 4947/6049 4962/6064 4963/6065 4950/6052 
f 4957/6059 4959/6061 4964/6066 4962/6064 
f 4962/6064 4964/6066 4965/6067 4963/6065 
f 4966/6068 4967/6069 4968/6070 4969/6071 
f 4969/6071 4968/6070 4970/6072 4971/6073 
f 4967/6069 4972/6074 4973/6075 4968/6070 
f 4968/6070 4973/6075 4974/6076 4970/6072 
f 4966/6068 4969/6071 4975/6077 4976/6078 
f 4976/6078 4975/6077 4273/6079 4272/6080 
f 4969/6071 4971/6073 4977/6081 4975/6077 
f 4975/6077 4977/6081 4274/6082 4273/6079 
f 4966/6068 4976/6078 4978/6083 4979/6084 
f 4979/6084 4978/6083 4980/6085 4981/6086 
f 4976/6078 4272/6080 4281/6087 4978/6083 
f 4978/6083 4281/6087 4242/6088 4980/6085 
f 4966/6068 4979/6084 4982/6089 4967/6069 
f 4967/6069 4982/6089 4983/6090 4972/6074 
f 4979/6084 4981/6086 4984/6091 4982/6089 
f 4982/6089 4984/6091 4985/6092 4983/6090 
f 4986/6093 4987/6094 4988/6095 4989/6096 
f 4989/6096 4988/6095 4990/6097 4991/6098 
f 4987/6094 4992/6099 4993/6100 4988/6095 
f 4988/6095 4993/6100 4994/6101 4990/6097 
f 4986/6093 4989/6096 4995/6102 4996/6103 
f 4996/6103 4995/6102 4997/6104 4998/6105 
f 4989/6096 4991/6098 4999/6106 4995/6102 
f 4995/6102 4999/6106 5000/6107 4997/6104 
f 4986/6093 4996/6103 5001/6108 5002/6109 
f 5002/6109 5001/6108 4791/6110 4783/6111 
f 4996/6103 4998/6105 5003/6112 5001/6108 
f 5001/6108 5003/6112 4792/6113 4791/6110 
f 4986/6093 5002/6109 5004/6114 4987/6094 
f 4987/6094 5004/6114 5005/6115 4992/6099 
f 5002/6109 4783/6111 4782/6116 5004/6114 
f 5004/6114 4782/6116 4786/5887 5005/6115 
f 5006/6117 5007/6118 5008/6119 5009/6120 
f 5009/6120 5008/6119 5010/6121 5011/6122 
f 5007/6118 4815/5879 4814/5878 5008/6119 
f 5008/6119 4814/5878 4817/5881 5010/6121 
f 5006/6117 5009/6120 5012/6123 5013/6124 
f 5013/6124 5012/6123 5014/6125 5015/6126 
f 5009/6120 5011/6122 5016/6127 5012/6123 
f 5012/6123 5016/6127 5017/6128 5014/6125 
f 5006/6117 5013/6124 5018/6129 5019/6130 
f 5019/6130 5018/6129 4993/6100 4992/6099 
f 5013/6124 5015/6126 5020/6131 5018/6129 
f 5018/6129 5020/6131 4994/6101 4993/6100 
f 5006/6117 5019/6130 5021/6132 5007/6118 
f 5007/6118 5021/6132 4820/5886 4815/5879 
f 5019/6130 4992/6099 5005/6115 5021/6132 
f 5021/6132 5005/6115 4786/5887 4820/5886 
f 5022/6133 5023/6134 5024/6135 5025/6136 
f 5025/6136 5024/6135 5026/6137 5027/6138 
f 5023/6134 5028/6139 5029/6140 5024/6135 
f 5024/6135 5029/6140 5030/6141 5026/6137 
f 5022/6133 5025/6136 5031/6142 5032/6143 
f 5032/6143 5031/6142 5033/6144 5034/6145 
f 5025/6136 5027/6138 5035/6146 5031/6142 
f 5031/6142 5035/6146 5036/6147 5033/6144 
f 5022/6133 5032/6143 5037/6148 5038/6149 
f 5038/6149 5037/6148 5039/6150 5040/6151 
f 5032/6143 5034/6145 5041/6152 5037/6148 
f 5037/6148 5041/6152 5042/6153 5039/6150 
f 5022/6133 5038/6149 5043/6154 5023/6134 
f 5023/6134 5043/6154 5044/6155 5028/6139 
f 5038/6149 5040/6151 5045/6156 5043/6154 
f 5043/6154 5045/6156 5046/6157 5044/6155 
f 5047/6158 5048/6159 5049/6160 5050/6161 
f 5050/6161 5049/6160 5051/6162 5052/6163 
f 5048/6159 5053/6164 5054/6165 5049/6160 
f 5049/6160 5054/6165 5055/6166 5051/6162 
f 5047/6158 5050/6161 5056/6167 5057/6168 
f 5057/6168 5056/6167 5058/6169 5059/6170 
f 5050/6161 5052/6163 5060/6171 5056/6167 
f 5056/6167 5060/6171 5061/6172 5058/6169 
f 5047/6158 5057/6168 5062/6173 5063/6174 
f 5063/6174 5062/6173 5029/6175 5028/6176 
f 5057/6168 5059/6170 5064/6177 5062/6173 
f 5062/6173 5064/6177 5030/6178 5029/6175 
f 5047/6158 5063/6174 5065/6179 5048/6159 
f 5048/6159 5065/6179 5066/6180 5053/6164 
f 5063/6174 5028/6176 5044/6181 5065/6179 
f 5065/6179 5044/6181 5046/6182 5066/6180 
f 5067/6183 5068/6184 5069/6185 5070/6186 
f 5070/6186 5069/6185 5045/6156 5040/6151 
f 5068/6184 5071/6187 5072/6188 5069/6185 
f 5069/6185 5072/6188 5046/6157 5045/6156 
f 5067/6183 5070/6186 5073/6189 5074/6190 
f 5074/6190 5073/6189 5075/6191 5076/6192 
f 5070/6186 5040/6151 5039/6150 5073/6189 
f 5073/6189 5039/6150 5042/6153 5075/6191 
f 5067/6183 5074/6190 5077/6193 5078/6194 
f 5078/6194 5077/6193 5079/6195 5080/6196 
f 5074/6190 5076/6192 5081/6197 5077/6193 
f 5077/6193 5081/6197 5082/6198 5079/6195 
f 5067/6183 5078/6194 5083/6199 5068/6184 
f 5068/6184 5083/6199 5084/6200 5071/6187 
f 5078/6194 5080/6196 5085/6201 5083/6199 
f 5083/6199 5085/6201 5086/6202 5084/6200 
f 5087/6203 5088/6204 5089/6205 5090/6206 
f 5090/6206 5089/6205 5091/6207 5092/6208 
f 5088/6204 5093/6209 5094/6210 5089/6205 
f 5089/6205 5094/6210 5095/6211 5091/6207 
f 5087/6203 5090/6206 5096/6212 5097/6213 
f 5097/6213 5096/6212 5054/6214 5053/6215 
f 5090/6206 5092/6208 5098/6216 5096/6212 
f 5096/6212 5098/6216 5055/6217 5054/6214 
f 5087/6203 5097/6213 5099/6218 5100/6219 
f 5100/6219 5099/6218 5072/6188 5071/6187 
f 5097/6213 5053/6215 5066/6220 5099/6218 
f 5099/6218 5066/6220 5046/6157 5072/6188 
f 5087/6203 5100/6219 5101/6221 5088/6204 
f 5088/6204 5101/6221 5102/6222 5093/6209 
f 5100/6219 5071/6187 5084/6200 5101/6221 
f 5101/6221 5084/6200 5086/6202 5102/6222 
f 5103/6223 5104/6224 5105/6225 5106/6226 
f 5106/6226 5105/6225 5085/6201 5080/6196 
f 5104/6224 5107/6227 5108/6228 5105/6225 
f 5105/6225 5108/6228 5086/6202 5085/6201 
f 5103/6223 5106/6226 5109/6229 5110/6230 
f 5110/6230 5109/6229 5111/6231 5112/6232 
f 5106/6226 5080/6196 5079/6195 5109/6229 
f 5109/6229 5079/6195 5082/6198 5111/6231 
f 5103/6223 5110/6230 5113/6233 5114/6234 
f 5114/6234 5113/6233 4999/6235 4991/6236 
f 5110/6230 5112/6232 5115/6237 5113/6233 
f 5113/6233 5115/6237 5000/6238 4999/6235 
f 5103/6223 5114/6234 5116/6239 5104/6224 
f 5104/6224 5116/6239 5117/6240 5107/6227 
f 5114/6234 4991/6236 4990/6241 5116/6239 
f 5116/6239 4990/6241 4994/6242 5117/6240 
f 5118/6243 5119/6244 5120/6245 5121/6246 
f 5121/6246 5120/6245 5122/6247 5123/6248 
f 5119/6244 5015/6126 5014/6125 5120/6245 
f 5120/6245 5014/6125 5017/6128 5122/6247 
f 5118/6243 5121/6246 5124/6249 5125/6250 
f 5125/6250 5124/6249 5094/6251 5093/6252 
f 5121/6246 5123/6248 5126/6253 5124/6249 
f 5124/6249 5126/6253 5095/6254 5094/6251 
f 5118/6243 5125/6250 5127/6255 5128/6256 
f 5128/6256 5127/6255 5108/6257 5107/6258 
f 5125/6250 5093/6252 5102/6259 5127/6255 
f 5127/6255 5102/6259 5086/6260 5108/6257 
f 5118/6243 5128/6256 5129/6261 5119/6244 
f 5119/6244 5129/6261 5020/6131 5015/6126 
f 5128/6256 5107/6258 5117/6262 5129/6261 
f 5129/6261 5117/6262 4994/6101 5020/6131 
f 5130/6263 5131/6264 5132/6265 5133/6266 
f 5133/6266 5132/6265 4201/5103 4197/5099 
f 5131/6264 5134/6267 5135/6268 5132/6265 
f 5132/6265 5135/6268 4167/5065 4201/5103 
f 5130/6263 5133/6266 5136/6269 5137/6270 
f 5137/6270 5136/6269 5138/6271 5139/6272 
f 5133/6266 4197/5099 4196/5098 5136/6269 
f 5136/6269 4196/5098 4199/5101 5138/6271 
f 5130/6263 5137/6270 5140/6273 5141/6274 
f 5141/6274 5140/6273 5142/6275 5143/6276 
f 5137/6270 5139/6272 5144/6277 5140/6273 
f 5140/6273 5144/6277 5145/6278 5142/6275 
f 5130/6263 5141/6274 5146/6279 5131/6264 
f 5131/6264 5146/6279 5147/6280 5134/6267 
f 5141/6274 5143/6276 5148/6281 5146/6279 
f 5146/6279 5148/6281 5149/6282 5147/6280 
f 5150/6283 5151/6284 5152/6285 5153/6286 
f 5153/6286 5152/6285 5154/6287 5155/6288 
f 5151/6284 5156/6289 5157/6290 5152/6285 
f 5152/6285 5157/6290 5158/6291 5154/6287 
f 5150/6283 5153/6286 5159/6292 5160/6293 
f 5160/6293 5159/6292 4209/5111 4208/5110 
f 5153/6286 5155/6288 5161/6294 5159/6292 
f 5159/6292 5161/6294 4210/5112 4209/5111 
f 5150/6283 5160/6293 5162/6295 5163/6296 
f 5163/6296 5162/6295 5164/6297 5165/6298 
f 5160/6293 4208/5110 4217/5119 5162/6295 
f 5162/6295 4217/5119 4178/5076 5164/6297 
f 5150/6283 5163/6296 5166/6299 5151/6284 
f 5151/6284 5166/6299 5167/6300 5156/6289 
f 5163/6296 5165/6298 5168/6301 5166/6299 
f 5166/6299 5168/6301 5169/6302 5167/6300 
f 5170/6303 5171/6304 5172/6305 5173/6306 
f 5173/6306 5172/6305 5148/6307 5143/6308 
f 5171/6304 5174/6309 5175/6310 5172/6305 
f 5172/6305 5175/6310 5149/6311 5148/6307 
f 5170/6303 5173/6306 5176/6312 5177/6313 
f 5177/6313 5176/6312 5178/6314 5179/6315 
f 5173/6306 5143/6308 5142/6316 5176/6312 
f 5176/6312 5142/6316 5145/6317 5178/6314 
f 5170/6303 5177/6313 5180/6318 5181/6319 
f 5181/6319 5180/6318 5182/6320 5183/6321 
f 5177/6313 5179/6315 5184/6322 5180/6318 
f 5180/6318 5184/6322 5185/6323 5182/6320 
f 5170/6303 5181/6319 5186/6324 5171/6304 
f 5171/6304 5186/6324 5187/6325 5174/6309 
f 5181/6319 5183/6321 5188/6326 5186/6324 
f 5186/6324 5188/6326 5189/6327 5187/6325 
f 5190/6328 5191/6329 5192/6330 5193/6331 
f 5193/6331 5192/6330 5194/6332 5195/6333 
f 5191/6329 5196/6334 5197/6335 5192/6330 
f 5192/6330 5197/6335 5198/6336 5194/6332 
f 5190/6328 5193/6331 5199/6337 5200/6338 
f 5200/6338 5199/6337 5157/6290 5156/6289 
f 5193/6331 5195/6333 5201/6339 5199/6337 
f 5199/6337 5201/6339 5158/6291 5157/6290 
f 5190/6328 5200/6338 5202/6340 5203/6341 
f 5203/6341 5202/6340 5204/6342 5205/6343 
f 5200/6338 5156/6289 5167/6300 5202/6340 
f 5202/6340 5167/6300 5169/6302 5204/6342 
f 5190/6328 5203/6341 5206/6344 5191/6329 
f 5191/6329 5206/6344 5207/6345 5196/6334 
f 5203/6341 5205/6343 5208/6346 5206/6344 
f 5206/6344 5208/6346 5209/6347 5207/6345 
f 5210/6348 5211/6349 5212/6350 5213/6351 
f 5213/6351 5212/6350 5188/6352 5183/6353 
f 5211/6349 5214/6354 5215/6355 5212/6350 
f 5212/6350 5215/6355 5189/6356 5188/6352 
f 5210/6348 5213/6351 5216/6357 5217/6358 
f 5217/6358 5216/6357 5218/6359 5219/6360 
f 5213/6351 5183/6353 5182/6361 5216/6357 
f 5216/6357 5182/6361 5185/6362 5218/6359 
f 5210/6348 5217/6358 5220/6363 5221/6364 
f 5221/6364 5220/6363 5222/6365 5223/6366 
f 5217/6358 5219/6360 5224/6367 5220/6363 
f 5220/6363 5224/6367 5225/6368 5222/6365 
f 5210/6348 5221/6364 5226/6369 5211/6349 
f 5211/6349 5226/6369 5227/6370 5214/6354 
f 5221/6364 5223/6366 5228/6371 5226/6369 
f 5226/6369 5228/6371 5229/6372 5227/6370 
f 5230/6373 5231/6374 5232/6375 5233/6376 
f 5233/6376 5232/6375 5234/6377 5235/6378 
f 5231/6374 5236/6379 5237/6380 5232/6375 
f 5232/6375 5237/6380 5238/6381 5234/6377 
f 5230/6373 5233/6376 5239/6382 5240/6383 
f 5240/6383 5239/6382 5197/6335 5196/6334 
f 5233/6376 5235/6378 5241/6384 5239/6382 
f 5239/6382 5241/6384 5198/6336 5197/6335 
f 5230/6373 5240/6383 5242/6385 5243/6386 
f 5243/6386 5242/6385 5244/6387 5245/6388 
f 5240/6383 5196/6334 5207/6345 5242/6385 
f 5242/6385 5207/6345 5209/6347 5244/6387 
f 5230/6373 5243/6386 5246/6389 5231/6374 
f 5231/6374 5246/6389 5247/6390 5236/6379 
f 5243/6386 5245/6388 5248/6391 5246/6389 
f 5246/6389 5248/6391 5249/6392 5247/6390 
f 5250/6393 5251/6394 5252/6395 5253/6396 
f 5253/6396 5252/6395 5228/6371 5223/6366 
f 5251/6394 5254/6397 5255/6398 5252/6395 
f 5252/6395 5255/6398 5229/6372 5228/6371 
f 5250/6393 5253/6396 5256/6399 5257/6400 
f 5257/6400 5256/6399 5258/6401 5259/6402 
f 5253/6396 5223/6366 5222/6365 5256/6399 
f 5256/6399 5222/6365 5225/6368 5258/6401 
f 5250/6393 5257/6400 5260/6403 5261/6404 
f 5261/6404 5260/6403 5262/6405 5263/6406 
f 5257/6400 5259/6402 5264/6407 5260/6403 
f 5260/6403 5264/6407 5265/6408 5262/6405 
f 5250/6393 5261/6404 5266/6409 5251/6394 
f 5251/6394 5266/6409 5267/6410 5254/6397 
f 5261/6404 5263/6406 5268/6411 5266/6409 
f 5266/6409 5268/6411 5269/6412 5267/6410 
f 5270/6413 5271/6414 5272/6415 5273/6416 
f 5273/6416 5272/6415 5274/6417 5275/6418 
f 5271/6414 5276/6419 5277/6420 5272/6415 
f 5272/6415 5277/6420 5278/6421 5274/6417 
f 5270/6413 5273/6416 5279/6422 5280/6423 
f 5280/6423 5279/6422 5237/6380 5236/6379 
f 5273/6416 5275/6418 5281/6424 5279/6422 
f 5279/6422 5281/6424 5238/6381 5237/6380 
f 5270/6413 5280/6423 5282/6425 5283/6426 
f 5283/6426 5282/6425 5284/6427 5285/6428 
f 5280/6423 5236/6379 5247/6390 5282/6425 
f 5282/6425 5247/6390 5249/6392 5284/6427 
f 5270/6413 5283/6426 5286/6429 5271/6414 
f 5271/6414 5286/6429 5287/6430 5276/6419 
f 5283/6426 5285/6428 5288/6431 5286/6429 
f 5286/6429 5288/6431 5289/6432 5287/6430 
f 5290/6433 5291/6434 5292/6435 5293/6436 
f 5293/6436 5292/6435 5294/6437 5295/6438 
f 5291/6434 5296/6439 5297/6440 5292/6435 
f 5292/6435 5297/6440 5298/6441 5294/6437 
f 5290/6433 5293/6436 5299/6442 5300/6443 
f 5300/6443 5299/6442 5301/6444 5302/6445 
f 5293/6436 5295/6438 5303/6446 5299/6442 
f 5299/6442 5303/6446 5304/6447 5301/6444 
f 5290/6433 5300/6443 5305/6448 5306/6449 
f 5306/6449 5305/6448 5268/6411 5263/6406 
f 5300/6443 5302/6445 5307/6450 5305/6448 
f 5305/6448 5307/6450 5269/6412 5268/6411 
f 5290/6433 5306/6449 5308/6451 5291/6434 
f 5291/6434 5308/6451 5309/6452 5296/6439 
f 5306/6449 5263/6406 5262/6405 5308/6451 
f 5308/6451 5262/6405 5265/6408 5309/6452 
f 5310/6453 5311/6454 5312/6455 5313/6456 
f 5313/6456 5312/6455 5314/6457 5315/6458 
f 5311/6454 5276/6459 5287/6460 5312/6455 
f 5312/6455 5287/6460 5289/6461 5314/6457 
f 5310/6453 5313/6456 5316/6462 5317/6463 
f 5317/6463 5316/6462 5318/6464 5319/6465 
f 5313/6456 5315/6458 5320/6466 5316/6462 
f 5316/6462 5320/6466 5321/6467 5318/6464 
f 5310/6453 5317/6463 5322/6468 5323/6469 
f 5323/6469 5322/6468 5324/6470 5325/6471 
f 5317/6463 5319/6465 5326/6472 5322/6468 
f 5322/6468 5326/6472 5327/6473 5324/6470 
f 5310/6453 5323/6469 5328/6474 5311/6454 
f 5311/6454 5328/6474 5277/6475 5276/6459 
f 5323/6469 5325/6471 5329/6476 5328/6474 
f 5328/6474 5329/6476 5278/6477 5277/6475 
f 5330/6478 5331/6479 5332/6480 5333/6481 
f 5333/6481 5332/6480 5115/6237 5112/6232 
f 5331/6479 5334/6482 5335/6483 5332/6480 
f 5332/6480 5335/6483 5000/6238 5115/6237 
f 5330/6478 5333/6481 5336/6484 5337/6485 
f 5337/6485 5336/6484 5338/6486 5339/6487 
f 5333/6481 5112/6232 5111/6231 5336/6484 
f 5336/6484 5111/6231 5082/6198 5338/6486 
f 5330/6478 5337/6485 5340/6488 5341/6489 
f 5341/6489 5340/6488 5307/6450 5302/6445 
f 5337/6485 5339/6487 5342/6490 5340/6488 
f 5340/6488 5342/6490 5269/6412 5307/6450 
f 5330/6478 5341/6489 5343/6491 5331/6479 
f 5331/6479 5343/6491 5344/6492 5334/6482 
f 5341/6489 5302/6445 5301/6444 5343/6491 
f 5343/6491 5301/6444 5304/6447 5344/6492 
f 5345/6493 5346/6494 5347/6495 5348/6496 
f 5348/6496 5347/6495 5349/6497 5350/6498 
f 5346/6494 5315/6458 5314/6457 5347/6495 
f 5347/6495 5314/6457 5289/6461 5349/6497 
f 5345/6493 5348/6496 5351/6499 5352/6500 
f 5352/6500 5351/6499 5126/6253 5123/6248 
f 5348/6496 5350/6498 5353/6501 5351/6499 
f 5351/6499 5353/6501 5095/6254 5126/6253 
f 5345/6493 5352/6500 5354/6502 5355/6503 
f 5355/6503 5354/6502 5356/6504 5357/6505 
f 5352/6500 5123/6248 5122/6247 5354/6502 
f 5354/6502 5122/6247 5017/6128 5356/6504 
f 5345/6493 5355/6503 5358/6506 5346/6494 
f 5346/6494 5358/6506 5320/6466 5315/6458 
f 5355/6503 5357/6505 5359/6507 5358/6506 
f 5358/6506 5359/6507 5321/6467 5320/6466 
f 5360/6508 5361/6509 5362/6510 5363/6511 
f 5363/6511 5362/6510 5081/6197 5076/6192 
f 5361/6509 5339/6487 5338/6486 5362/6510 
f 5362/6510 5338/6486 5082/6198 5081/6197 
f 5360/6508 5363/6511 5364/6512 5365/6513 
f 5365/6513 5364/6512 5366/6514 5367/6515 
f 5363/6511 5076/6192 5075/6191 5364/6512 
f 5364/6512 5075/6191 5042/6153 5366/6514 
f 5360/6508 5365/6513 5368/6516 5369/6517 
f 5369/6517 5368/6516 5255/6398 5254/6397 
f 5365/6513 5367/6515 5370/6518 5368/6516 
f 5368/6516 5370/6518 5229/6372 5255/6398 
f 5360/6508 5369/6517 5371/6519 5361/6509 
f 5361/6509 5371/6519 5342/6490 5339/6487 
f 5369/6517 5254/6397 5267/6410 5371/6519 
f 5371/6519 5267/6410 5269/6412 5342/6490 
f 5372/6520 5373/6521 5374/6522 5375/6523 
f 5375/6523 5374/6522 5376/6524 5377/6525 
f 5373/6521 5285/6428 5284/6427 5374/6522 
f 5374/6522 5284/6427 5249/6392 5376/6524 
f 5372/6520 5375/6523 5378/6526 5379/6527 
f 5379/6527 5378/6526 5098/6528 5092/6529 
f 5375/6523 5377/6525 5380/6530 5378/6526 
f 5378/6526 5380/6530 5055/6166 5098/6528 
f 5372/6520 5379/6527 5381/6531 5382/6532 
f 5382/6532 5381/6531 5353/6533 5350/6534 
f 5379/6527 5092/6529 5091/6535 5381/6531 
f 5381/6531 5091/6535 5095/6536 5353/6533 
f 5372/6520 5382/6532 5383/6537 5373/6521 
f 5373/6521 5383/6537 5288/6431 5285/6428 
f 5382/6532 5350/6534 5349/6538 5383/6537 
f 5383/6537 5349/6538 5289/6432 5288/6431 
f 5384/6539 5385/6540 5386/6541 5387/6542 
f 5387/6542 5386/6541 5041/6152 5034/6145 
f 5385/6540 5367/6515 5366/6514 5386/6541 
f 5386/6541 5366/6514 5042/6153 5041/6152 
f 5384/6539 5387/6542 5388/6543 5389/6544 
f 5389/6544 5388/6543 5390/6545 5391/6546 
f 5387/6542 5034/6145 5033/6144 5388/6543 
f 5388/6543 5033/6144 5036/6147 5390/6545 
f 5384/6539 5389/6544 5392/6547 5393/6548 
f 5393/6548 5392/6547 5215/6355 5214/6354 
f 5389/6544 5391/6546 5394/6549 5392/6547 
f 5392/6547 5394/6549 5189/6356 5215/6355 
f 5384/6539 5393/6548 5395/6550 5385/6540 
f 5385/6540 5395/6550 5370/6518 5367/6515 
f 5393/6548 5214/6354 5227/6370 5395/6550 
f 5395/6550 5227/6370 5229/6372 5370/6518 
f 5396/6551 5397/6552 5398/6553 5399/6554 
f 5399/6554 5398/6553 5400/6555 5401/6556 
f 5397/6552 5245/6388 5244/6387 5398/6553 
f 5398/6553 5244/6387 5209/6347 5400/6555 
f 5396/6551 5399/6554 5402/6557 5403/6558 
f 5403/6558 5402/6557 5060/6171 5052/6163 
f 5399/6554 5401/6556 5404/6559 5402/6557 
f 5402/6557 5404/6559 5061/6172 5060/6171 
f 5396/6551 5403/6558 5405/6560 5406/6561 
f 5406/6561 5405/6560 5380/6530 5377/6525 
f 5403/6558 5052/6163 5051/6162 5405/6560 
f 5405/6560 5051/6162 5055/6166 5380/6530 
f 5396/6551 5406/6561 5407/6562 5397/6552 
f 5397/6552 5407/6562 5248/6391 5245/6388 
f 5406/6561 5377/6525 5376/6524 5407/6562 
f 5407/6562 5376/6524 5249/6392 5248/6391 
f 5408/6563 5409/6564 5410/6565 5411/6566 
f 5411/6566 5410/6565 5412/6567 5413/6568 
f 5409/6564 5391/6569 5390/6570 5410/6565 
f 5410/6565 5390/6570 5036/6571 5412/6567 
f 5408/6563 5411/6566 5414/6572 5415/6573 
f 5415/6573 5414/6572 5416/6574 5417/6575 
f 5411/6566 5413/6568 5418/6576 5414/6572 
f 5414/6572 5418/6576 5419/6577 5416/6574 
f 5408/6563 5415/6573 5420/6578 5421/6579 
f 5421/6579 5420/6578 5175/6310 5174/6309 
f 5415/6573 5417/6575 5422/6580 5420/6578 
f 5420/6578 5422/6580 5149/6311 5175/6310 
f 5408/6563 5421/6579 5423/6581 5409/6564 
f 5409/6564 5423/6581 5394/6582 5391/6569 
f 5421/6579 5174/6309 5187/6325 5423/6581 
f 5423/6581 5187/6325 5189/6327 5394/6582 
f 5424/6583 5425/6584 5426/6585 5427/6586 
f 5427/6586 5426/6585 5428/6587 5429/6588 
f 5425/6584 5205/6343 5204/6342 5426/6585 
f 5426/6585 5204/6342 5169/6302 5428/6587 
f 5424/6583 5427/6586 5430/6589 5431/6590 
f 5431/6590 5430/6589 5432/6591 5433/6592 
f 5427/6586 5429/6588 5434/6593 5430/6589 
f 5430/6589 5434/6593 5435/6594 5432/6591 
f 5424/6583 5431/6590 5436/6595 5437/6596 
f 5437/6596 5436/6595 5404/6559 5401/6556 
f 5431/6590 5433/6592 5438/6597 5436/6595 
f 5436/6595 5438/6597 5061/6172 5404/6559 
f 5424/6583 5437/6596 5439/6598 5425/6584 
f 5425/6584 5439/6598 5208/6346 5205/6343 
f 5437/6596 5401/6556 5400/6555 5439/6598 
f 5439/6598 5400/6555 5209/6347 5208/6346 
f 5440/6599 5441/6600 5442/6601 5443/6602 
f 5443/6602 5442/6601 4169/5067 4165/5063 
f 5441/6600 5444/6603 5445/6604 5442/6601 
f 5442/6601 5445/6604 4135/5025 4169/5067 
f 5440/6599 5443/6602 5446/6605 5447/6606 
f 5447/6606 5446/6605 5135/6268 5134/6267 
f 5443/6602 4165/5063 4164/5062 5446/6605 
f 5446/6605 4164/5062 4167/5065 5135/6268 
f 5440/6599 5447/6606 5448/6607 5449/6608 
f 5449/6608 5448/6607 5422/6609 5417/6610 
f 5447/6606 5134/6267 5147/6280 5448/6607 
f 5448/6607 5147/6280 5149/6282 5422/6609 
f 5440/6599 5449/6608 5450/6611 5441/6600 
f 5441/6600 5450/6611 5451/6612 5444/6603 
f 5449/6608 5417/6610 5416/6613 5450/6611 
f 5450/6611 5416/6613 5419/6614 5451/6612 
f 5452/6615 5453/6616 5454/6617 5455/6618 
f 5455/6618 5454/6617 5168/6301 5165/6298 
f 5453/6616 5429/6588 5428/6587 5454/6617 
f 5454/6617 5428/6587 5169/6302 5168/6301 
f 5452/6615 5455/6618 5456/6619 5457/6620 
f 5457/6620 5456/6619 4177/5075 4176/5074 
f 5455/6618 5165/6298 5164/6297 5456/6619 
f 5456/6619 5164/6297 4178/5076 4177/5075 
f 5452/6615 5457/6620 5458/6621 5459/6622 
f 5459/6622 5458/6621 5460/6623 5461/6624 
f 5457/6620 4176/5074 4185/5083 5458/6621 
f 5458/6621 4185/5083 4146/5036 5460/6623 
f 5452/6615 5459/6622 5462/6625 5453/6616 
f 5453/6616 5462/6625 5434/6593 5429/6588 
f 5459/6622 5461/6624 5463/6626 5462/6625 
f 5462/6625 5463/6626 5435/6594 5434/6593 
f 5464/6627 5465/6628 5466/6629 5467/6630 
f 5467/6630 5466/6629 5468/6631 5469/6632 
f 5465/6628 5470/6633 5471/6634 5466/6629 
f 5466/6629 5471/6634 5472/6635 5468/6631 
f 5464/6627 5467/6630 5473/6636 5474/6637 
f 5474/6637 5473/6636 5418/6576 5413/6568 
f 5467/6630 5469/6632 5475/6638 5473/6636 
f 5473/6636 5475/6638 5419/6577 5418/6576 
f 5464/6627 5474/6637 5476/6639 5477/6640 
f 5477/6640 5476/6639 5035/6641 5027/6642 
f 5474/6637 5413/6568 5412/6567 5476/6639 
f 5476/6639 5412/6567 5036/6571 5035/6641 
f 5464/6627 5477/6640 5478/6643 5465/6628 
f 5465/6628 5478/6643 5479/6644 5470/6633 
f 5477/6640 5027/6642 5026/6645 5478/6643 
f 5478/6643 5026/6645 5030/6646 5479/6644 
f 5480/6647 5481/6648 5482/6649 5483/6650 
f 5483/6650 5482/6649 5438/6651 5433/6652 
f 5481/6648 5059/6653 5058/6654 5482/6649 
f 5482/6649 5058/6654 5061/6655 5438/6651 
f 5480/6647 5483/6650 5484/6656 5485/6657 
f 5485/6657 5484/6656 5486/6658 5487/6659 
f 5483/6650 5433/6652 5432/6660 5484/6656 
f 5484/6656 5432/6660 5435/6661 5486/6658 
f 5480/6647 5485/6657 5488/6662 5489/6663 
f 5489/6663 5488/6662 5471/6634 5470/6633 
f 5485/6657 5487/6659 5490/6664 5488/6662 
f 5488/6662 5490/6664 5472/6635 5471/6634 
f 5480/6647 5489/6663 5491/6665 5481/6648 
f 5481/6648 5491/6665 5064/6666 5059/6653 
f 5489/6663 5470/6633 5479/6644 5491/6665 
f 5491/6665 5479/6644 5030/6646 5064/6666 
f 5492/6667 5493/6668 5494/6669 5495/6670 
f 5495/6670 5494/6669 4073/6671 4069/6672 
f 5493/6668 5496/6673 5497/6674 5494/6669 
f 5494/6669 5497/6674 4037/6675 4073/6671 
f 5492/6667 5495/6670 5498/6676 5499/6677 
f 5499/6677 5498/6676 4105/6678 4101/6679 
f 5495/6670 4069/6672 4068/6680 5498/6676 
f 5498/6676 4068/6680 4071/6681 4105/6678 
f 5492/6667 5499/6677 5500/6682 5501/6683 
f 5501/6683 5500/6682 4137/6684 4133/6685 
f 5499/6677 4101/6679 4100/6686 5500/6682 
f 5500/6682 4100/6686 4103/6687 4137/6684 
f 5492/6667 5501/6683 5502/6688 5493/6668 
f 5493/6668 5502/6688 5503/6689 5496/6673 
f 5501/6683 4133/6685 4132/6690 5502/6688 
f 5502/6688 4132/6690 4135/6691 5503/6689 
f 5504/6692 5505/6693 5506/6694 5507/6695 
f 5507/6695 5506/6694 4113/6696 4112/6697 
f 5505/6693 4144/6698 4153/6699 5506/6694 
f 5506/6694 4153/6699 4114/6700 4113/6696 
f 5504/6692 5507/6695 5508/6701 5509/6702 
f 5509/6702 5508/6701 4081/6703 4080/6704 
f 5507/6695 4112/6697 4121/6705 5508/6701 
f 5508/6701 4121/6705 4082/6706 4081/6703 
f 5504/6692 5509/6702 5510/6707 5511/6708 
f 5511/6708 5510/6707 5512/6709 5513/6710 
f 5509/6702 4080/6704 4089/6711 5510/6707 
f 5510/6707 4089/6711 4050/6712 5512/6709 
f 5504/6692 5511/6708 5514/6713 5505/6693 
f 5505/6693 5514/6713 4145/6714 4144/6698 
f 5511/6708 5513/6710 5515/6715 5514/6713 
f 5514/6713 5515/6715 4146/6716 4145/6714 
f 5516/6717 5517/6718 5518/6719 5519/6720 
f 5519/6720 5518/6719 5497/6721 5496/6722 
f 5517/6718 5520/6723 5521/6724 5518/6719 
f 5518/6719 5521/6724 4037/6725 5497/6721 
f 5516/6717 5519/6720 5522/6726 5523/6727 
f 5523/6727 5522/6726 5445/6728 5444/6729 
f 5519/6720 5496/6722 5503/6730 5522/6726 
f 5522/6726 5503/6730 4135/6731 5445/6728 
f 5516/6717 5523/6727 5524/6732 5525/6733 
f 5525/6733 5524/6732 5475/6734 5469/6735 
f 5523/6727 5444/6729 5451/6736 5524/6732 
f 5524/6732 5451/6736 5419/6737 5475/6734 
f 5516/6717 5525/6733 5526/6738 5517/6718 
f 5517/6718 5526/6738 5527/6739 5520/6723 
f 5525/6733 5469/6735 5468/6740 5526/6738 
f 5526/6738 5468/6740 5472/6741 5527/6739 
f 5528/6742 5529/6743 5530/6744 5531/6745 
f 5531/6745 5530/6744 5463/6626 5461/6624 
f 5529/6743 5487/6746 5486/6747 5530/6744 
f 5530/6744 5486/6747 5435/6594 5463/6626 
f 5528/6742 5531/6745 5532/6748 5533/6749 
f 5533/6749 5532/6748 5515/6750 5513/6751 
f 5531/6745 5461/6624 5460/6623 5532/6748 
f 5532/6748 5460/6623 4146/5036 5515/6750 
f 5528/6742 5533/6749 5534/6752 5535/6753 
f 5535/6753 5534/6752 5536/6754 5537/6755 
f 5533/6749 5513/6751 5512/6756 5534/6752 
f 5534/6752 5512/6756 4050/6757 5536/6754 
f 5528/6742 5535/6753 5538/6758 5529/6743 
f 5529/6743 5538/6758 5490/6759 5487/6746 
f 5535/6753 5537/6755 5539/6760 5538/6758 
f 5538/6758 5539/6760 5472/6761 5490/6759 
f 5540/6762 5541/6763 5542/6764 5543/6765 
f 5543/6765 5542/6764 4040/6766 4035/6767 
f 5541/6763 5544/6768 5545/6769 5542/6764 
f 5542/6764 5545/6769 4041/6770 4040/6766 
f 5540/6762 5543/6765 5546/6771 5547/6772 
f 5547/6772 5546/6771 5521/6773 5520/6774 
f 5543/6765 4035/6767 4034/6775 5546/6771 
f 5546/6771 4034/6775 4037/6776 5521/6773 
f 5540/6762 5547/6772 5548/6777 5541/6763 
f 5541/6763 5548/6777 5549/6778 5544/6768 
f 5547/6772 5520/6774 5527/6779 5548/6777 
f 5548/6777 5527/6779 5472/6780 5549/6778 
f 5550/6781 5551/6782 5552/6783 5553/6784 
f 5553/6784 5552/6783 5539/6785 5537/6786 
f 5551/6782 5544/6768 5549/6778 5552/6783 
f 5552/6783 5549/6778 5472/6780 5539/6785 
f 5550/6781 5553/6784 5554/6787 5555/6788 
f 5555/6788 5554/6787 4049/6789 4048/6790 
f 5553/6784 5537/6786 5536/6791 5554/6787 
f 5554/6787 5536/6791 4050/6792 4049/6789 
f 5550/6781 5555/6788 5556/6793 5551/6782 
f 5551/6782 5556/6793 5545/6769 5544/6768 
f 5555/6788 4048/6790 4057/6794 5556/6793 
f 5556/6793 4057/6794 4041/6770 5545/6769 
f 5557/6795 5558/6796 5559/6797 5560/6798 
f 5560/6798 5559/6797 4233/5139 4229/5135 
f 5558/6796 5139/6272 5138/6271 5559/6797 
f 5559/6797 5138/6271 4199/5101 4233/5139 
f 5557/6795 5560/6798 5561/6799 5562/6800 
f 5562/6800 5561/6799 4951/6801 4950/6802 
f 5560/6798 4229/5135 4228/5134 5561/6799 
f 5561/6799 4228/5134 4231/5137 4951/6801 
f 5557/6795 5562/6800 5563/6803 5564/6804 
f 5564/6804 5563/6803 5565/6805 5566/6806 
f 5562/6800 4950/6802 4963/6807 5563/6803 
f 5563/6803 4963/6807 4965/6808 5565/6805 
f 5557/6795 5564/6804 5567/6809 5558/6796 
f 5558/6796 5567/6809 5144/6277 5139/6272 
f 5564/6804 5566/6806 5568/6810 5567/6809 
f 5567/6809 5568/6810 5145/6278 5144/6277 
f 5569/6811 5570/6812 5571/6813 5572/6814 
f 5572/6814 5571/6813 4984/6815 4981/6816 
f 5570/6812 5573/6817 5574/6818 5571/6813 
f 5571/6813 5574/6818 4985/6819 4984/6815 
f 5569/6811 5572/6814 5575/6820 5576/6821 
f 5576/6821 5575/6820 4241/6822 4240/6823 
f 5572/6814 4981/6816 4980/6824 5575/6820 
f 5575/6820 4980/6824 4242/6825 4241/6822 
f 5569/6811 5576/6821 5577/6826 5578/6827 
f 5578/6827 5577/6826 5161/6294 5155/6288 
f 5576/6821 4240/6823 4249/6828 5577/6826 
f 5577/6826 4249/6828 4210/5112 5161/6294 
f 5569/6811 5578/6827 5579/6829 5570/6812 
f 5570/6812 5579/6829 5580/6830 5573/6817 
f 5578/6827 5155/6288 5154/6287 5579/6829 
f 5579/6829 5154/6287 5158/6291 5580/6830 
f 5581/6831 5582/6832 5583/6833 5584/6834 
f 5584/6834 5583/6833 5585/6835 5586/6836 
f 5582/6832 5566/6837 5565/6838 5583/6833 
f 5583/6833 5565/6838 4965/6839 5585/6835 
f 5581/6831 5584/6834 5587/6840 5588/6841 
f 5588/6841 5587/6840 5589/6842 5590/6843 
f 5584/6834 5586/6836 5591/6844 5587/6840 
f 5587/6840 5591/6844 5592/6845 5589/6842 
f 5581/6831 5588/6841 5593/6846 5594/6847 
f 5594/6847 5593/6846 5184/6322 5179/6315 
f 5588/6841 5590/6843 5595/6848 5593/6846 
f 5593/6846 5595/6848 5185/6323 5184/6322 
f 5581/6831 5594/6847 5596/6849 5582/6832 
f 5582/6832 5596/6849 5568/6850 5566/6837 
f 5594/6847 5179/6315 5178/6314 5596/6849 
f 5596/6849 5178/6314 5145/6317 5568/6850 
f 5597/6851 5598/6852 5599/6853 5600/6854 
f 5600/6854 5599/6853 5601/6855 5602/6856 
f 5598/6852 5195/6333 5194/6332 5599/6853 
f 5599/6853 5194/6332 5198/6336 5601/6855 
f 5597/6851 5600/6854 5603/6857 5604/6858 
f 5604/6858 5603/6857 5605/6859 5606/6860 
f 5600/6854 5602/6856 5607/6861 5603/6857 
f 5603/6857 5607/6861 5608/6862 5605/6859 
f 5597/6851 5604/6858 5609/6863 5610/6864 
f 5610/6864 5609/6863 5574/6818 5573/6817 
f 5604/6858 5606/6860 5611/6865 5609/6863 
f 5609/6863 5611/6865 4985/6819 5574/6818 
f 5597/6851 5610/6864 5612/6866 5598/6852 
f 5598/6852 5612/6866 5201/6339 5195/6333 
f 5610/6864 5573/6817 5580/6830 5612/6866 
f 5612/6866 5580/6830 5158/6291 5201/6339 
f 5613/6867 5614/6868 5615/6869 5616/6870 
f 5616/6870 5615/6869 5617/6871 5618/6872 
f 5614/6868 5590/6873 5589/6874 5615/6869 
f 5615/6869 5589/6874 5592/6875 5617/6871 
f 5613/6867 5616/6870 5619/6876 5620/6877 
f 5620/6877 5619/6876 5621/6878 5622/6879 
f 5616/6870 5618/6872 5623/6880 5619/6876 
f 5619/6876 5623/6880 5624/6881 5621/6878 
f 5613/6867 5620/6877 5625/6882 5626/6883 
f 5626/6883 5625/6882 5224/6367 5219/6360 
f 5620/6877 5622/6879 5627/6884 5625/6882 
f 5625/6882 5627/6884 5225/6368 5224/6367 
f 5613/6867 5626/6883 5628/6885 5614/6868 
f 5614/6868 5628/6885 5595/6886 5590/6873 
f 5626/6883 5219/6360 5218/6359 5628/6885 
f 5628/6885 5218/6359 5185/6362 5595/6886 
f 5629/6887 5630/6888 5631/6889 5632/6890 
f 5632/6890 5631/6889 5633/6891 5634/6892 
f 5630/6888 5235/6378 5234/6377 5631/6889 
f 5631/6889 5234/6377 5238/6381 5633/6891 
f 5629/6887 5632/6890 5635/6893 5636/6894 
f 5636/6894 5635/6893 5637/6895 5638/6896 
f 5632/6890 5634/6892 5639/6897 5635/6893 
f 5635/6893 5639/6897 5640/6898 5637/6895 
f 5629/6887 5636/6894 5641/6899 5642/6900 
f 5642/6900 5641/6899 5607/6861 5602/6856 
f 5636/6894 5638/6896 5643/6901 5641/6899 
f 5641/6899 5643/6901 5608/6862 5607/6861 
f 5629/6887 5642/6900 5644/6902 5630/6888 
f 5630/6888 5644/6902 5241/6384 5235/6378 
f 5642/6900 5602/6856 5601/6855 5644/6902 
f 5644/6902 5601/6855 5198/6336 5241/6384 
f 5645/6903 5646/6904 5647/6905 5648/6906 
f 5648/6906 5647/6905 5297/6907 5296/6908 
f 5646/6904 5649/6909 5650/6910 5647/6905 
f 5647/6905 5650/6910 5298/6911 5297/6907 
f 5645/6903 5648/6906 5651/6912 5652/6913 
f 5652/6913 5651/6912 5264/6914 5259/6915 
f 5648/6906 5296/6908 5309/6916 5651/6912 
f 5651/6912 5309/6916 5265/6917 5264/6914 
f 5645/6903 5652/6913 5653/6918 5654/6919 
f 5654/6919 5653/6918 5627/6920 5622/6921 
f 5652/6913 5259/6915 5258/6922 5653/6918 
f 5653/6918 5258/6922 5225/6923 5627/6920 
f 5645/6903 5654/6919 5655/6924 5646/6904 
f 5646/6904 5655/6924 5656/6925 5649/6909 
f 5654/6919 5622/6921 5621/6926 5655/6924 
f 5655/6924 5621/6926 5624/6927 5656/6925 
f 5657/6928 5658/6929 5659/6930 5660/6931 
f 5660/6931 5659/6930 5281/6424 5275/6418 
f 5658/6929 5634/6892 5633/6891 5659/6930 
f 5659/6930 5633/6891 5238/6381 5281/6424 
f 5657/6928 5660/6931 5661/6932 5662/6933 
f 5662/6933 5661/6932 5329/6934 5325/6935 
f 5660/6931 5275/6418 5274/6417 5661/6932 
f 5661/6932 5274/6417 5278/6421 5329/6934 
f 5657/6928 5662/6933 5663/6936 5664/6937 
f 5664/6937 5663/6936 5665/6938 5666/6939 
f 5662/6933 5325/6935 5324/6940 5663/6936 
f 5663/6936 5324/6940 5327/6941 5665/6938 
f 5657/6928 5664/6937 5667/6942 5658/6929 
f 5658/6929 5667/6942 5639/6897 5634/6892 
f 5664/6937 5666/6939 5668/6943 5667/6942 
f 5667/6942 5668/6943 5640/6898 5639/6897 
f 5669/6944 5670/6945 5671/6946 5672/6947 
f 5672/6947 5671/6946 4873/5946 4868/5941 
f 5670/6945 5673/6948 5674/6949 5671/6946 
f 5671/6946 5674/6949 4874/5947 4873/5946 
f 5669/6944 5672/6947 5675/6950 5676/6951 
f 5676/6951 5675/6950 5677/6952 5678/6953 
f 5672/6947 4868/5941 4867/5940 5675/6950 
f 5675/6950 4867/5940 4838/5907 5677/6952 
f 5669/6944 5676/6951 5679/6954 5680/6955 
f 5680/6955 5679/6954 5681/6956 5682/6957 
f 5676/6951 5678/6953 5683/6958 5679/6954 
f 5679/6954 5683/6958 5684/6959 5681/6956 
f 5669/6944 5680/6955 5685/6960 5670/6945 
f 5670/6945 5685/6960 5686/6961 5673/6948 
f 5680/6955 5682/6957 5687/6962 5685/6960 
f 5685/6960 5687/6962 5688/6963 5686/6961 
f 5689/6964 5690/6965 5691/6966 5692/6967 
f 5692/6967 5691/6966 5693/6968 5694/6969 
f 5690/6965 5695/6970 5696/6971 5691/6966 
f 5691/6966 5696/6971 5697/6972 5693/6968 
f 5689/6964 5692/6967 5698/6973 5699/6974 
f 5699/6974 5698/6973 4890/5965 4884/5957 
f 5692/6967 5694/6969 5700/6975 5698/6973 
f 5698/6973 5700/6975 4851/5966 4890/5965 
f 5689/6964 5699/6974 5701/6976 5702/6977 
f 5702/6977 5701/6976 5703/6978 5704/6979 
f 5699/6974 4884/5957 4883/5956 5701/6976 
f 5701/6976 4883/5956 4887/5960 5703/6978 
f 5689/6964 5702/6977 5705/6980 5690/6965 
f 5690/6965 5705/6980 5706/6981 5695/6970 
f 5702/6977 5704/6979 5707/6982 5705/6980 
f 5705/6980 5707/6982 5708/6983 5706/6981 
f 5709/6984 5710/6985 5711/6986 5712/6987 
f 5712/6987 5711/6986 5713/6988 5714/6989 
f 5710/6985 5715/6990 5716/6991 5711/6986 
f 5711/6986 5716/6991 4961/6063 5713/6988 
f 5709/6984 5712/6987 5717/6992 5718/6993 
f 5718/6993 5717/6992 5687/6962 5682/6957 
f 5712/6987 5714/6989 5719/6994 5717/6992 
f 5717/6992 5719/6994 5688/6963 5687/6962 
f 5709/6984 5718/6993 5720/6995 5721/6996 
f 5721/6996 5720/6995 5722/6997 5723/6998 
f 5718/6993 5682/6957 5681/6956 5720/6995 
f 5720/6995 5681/6956 5684/6959 5722/6997 
f 5709/6984 5721/6996 5724/6999 5710/6985 
f 5710/6985 5724/6999 5725/7000 5715/6990 
f 5721/6996 5723/6998 5726/7001 5724/6999 
f 5724/6999 5726/7001 5727/7002 5725/7000 
f 5728/7003 5729/7004 5730/7005 5731/7006 
f 5731/7006 5730/7005 5696/6971 5695/6970 
f 5729/7004 5732/7007 5733/7008 5730/7005 
f 5730/7005 5733/7008 5697/6972 5696/6971 
f 5728/7003 5731/7006 5734/7009 5735/7010 
f 5735/7010 5734/7009 5736/7011 5737/7012 
f 5731/7006 5695/6970 5706/6981 5734/7009 
f 5734/7009 5706/6981 5708/6983 5736/7011 
f 5728/7003 5735/7010 5738/7013 5739/7014 
f 5739/7014 5738/7013 5740/7015 5741/7016 
f 5735/7010 5737/7012 5742/7017 5738/7013 
f 5738/7013 5742/7017 4974/6076 5740/7015 
f 5728/7003 5739/7014 5743/7018 5729/7004 
f 5729/7004 5743/7018 5744/7019 5732/7007 
f 5739/7014 5741/7016 5745/7020 5743/7018 
f 5743/7018 5745/7020 5746/7021 5744/7019 
f 5747/7022 5748/7023 5749/7024 5750/7025 
f 5750/7025 5749/7024 4297/5228 4293/5224 
f 5748/7023 4955/6057 4954/6056 5749/7024 
f 5749/7024 4954/6056 4263/5185 4297/5228 
f 5747/7022 5750/7025 5751/7026 5752/7027 
f 5752/7027 5751/7026 5753/7028 5754/7029 
f 5750/7025 4293/5224 4292/5223 5751/7026 
f 5751/7026 4292/5223 4295/5226 5753/7028 
f 5747/7022 5752/7027 5755/7030 5756/7031 
f 5756/7031 5755/7030 5719/6994 5714/6989 
f 5752/7027 5754/7029 5757/7032 5755/7030 
f 5755/7030 5757/7032 5688/6963 5719/6994 
f 5747/7022 5756/7031 5758/7033 5748/7023 
f 5748/7023 5758/7033 4960/6062 4955/6057 
f 5756/7031 5714/6989 5713/6988 5758/7033 
f 5758/7033 5713/6988 4961/6063 4960/6062 
f 5759/7034 5760/7035 5761/7036 5762/7037 
f 5762/7037 5761/7036 5763/7038 5764/7039 
f 5760/7035 5737/7012 5736/7011 5761/7036 
f 5761/7036 5736/7011 5708/6983 5763/7038 
f 5759/7034 5762/7037 5765/7040 5766/7041 
f 5766/7041 5765/7040 4305/7042 4304/7043 
f 5762/7037 5764/7039 5767/7044 5765/7040 
f 5765/7040 5767/7044 4306/7045 4305/7042 
f 5759/7034 5766/7041 5768/7046 5769/7047 
f 5769/7047 5768/7046 4977/6081 4971/6073 
f 5766/7041 4304/7043 4313/7048 5768/7046 
f 5768/7046 4313/7048 4274/6082 4977/6081 
f 5759/7034 5769/7047 5770/7049 5760/7035 
f 5760/7035 5770/7049 5742/7017 5737/7012 
f 5769/7047 4971/6073 4970/6072 5770/7049 
f 5770/7049 4970/6072 4974/6076 5742/7017 
f 5771/7050 5772/7051 5773/7052 5774/7053 
f 5774/7053 5773/7052 5775/7054 5776/7055 
f 5772/7051 5754/7029 5753/7028 5773/7052 
f 5773/7052 5753/7028 4295/5226 5775/7054 
f 5771/7050 5774/7053 5777/7056 5778/7057 
f 5778/7057 5777/7056 4674/7058 4667/7059 
f 5774/7053 5776/7055 5779/7060 5777/7056 
f 5777/7056 5779/7060 4675/7061 4674/7058 
f 5771/7050 5778/7057 5780/7062 5781/7063 
f 5781/7063 5780/7062 5782/7064 5783/7065 
f 5778/7057 4667/7059 4666/7066 5780/7062 
f 5780/7062 4666/7066 4669/6027 5782/7064 
f 5771/7050 5781/7063 5784/7067 5772/7051 
f 5772/7051 5784/7067 5757/7032 5754/7029 
f 5781/7063 5783/7065 5785/7068 5784/7067 
f 5784/7067 5785/7068 5688/6963 5757/7032 
f 5786/7069 5787/7070 5788/7071 5789/7072 
f 5789/7072 5788/7071 4691/7073 4683/7074 
f 5787/7070 5790/7075 5791/7076 5788/7071 
f 5788/7071 5791/7076 4692/7077 4691/7073 
f 5786/7069 5789/7072 5792/7078 5793/7079 
f 5793/7079 5792/7078 5794/7080 5795/7081 
f 5789/7072 4683/7074 4682/7082 5792/7078 
f 5792/7078 4682/7082 4686/7083 5794/7080 
f 5786/7069 5793/7079 5796/7084 5797/7085 
f 5797/7085 5796/7084 5767/7044 5764/7039 
f 5793/7079 5795/7081 5798/7086 5796/7084 
f 5796/7084 5798/7086 4306/7045 5767/7044 
f 5786/7069 5797/7085 5799/7087 5787/7070 
f 5787/7070 5799/7087 5800/7088 5790/7075 
f 5797/7085 5764/7039 5763/7038 5799/7087 
f 5799/7087 5763/7038 5708/6983 5800/7088 
f 5801/7089 5802/7090 5803/7091 5804/7092 
f 5804/7092 5803/7091 4933/6026 4931/6023 
f 5802/7090 5783/7065 5782/7064 5803/7091 
f 5803/7091 5782/7064 4669/6027 4933/6026 
f 5801/7089 5804/7092 5805/7093 5806/7094 
f 5806/7094 5805/7093 5674/6949 5673/6948 
f 5804/7092 4931/6023 4930/6022 5805/7093 
f 5805/7093 4930/6022 4874/5947 5674/6949 
f 5801/7089 5806/7094 5807/7095 5802/7090 
f 5802/7090 5807/7095 5785/7068 5783/7065 
f 5806/7094 5673/6948 5686/6961 5807/7095 
f 5807/7095 5686/6961 5688/6963 5785/7068 
f 5808/7096 5809/7097 5810/7098 5811/7099 
f 5811/7099 5810/7098 5707/6982 5704/6979 
f 5809/7097 5790/7075 5800/7088 5810/7098 
f 5810/7098 5800/7088 5708/6983 5707/6982 
f 5808/7096 5811/7099 5812/7100 5813/7101 
f 5813/7101 5812/7100 4939/7102 4938/7103 
f 5811/7099 5704/6979 5703/6978 5812/7100 
f 5812/7100 5703/6978 4887/5960 4939/7102 
f 5808/7096 5813/7101 5814/7104 5809/7097 
f 5809/7097 5814/7104 5791/7076 5790/7075 
f 5813/7101 4938/7103 4945/7105 5814/7104 
f 5814/7104 4945/7105 4692/7077 5791/7076 
f 5815/7106 5816/7107 5817/7108 5818/7109 
f 5818/7109 5817/7108 4764/7110 4761/7111 
f 5816/7107 5776/7112 5775/7113 5817/7108 
f 5817/7108 5775/7113 4295/7114 4764/7110 
f 5815/7106 5818/7109 5819/7115 5820/7116 
f 5820/7116 5819/7115 4736/7117 4733/7118 
f 5818/7109 4761/7111 4760/7119 5819/7115 
f 5819/7115 4760/7119 4737/7120 4736/7117 
f 5815/7106 5820/7116 5821/7121 5816/7107 
f 5816/7107 5821/7121 5779/7122 5776/7112 
f 5820/7116 4733/7118 4732/7123 5821/7121 
f 5821/7121 4732/7123 4675/7124 5779/7122 
f 5822/7125 5823/7126 5824/7127 5825/7128 
f 5825/7128 5824/7127 4743/7129 4742/7130 
f 5823/7126 5795/7081 5794/7080 5824/7127 
f 5824/7127 5794/7080 4686/7083 4743/7129 
f 5822/7125 5825/7128 5826/7131 5827/7132 
f 5827/7132 5826/7131 4774/7133 4771/7134 
f 5825/7128 4742/7130 4751/7135 5826/7131 
f 5826/7131 4751/7135 4753/7136 4774/7133 
f 5822/7125 5827/7132 5828/7137 5823/7126 
f 5823/7126 5828/7137 5798/7086 5795/7081 
f 5827/7132 4771/7134 4770/7138 5828/7137 
f 5828/7137 4770/7138 4306/7045 5798/7086 
f 5829/7139 5830/7140 5831/7141 5832/7142 
f 5832/7142 5831/7141 5833/7143 5834/7144 
f 5830/7140 5295/7145 5294/7146 5831/7141 
f 5831/7141 5294/7146 5298/7147 5833/7143 
f 5829/7139 5832/7142 5835/7148 5836/7149 
f 5836/7149 5835/7148 5837/7150 5838/7151 
f 5832/7142 5834/7144 5839/7152 5835/7148 
f 5835/7148 5839/7152 5840/7153 5837/7150 
f 5829/7139 5836/7149 5841/7154 5842/7155 
f 5842/7155 5841/7154 5843/7156 5844/7157 
f 5836/7149 5838/7151 5845/7158 5841/7154 
f 5841/7154 5845/7158 5846/7159 5843/7156 
f 5829/7139 5842/7155 5847/7160 5830/7140 
f 5830/7140 5847/7160 5303/7161 5295/7145 
f 5842/7155 5844/7157 5848/7162 5847/7160 
f 5847/7160 5848/7162 5304/7163 5303/7161 
f 5849/7164 5850/7165 5851/7166 5852/7167 
f 5852/7167 5851/7166 5853/7168 5854/7169 
f 5850/7165 5855/7170 5856/7171 5851/7166 
f 5851/7166 5856/7171 5857/7172 5853/7168 
f 5849/7164 5852/7167 5858/7173 5859/7174 
f 5859/7174 5858/7173 5860/7175 5861/7176 
f 5852/7167 5854/7169 5862/7177 5858/7173 
f 5858/7173 5862/7177 5863/7178 5860/7175 
f 5849/7164 5859/7174 5864/7179 5865/7180 
f 5865/7180 5864/7179 5326/6472 5319/6465 
f 5859/7174 5861/7176 5866/7181 5864/7179 
f 5864/7179 5866/7181 5327/6473 5326/6472 
f 5849/7164 5865/7180 5867/7182 5850/7165 
f 5850/7165 5867/7182 5868/7183 5855/7170 
f 5865/7180 5319/6465 5318/6464 5867/7182 
f 5867/7182 5318/6464 5321/6467 5868/7183 
f 5869/7184 5870/7185 5871/7186 5872/7187 
f 5872/7187 5871/7186 5335/7188 5334/7189 
f 5870/7185 4998/7190 4997/7191 5871/7186 
f 5871/7186 4997/7191 5000/7192 5335/7188 
f 5869/7184 5872/7187 5873/7193 5874/7194 
f 5874/7194 5873/7193 5848/7162 5844/7157 
f 5872/7187 5334/7189 5344/7195 5873/7193 
f 5873/7193 5344/7195 5304/7163 5848/7162 
f 5869/7184 5874/7194 5875/7196 5876/7197 
f 5876/7197 5875/7196 5877/7198 5878/7199 
f 5874/7194 5844/7157 5843/7156 5875/7196 
f 5875/7196 5843/7156 5846/7159 5877/7198 
f 5869/7184 5876/7197 5879/7200 5870/7185 
f 5870/7185 5879/7200 5003/7201 4998/7190 
f 5876/7197 5878/7199 5880/7202 5879/7200 
f 5879/7200 5880/7202 4792/5856 5003/7201 
f 5881/7203 5882/7204 5883/7205 5884/7206 
f 5884/7206 5883/7205 5856/7171 5855/7170 
f 5882/7204 5885/7207 5886/7208 5883/7205 
f 5883/7205 5886/7208 5857/7172 5856/7171 
f 5881/7203 5884/7206 5887/7209 5888/7210 
f 5888/7210 5887/7209 5359/6507 5357/6505 
f 5884/7206 5855/7170 5868/7183 5887/7209 
f 5887/7209 5868/7183 5321/6467 5359/6507 
f 5881/7203 5888/7210 5889/7211 5890/7212 
f 5890/7212 5889/7211 5016/6127 5011/6122 
f 5888/7210 5357/6505 5356/6504 5889/7211 
f 5889/7211 5356/6504 5017/6128 5016/6127 
f 5881/7203 5890/7212 5891/7213 5882/7204 
f 5882/7204 5891/7213 5892/7214 5885/7207 
f 5890/7212 5011/6122 5010/6121 5891/7213 
f 5891/7213 5010/6121 4817/5881 5892/7214 
f 5893/7215 5894/7216 5895/7217 5896/7218 
f 5896/7218 5895/7217 5726/7001 5723/6998 
f 5894/7216 5897/7219 5898/7220 5895/7217 
f 5895/7217 5898/7220 5727/7002 5726/7001 
f 5893/7215 5896/7218 5899/7221 5900/7222 
f 5900/7222 5899/7221 5901/7223 5902/7224 
f 5896/7218 5723/6998 5722/6997 5899/7221 
f 5899/7221 5722/6997 5684/6959 5901/7223 
f 5893/7215 5900/7222 5903/7225 5904/7226 
f 5904/7226 5903/7225 5845/7158 5838/7151 
f 5900/7222 5902/7224 5905/7227 5903/7225 
f 5903/7225 5905/7227 5846/7159 5845/7158 
f 5893/7215 5904/7226 5906/7228 5894/7216 
f 5894/7216 5906/7228 5907/7229 5897/7219 
f 5904/7226 5838/7151 5837/7150 5906/7228 
f 5906/7228 5837/7150 5840/7153 5907/7229 
f 5908/7230 5909/7231 5910/7232 5911/7233 
f 5911/7233 5910/7232 5912/7234 5913/7235 
f 5909/7231 5854/7169 5853/7168 5910/7232 
f 5910/7232 5853/7168 5857/7172 5912/7234 
f 5908/7230 5911/7233 5914/7236 5915/7237 
f 5915/7237 5914/7236 5733/7238 5732/7239 
f 5911/7233 5913/7235 5916/7240 5914/7236 
f 5914/7236 5916/7240 5697/7241 5733/7238 
f 5908/7230 5915/7237 5917/7242 5918/7243 
f 5918/7243 5917/7242 5919/7244 5920/7245 
f 5915/7237 5732/7239 5744/7246 5917/7242 
f 5917/7242 5744/7246 5746/7247 5919/7244 
f 5908/7230 5918/7243 5921/7248 5909/7231 
f 5909/7231 5921/7248 5862/7177 5854/7169 
f 5918/7243 5920/7245 5922/7249 5921/7248 
f 5921/7248 5922/7249 5863/7178 5862/7177 
f 5923/7250 5924/7251 5925/7252 5926/7253 
f 5926/7253 5925/7252 4837/5906 4832/5901 
f 5924/7251 5678/6953 5677/6952 5925/7252 
f 5925/7252 5677/6952 4838/5907 4837/5906 
f 5923/7250 5926/7253 5927/7254 5928/7255 
f 5928/7255 5927/7254 5929/7256 5930/7257 
f 5926/7253 4832/5901 4831/5900 5927/7254 
f 5927/7254 4831/5900 4798/5862 5929/7256 
f 5923/7250 5928/7255 5931/7258 5932/7259 
f 5932/7259 5931/7258 5905/7227 5902/7224 
f 5928/7255 5930/7257 5933/7260 5931/7258 
f 5931/7258 5933/7260 5846/7159 5905/7227 
f 5923/7250 5932/7259 5934/7261 5924/7251 
f 5924/7251 5934/7261 5683/6958 5678/6953 
f 5932/7259 5902/7224 5901/7223 5934/7261 
f 5934/7261 5901/7223 5684/6959 5683/6958 
f 5935/7262 5936/7263 5937/7264 5938/7265 
f 5938/7265 5937/7264 5939/7266 5940/7267 
f 5936/7263 5913/7235 5912/7234 5937/7264 
f 5937/7264 5912/7234 5857/7172 5939/7266 
f 5935/7262 5938/7265 5941/7268 5942/7269 
f 5942/7269 5941/7268 4854/5923 4848/5917 
f 5938/7265 5940/7267 5943/7270 5941/7268 
f 5941/7268 5943/7270 4811/5875 4854/5923 
f 5935/7262 5942/7269 5944/7271 5945/7272 
f 5945/7272 5944/7271 5700/7273 5694/7274 
f 5942/7269 4848/5917 4847/5916 5944/7271 
f 5944/7271 4847/5916 4851/5920 5700/7273 
f 5935/7262 5945/7272 5946/7275 5936/7263 
f 5936/7263 5946/7275 5916/7240 5913/7235 
f 5945/7272 5694/7274 5693/7276 5946/7275 
f 5946/7275 5693/7276 5697/7241 5916/7240 
f 5947/7277 5948/7278 5949/7279 5950/7280 
f 5950/7280 5949/7279 5880/7202 5878/7199 
f 5948/7278 4790/5854 4789/5853 5949/7279 
f 5949/7279 4789/5853 4792/5856 5880/7202 
f 5947/7277 5950/7280 5951/7281 5952/7282 
f 5952/7282 5951/7281 5933/7260 5930/7257 
f 5950/7280 5878/7199 5877/7198 5951/7281 
f 5951/7281 5877/7198 5846/7159 5933/7260 
f 5947/7277 5952/7282 5953/7283 5948/7278 
f 5948/7278 5953/7283 4797/5861 4790/5854 
f 5952/7282 5930/7257 5929/7256 5953/7283 
f 5953/7283 5929/7256 4798/5862 4797/5861 
f 5954/7284 5955/7285 5956/7286 5957/7287 
f 5957/7287 5956/7286 5943/7270 5940/7267 
f 5955/7285 4808/5872 4807/5871 5956/7286 
f 5956/7286 4807/5871 4811/5875 5943/7270 
f 5954/7284 5957/7287 5958/7288 5959/7289 
f 5959/7289 5958/7288 5886/7208 5885/7207 
f 5957/7287 5940/7267 5939/7266 5958/7288 
f 5958/7288 5939/7266 5857/7172 5886/7208 
f 5954/7284 5959/7289 5960/7290 5955/7285 
f 5955/7285 5960/7290 4816/5880 4808/5872 
f 5959/7289 5885/7207 5892/7214 5960/7290 
f 5960/7290 5892/7214 4817/5881 4816/5880 
f 5961/7291 5962/7292 5963/7293 5964/7294 
f 5964/7294 5963/7293 5965/7295 5966/7296 
f 5962/7292 5967/7297 5968/7298 5963/7293 
f 5963/7293 5968/7298 5969/7299 5965/7295 
f 5961/7291 5964/7294 5970/7300 5971/7301 
f 5971/7301 5970/7300 5972/7302 5973/7303 
f 5964/7294 5966/7296 5974/7304 5970/7300 
f 5970/7300 5974/7304 5975/7305 5972/7302 
f 5961/7291 5971/7301 5976/7306 5977/7307 
f 5977/7307 5976/7306 5978/7308 5979/7309 
f 5971/7301 5973/7303 5980/7310 5976/7306 
f 5976/7306 5980/7310 5981/7311 5978/7308 
f 5961/7291 5977/7307 5982/7312 5962/7292 
f 5962/7292 5982/7312 5983/7313 5967/7297 
f 5977/7307 5979/7309 5984/7314 5982/7312 
f 5982/7312 5984/7314 5985/7315 5983/7313 
f 5986/7316 5987/7317 5988/7318 5989/7319 
f 5989/7319 5988/7318 5990/7320 5991/7321 
f 5987/7317 5992/7322 5993/7323 5988/7318 
f 5988/7318 5993/7323 5994/7324 5990/7320 
f 5986/7316 5989/7319 5995/7325 5996/7326 
f 5996/7326 5995/7325 5997/7327 5998/7328 
f 5989/7319 5991/7321 5999/7329 5995/7325 
f 5995/7325 5999/7329 6000/7330 5997/7327 
f 5986/7316 5996/7326 6001/7331 6002/7332 
f 6002/7332 6001/7331 6003/7333 6004/7334 
f 5996/7326 5998/7328 6005/7335 6001/7331 
f 6001/7331 6005/7335 6006/7336 6003/7333 
f 5986/7316 6002/7332 6007/7337 5987/7317 
f 5987/7317 6007/7337 6008/7338 5992/7322 
f 6002/7332 6004/7334 6009/7339 6007/7337 
f 6007/7337 6009/7339 6010/7340 6008/7338 
f 6011/7341 6012/7342 6013/7343 6014/7344 
f 6014/7344 6013/7343 5968/7298 5967/7297 
f 6012/7342 6015/7345 6016/7346 6013/7343 
f 6013/7343 6016/7346 5969/7299 5968/7298 
f 6011/7341 6014/7344 6017/7347 6018/7348 
f 6018/7348 6017/7347 6019/7349 6020/7350 
f 6014/7344 5967/7297 5983/7313 6017/7347 
f 6017/7347 5983/7313 5985/7315 6019/7349 
f 6011/7341 6018/7348 6021/7351 6022/7352 
f 6022/7352 6021/7351 6023/7353 6024/7354 
f 6018/7348 6020/7350 6025/7355 6021/7351 
f 6021/7351 6025/7355 6026/7356 6023/7353 
f 6011/7341 6022/7352 6027/7357 6012/7342 
f 6012/7342 6027/7357 6028/7358 6015/7345 
f 6022/7352 6024/7354 6029/7359 6027/7357 
f 6027/7357 6029/7359 6030/7360 6028/7358 
f 6031/7361 6032/7362 6033/7363 6034/7364 
f 6034/7364 6033/7363 6035/7365 6036/7366 
f 6032/7362 6037/7367 6038/7368 6033/7363 
f 6033/7363 6038/7368 6039/7369 6035/7365 
f 6031/7361 6034/7364 6040/7370 6041/7371 
f 6041/7371 6040/7370 6009/7372 6004/7373 
f 6034/7364 6036/7366 6042/7374 6040/7370 
f 6040/7370 6042/7374 6010/7375 6009/7372 
f 6031/7361 6041/7371 6043/7376 6044/7377 
f 6044/7377 6043/7376 6045/7378 6046/7379 
f 6041/7371 6004/7373 6003/7380 6043/7376 
f 6043/7376 6003/7380 6006/7381 6045/7378 
f 6031/7361 6044/7377 6047/7382 6032/7362 
f 6032/7362 6047/7382 6048/7383 6037/7367 
f 6044/7377 6046/7379 6049/7384 6047/7382 
f 6047/7382 6049/7384 6050/7385 6048/7383 
f 6051/7386 6052/7387 6053/7388 6054/7389 
f 6054/7389 6053/7388 6029/7359 6024/7354 
f 6052/7387 6055/7390 6056/7391 6053/7388 
f 6053/7388 6056/7391 6030/7360 6029/7359 
f 6051/7386 6054/7389 6057/7392 6058/7393 
f 6058/7393 6057/7392 6059/7394 6060/7395 
f 6054/7389 6024/7354 6023/7353 6057/7392 
f 6057/7392 6023/7353 6026/7356 6059/7394 
f 6051/7386 6058/7393 6061/7396 6062/7397 
f 6062/7397 6061/7396 6063/7398 6064/7399 
f 6058/7393 6060/7395 6065/7400 6061/7396 
f 6061/7396 6065/7400 6066/7401 6063/7398 
f 6051/7386 6062/7397 6067/7402 6052/7387 
f 6052/7387 6067/7402 6068/7403 6055/7390 
f 6062/7397 6064/7399 6069/7404 6067/7402 
f 6067/7402 6069/7404 6070/7405 6068/7403 
f 6071/7406 6072/7407 6073/7408 6074/7409 
f 6074/7409 6073/7408 6075/7410 6076/7411 
f 6072/7407 6077/7412 6078/7413 6073/7408 
f 6073/7408 6078/7413 6079/7414 6075/7410 
f 6071/7406 6074/7409 6080/7415 6081/7416 
f 6081/7416 6080/7415 6038/7417 6037/7418 
f 6074/7409 6076/7411 6082/7419 6080/7415 
f 6080/7415 6082/7419 6039/7420 6038/7417 
f 6071/7406 6081/7416 6083/7421 6084/7422 
f 6084/7422 6083/7421 6085/7423 6086/7424 
f 6081/7416 6037/7418 6048/7425 6083/7421 
f 6083/7421 6048/7425 6050/7426 6085/7423 
f 6071/7406 6084/7422 6087/7427 6072/7407 
f 6072/7407 6087/7427 6088/7428 6077/7412 
f 6084/7422 6086/7424 6089/7429 6087/7427 
f 6087/7427 6089/7429 6090/7430 6088/7428 
f 6091/7431 6092/7432 6093/7433 6094/7434 
f 6094/7434 6093/7433 6069/7404 6064/7399 
f 6092/7432 6095/7435 6096/7436 6093/7433 
f 6093/7433 6096/7436 6070/7405 6069/7404 
f 6091/7431 6094/7434 6097/7437 6098/7438 
f 6098/7438 6097/7437 6099/7439 6100/7440 
f 6094/7434 6064/7399 6063/7398 6097/7437 
f 6097/7437 6063/7398 6066/7401 6099/7439 
f 6091/7431 6098/7438 6101/7441 6102/7442 
f 6102/7442 6101/7441 6103/7443 6104/7444 
f 6098/7438 6100/7440 6105/7445 6101/7441 
f 6101/7441 6105/7445 6106/7446 6103/7443 
f 6091/7431 6102/7442 6107/7447 6092/7432 
f 6092/7432 6107/7447 6108/7448 6095/7435 
f 6102/7442 6104/7444 6109/7449 6107/7447 
f 6107/7447 6109/7449 6110/7450 6108/7448 
f 6111/7451 6112/7452 6113/7453 6114/7454 
f 6114/7454 6113/7453 6115/7455 6116/7456 
f 6112/7452 6117/7457 6118/7458 6113/7453 
f 6113/7453 6118/7458 6119/7459 6115/7455 
f 6111/7451 6114/7454 6120/7460 6121/7461 
f 6121/7461 6120/7460 6078/7413 6077/7412 
f 6114/7454 6116/7456 6122/7462 6120/7460 
f 6120/7460 6122/7462 6079/7414 6078/7413 
f 6111/7451 6121/7461 6123/7463 6124/7464 
f 6124/7464 6123/7463 6125/7465 6126/7466 
f 6121/7461 6077/7412 6088/7428 6123/7463 
f 6123/7463 6088/7428 6090/7430 6125/7465 
f 6111/7451 6124/7464 6127/7467 6112/7452 
f 6112/7452 6127/7467 6128/7468 6117/7457 
f 6124/7464 6126/7466 6129/7469 6127/7467 
f 6127/7467 6129/7469 6130/7470 6128/7468 
f 6131/7471 6132/7472 6133/7473 6134/7474 
f 6134/7474 6133/7473 6109/7449 6104/7444 
f 6132/7472 6135/7475 6136/7476 6133/7473 
f 6133/7473 6136/7476 6110/7450 6109/7449 
f 6131/7471 6134/7474 6137/7477 6138/7478 
f 6138/7478 6137/7477 6139/7479 6140/7480 
f 6134/7474 6104/7444 6103/7443 6137/7477 
f 6137/7477 6103/7443 6106/7446 6139/7479 
f 6131/7471 6138/7478 6141/7481 6142/7482 
f 6142/7482 6141/7481 6143/7483 6144/7484 
f 6138/7478 6140/7480 6145/7485 6141/7481 
f 6141/7481 6145/7485 6146/7486 6143/7483 
f 6131/7471 6142/7482 6147/7487 6132/7472 
f 6132/7472 6147/7487 6148/7488 6135/7475 
f 6142/7482 6144/7484 6149/7489 6147/7487 
f 6147/7487 6149/7489 6150/7490 6148/7488 
f 6151/7491 6152/7492 6153/7493 6154/7494 
f 6154/7494 6153/7493 6155/7495 6156/7496 
f 6152/7492 6157/7497 6158/7498 6153/7493 
f 6153/7493 6158/7498 6159/7499 6155/7495 
f 6151/7491 6154/7494 6160/7500 6161/7501 
f 6161/7501 6160/7500 6118/7502 6117/7503 
f 6154/7494 6156/7496 6162/7504 6160/7500 
f 6160/7500 6162/7504 6119/7505 6118/7502 
f 6151/7491 6161/7501 6163/7506 6164/7507 
f 6164/7507 6163/7506 6165/7508 6166/7509 
f 6161/7501 6117/7503 6128/7510 6163/7506 
f 6163/7506 6128/7510 6130/7511 6165/7508 
f 6151/7491 6164/7507 6167/7512 6152/7492 
f 6152/7492 6167/7512 6168/7513 6157/7497 
f 6164/7507 6166/7509 6169/7514 6167/7512 
f 6167/7512 6169/7514 6170/7515 6168/7513 
f 6171/7516 6172/7517 6173/7518 6174/7519 
f 6174/7519 6173/7518 6149/7489 6144/7484 
f 6172/7517 6175/7520 6176/7521 6173/7518 
f 6173/7518 6176/7521 6150/7490 6149/7489 
f 6171/7516 6174/7519 6177/7522 6178/7523 
f 6178/7523 6177/7522 6179/7524 6180/7525 
f 6174/7519 6144/7484 6143/7483 6177/7522 
f 6177/7522 6143/7483 6146/7486 6179/7524 
f 6171/7516 6178/7523 6181/7526 6182/7527 
f 6182/7527 6181/7526 6183/7528 6184/7529 
f 6178/7523 6180/7525 6185/7530 6181/7526 
f 6181/7526 6185/7530 6186/7531 6183/7528 
f 6171/7516 6182/7527 6187/7532 6172/7517 
f 6172/7517 6187/7532 6188/7533 6175/7520 
f 6182/7527 6184/7529 6189/7534 6187/7532 
f 6187/7532 6189/7534 6190/7535 6188/7533 
f 6191/7536 6192/7537 6193/7538 6194/7539 
f 6194/7539 6193/7538 6195/7540 6196/7541 
f 6192/7537 6197/7542 6198/7543 6193/7538 
f 6193/7538 6198/7543 6199/7544 6195/7540 
f 6191/7536 6194/7539 6200/7545 6201/7546 
f 6201/7546 6200/7545 6158/7498 6157/7497 
f 6194/7539 6196/7541 6202/7547 6200/7545 
f 6200/7545 6202/7547 6159/7499 6158/7498 
f 6191/7536 6201/7546 6203/7548 6204/7549 
f 6204/7549 6203/7548 6205/7550 6206/7551 
f 6201/7546 6157/7497 6168/7513 6203/7548 
f 6203/7548 6168/7513 6170/7515 6205/7550 
f 6191/7536 6204/7549 6207/7552 6192/7537 
f 6192/7537 6207/7552 6208/7553 6197/7542 
f 6204/7549 6206/7551 6209/7554 6207/7552 
f 6207/7552 6209/7554 6210/7555 6208/7553 
f 6211/7556 6212/7557 6213/7558 6214/7559 
f 6214/7559 6213/7558 6215/7560 6216/7561 
f 6212/7557 6180/7525 6179/7524 6213/7558 
f 6213/7558 6179/7524 6146/7486 6215/7560 
f 6211/7556 6214/7559 6217/7562 6218/7563 
f 6218/7563 6217/7562 6219/7564 6220/7565 
f 6214/7559 6216/7561 6221/7566 6217/7562 
f 6217/7562 6221/7566 6222/7567 6219/7564 
f 6211/7556 6218/7563 6223/7568 6224/7569 
f 6224/7569 6223/7568 6225/7570 6226/7571 
f 6218/7563 6220/7565 6227/7572 6223/7568 
f 6223/7568 6227/7572 6228/7573 6225/7570 
f 6211/7556 6224/7569 6229/7574 6212/7557 
f 6212/7557 6229/7574 6185/7530 6180/7525 
f 6224/7569 6226/7571 6230/7575 6229/7574 
f 6229/7574 6230/7575 6186/7531 6185/7530 
f 6231/7576 6232/7577 6233/7578 6234/7579 
f 6234/7579 6233/7578 6235/7580 6236/7581 
f 6232/7577 6237/7582 6238/7583 6233/7578 
f 6233/7578 6238/7583 6239/7584 6235/7580 
f 6231/7576 6234/7579 6240/7585 6241/7586 
f 6241/7586 6240/7585 6242/7587 6243/7588 
f 6234/7579 6236/7581 6244/7589 6240/7585 
f 6240/7585 6244/7589 6245/7590 6242/7587 
f 6231/7576 6241/7586 6246/7591 6247/7592 
f 6247/7592 6246/7591 6202/7593 6196/7594 
f 6241/7586 6243/7588 6248/7595 6246/7591 
f 6246/7591 6248/7595 6159/7596 6202/7593 
f 6231/7576 6247/7592 6249/7597 6232/7577 
f 6232/7577 6249/7597 6250/7598 6237/7582 
f 6247/7592 6196/7594 6195/7599 6249/7597 
f 6249/7597 6195/7599 6199/7600 6250/7598 
f 6251/7601 6252/7602 6253/7603 6254/7604 
f 6254/7604 6253/7603 6255/7605 6256/7606 
f 6252/7602 6140/7607 6139/7608 6253/7603 
f 6253/7603 6139/7608 6106/7609 6255/7605 
f 6251/7601 6254/7604 6257/7610 6258/7611 
f 6258/7611 6257/7610 6259/7612 6260/7613 
f 6254/7604 6256/7606 6261/7614 6257/7610 
f 6257/7610 6261/7614 6262/7615 6259/7612 
f 6251/7601 6258/7611 6263/7616 6264/7617 
f 6264/7617 6263/7616 6221/7618 6216/7619 
f 6258/7611 6260/7613 6265/7620 6263/7616 
f 6263/7616 6265/7620 6222/7621 6221/7618 
f 6251/7601 6264/7617 6266/7622 6252/7602 
f 6252/7602 6266/7622 6145/7623 6140/7607 
f 6264/7617 6216/7619 6215/7624 6266/7622 
f 6266/7622 6215/7624 6146/7625 6145/7623 
f 6267/7626 6268/7627 6269/7628 6270/7629 
f 6270/7629 6269/7628 6271/7630 6272/7631 
f 6268/7627 6243/7632 6242/7633 6269/7628 
f 6269/7628 6242/7633 6245/7634 6271/7630 
f 6267/7626 6270/7629 6273/7635 6274/7636 
f 6274/7636 6273/7635 6275/7637 6276/7638 
f 6270/7629 6272/7631 6277/7639 6273/7635 
f 6273/7635 6277/7639 6278/7640 6275/7637 
f 6267/7626 6274/7636 6279/7641 6280/7642 
f 6280/7642 6279/7641 6162/7643 6156/7644 
f 6274/7636 6276/7638 6281/7645 6279/7641 
f 6279/7641 6281/7645 6119/7459 6162/7643 
f 6267/7626 6280/7642 6282/7646 6268/7627 
f 6268/7627 6282/7646 6248/7647 6243/7632 
f 6280/7642 6156/7644 6155/7648 6282/7646 
f 6282/7646 6155/7648 6159/7649 6248/7647 
f 6283/7650 6284/7651 6285/7652 6286/7653 
f 6286/7653 6285/7652 6287/7654 6288/7655 
f 6284/7651 6100/7656 6099/7657 6285/7652 
f 6285/7652 6099/7657 6066/7658 6287/7654 
f 6283/7650 6286/7653 6289/7659 6290/7660 
f 6290/7660 6289/7659 6291/7661 6292/7662 
f 6286/7653 6288/7655 6293/7663 6289/7659 
f 6289/7659 6293/7663 6294/7664 6291/7661 
f 6283/7650 6290/7660 6295/7665 6296/7666 
f 6296/7666 6295/7665 6261/7614 6256/7606 
f 6290/7660 6292/7662 6297/7667 6295/7665 
f 6295/7665 6297/7667 6262/7615 6261/7614 
f 6283/7650 6296/7666 6298/7668 6284/7651 
f 6284/7651 6298/7668 6105/7669 6100/7656 
f 6296/7666 6256/7606 6255/7605 6298/7668 
f 6298/7668 6255/7605 6106/7609 6105/7669 
f 6299/7670 6300/7671 6301/7672 6302/7673 
f 6302/7673 6301/7672 6303/7674 6304/7675 
f 6300/7671 6276/7638 6275/7637 6301/7672 
f 6301/7672 6275/7637 6278/7640 6303/7674 
f 6299/7670 6302/7673 6305/7676 6306/7677 
f 6306/7677 6305/7676 6307/7678 6308/7679 
f 6302/7673 6304/7675 6309/7680 6305/7676 
f 6305/7676 6309/7680 6310/7681 6307/7678 
f 6299/7670 6306/7677 6311/7682 6312/7683 
f 6312/7683 6311/7682 6122/7462 6116/7456 
f 6306/7677 6308/7679 6313/7684 6311/7682 
f 6311/7682 6313/7684 6079/7414 6122/7462 
f 6299/7670 6312/7683 6314/7685 6300/7671 
f 6300/7671 6314/7685 6281/7645 6276/7638 
f 6312/7683 6116/7456 6115/7455 6314/7685 
f 6314/7685 6115/7455 6119/7459 6281/7645 
f 6315/7686 6316/7687 6317/7688 6318/7689 
f 6318/7689 6317/7688 6319/7690 6320/7691 
f 6316/7687 6060/7692 6059/7693 6317/7688 
f 6317/7688 6059/7693 6026/7694 6319/7690 
f 6315/7686 6318/7689 6321/7695 6322/7696 
f 6322/7696 6321/7695 6323/7697 6324/7698 
f 6318/7689 6320/7691 6325/7699 6321/7695 
f 6321/7695 6325/7699 6326/7700 6323/7697 
f 6315/7686 6322/7696 6327/7701 6328/7702 
f 6328/7702 6327/7701 6293/7703 6288/7704 
f 6322/7696 6324/7698 6329/7705 6327/7701 
f 6327/7701 6329/7705 6294/7706 6293/7703 
f 6315/7686 6328/7702 6330/7707 6316/7687 
f 6316/7687 6330/7707 6065/7708 6060/7692 
f 6328/7702 6288/7704 6287/7709 6330/7707 
f 6330/7707 6287/7709 6066/7710 6065/7708 
f 6331/7711 6332/7712 6333/7713 6334/7714 
f 6334/7714 6333/7713 6335/7715 6336/7716 
f 6332/7712 6308/7679 6307/7678 6333/7713 
f 6333/7713 6307/7678 6310/7681 6335/7715 
f 6331/7711 6334/7714 6337/7717 6338/7718 
f 6338/7718 6337/7717 6339/7719 6340/7720 
f 6334/7714 6336/7716 6341/7721 6337/7717 
f 6337/7717 6341/7721 6342/7722 6339/7719 
f 6331/7711 6338/7718 6343/7723 6344/7724 
f 6344/7724 6343/7723 6082/7419 6076/7411 
f 6338/7718 6340/7720 6345/7725 6343/7723 
f 6343/7723 6345/7725 6039/7420 6082/7419 
f 6331/7711 6344/7724 6346/7726 6332/7712 
f 6332/7712 6346/7726 6313/7684 6308/7679 
f 6344/7724 6076/7411 6075/7410 6346/7726 
f 6346/7726 6075/7410 6079/7414 6313/7684 
f 6347/7727 6348/7728 6349/7729 6350/7730 
f 6350/7730 6349/7729 6351/7731 6352/7732 
f 6348/7728 6020/7350 6019/7349 6349/7729 
f 6349/7729 6019/7349 5985/7315 6351/7731 
f 6347/7727 6350/7730 6353/7733 6354/7734 
f 6354/7734 6353/7733 6355/7735 6356/7736 
f 6350/7730 6352/7732 6357/7737 6353/7733 
f 6353/7733 6357/7737 6358/7738 6355/7735 
f 6347/7727 6354/7734 6359/7739 6360/7740 
f 6360/7740 6359/7739 6325/7741 6320/7742 
f 6354/7734 6356/7736 6361/7743 6359/7739 
f 6359/7739 6361/7743 6326/7744 6325/7741 
f 6347/7727 6360/7740 6362/7745 6348/7728 
f 6348/7728 6362/7745 6025/7355 6020/7350 
f 6360/7740 6320/7742 6319/7746 6362/7745 
f 6362/7745 6319/7746 6026/7356 6025/7355 
f 6363/7747 6364/7748 6365/7749 6366/7750 
f 6366/7750 6365/7749 6367/7751 6368/7752 
f 6364/7748 6340/7753 6339/7754 6365/7749 
f 6365/7749 6339/7754 6342/7755 6367/7751 
f 6363/7747 6366/7750 6369/7756 6370/7757 
f 6370/7757 6369/7756 6371/7758 6372/7759 
f 6366/7750 6368/7752 6373/7760 6369/7756 
f 6369/7756 6373/7760 6374/7761 6371/7758 
f 6363/7747 6370/7757 6375/7762 6376/7763 
f 6376/7763 6375/7762 6042/7764 6036/7765 
f 6370/7757 6372/7759 6377/7766 6375/7762 
f 6375/7762 6377/7766 6010/7767 6042/7764 
f 6363/7747 6376/7763 6378/7768 6364/7748 
f 6364/7748 6378/7768 6345/7769 6340/7753 
f 6376/7763 6036/7765 6035/7770 6378/7768 
f 6378/7768 6035/7770 6039/7771 6345/7769 
f 6379/7772 6380/7773 6381/7774 6382/7775 
f 6382/7775 6381/7774 5984/7314 5979/7309 
f 6380/7773 6352/7732 6351/7731 6381/7774 
f 6381/7774 6351/7731 5985/7315 5984/7314 
f 6379/7772 6382/7775 6383/7776 6384/7777 
f 6384/7777 6383/7776 6385/7778 6386/7779 
f 6382/7775 5979/7309 5978/7308 6383/7776 
f 6383/7776 5978/7308 5981/7311 6385/7778 
f 6379/7772 6384/7777 6387/7780 6388/7781 
f 6388/7781 6387/7780 6389/7782 6390/7783 
f 6384/7777 6386/7779 6391/7784 6387/7780 
f 6387/7780 6391/7784 6392/7785 6389/7782 
f 6379/7772 6388/7781 6393/7786 6380/7773 
f 6380/7773 6393/7786 6357/7737 6352/7732 
f 6388/7781 6390/7783 6394/7787 6393/7786 
f 6393/7786 6394/7787 6358/7738 6357/7737 
f 6395/7788 6396/7789 6397/7790 6398/7791 
f 6398/7791 6397/7790 6399/7792 6400/7793 
f 6396/7789 6401/7794 6402/7795 6397/7790 
f 6397/7790 6402/7795 6403/7796 6399/7792 
f 6395/7788 6398/7791 6404/7797 6405/7798 
f 6405/7798 6404/7797 5993/7799 5992/7800 
f 6398/7791 6400/7793 6406/7801 6404/7797 
f 6404/7797 6406/7801 5994/7802 5993/7799 
f 6395/7788 6405/7798 6407/7803 6408/7804 
f 6408/7804 6407/7803 6377/7766 6372/7759 
f 6405/7798 5992/7800 6008/7805 6407/7803 
f 6407/7803 6008/7805 6010/7767 6377/7766 
f 6395/7788 6408/7804 6409/7806 6396/7789 
f 6396/7789 6409/7806 6410/7807 6401/7794 
f 6408/7804 6372/7759 6371/7758 6409/7806 
f 6409/7806 6371/7758 6374/7761 6410/7807 
f 6411/7808 6412/7809 6413/7810 6414/7811 
f 6414/7811 6413/7810 5716/6991 5715/6990 
f 6412/7809 6415/7812 6416/7813 6413/7810 
f 6413/7810 6416/7813 4961/6063 5716/6991 
f 6411/7808 6414/7811 6417/7814 6418/7815 
f 6418/7815 6417/7814 6419/7816 6420/7817 
f 6414/7811 5715/6990 5725/7000 6417/7814 
f 6417/7814 5725/7000 5727/7002 6419/7816 
f 6411/7808 6418/7815 6421/7818 6422/7819 
f 6422/7819 6421/7818 6423/7820 6424/7821 
f 6418/7815 6420/7817 6425/7822 6421/7818 
f 6421/7818 6425/7822 6426/7823 6423/7820 
f 6411/7808 6422/7819 6427/7824 6412/7809 
f 6412/7809 6427/7824 6428/7825 6415/7812 
f 6422/7819 6424/7821 6429/7826 6427/7824 
f 6427/7824 6429/7826 6430/7827 6428/7825 
f 6431/7828 6432/7829 6433/7830 6434/7831 
f 6434/7831 6433/7830 6435/7832 6436/7833 
f 6432/7829 6437/7834 6438/7835 6433/7830 
f 6433/7830 6438/7835 6439/7836 6435/7832 
f 6431/7828 6434/7831 6440/7837 6441/7838 
f 6441/7838 6440/7837 5745/7020 5741/7016 
f 6434/7831 6436/7833 6442/7839 6440/7837 
f 6440/7837 6442/7839 5746/7021 5745/7020 
f 6431/7828 6441/7838 6443/7840 6444/7841 
f 6444/7841 6443/7840 6445/7842 6446/7843 
f 6441/7838 5741/7016 5740/7015 6443/7840 
f 6443/7840 5740/7015 4974/6076 6445/7842 
f 6431/7828 6444/7841 6447/7844 6432/7829 
f 6432/7829 6447/7844 6448/7845 6437/7834 
f 6444/7841 6446/7843 6449/7846 6447/7844 
f 6447/7844 6449/7846 6450/7847 6448/7845 
f 6451/7848 6452/7849 6453/7850 6454/7851 
f 6454/7851 6453/7850 6455/7852 6456/7853 
f 6452/7849 6420/7854 6419/7855 6453/7850 
f 6453/7850 6419/7855 5727/7856 6455/7852 
f 6451/7848 6454/7851 6457/7857 6458/7858 
f 6458/7858 6457/7857 6189/7534 6184/7529 
f 6454/7851 6456/7853 6459/7859 6457/7857 
f 6457/7857 6459/7859 6190/7535 6189/7534 
f 6451/7848 6458/7858 6460/7860 6461/7861 
f 6461/7861 6460/7860 6462/7862 6463/7863 
f 6458/7858 6184/7529 6183/7528 6460/7860 
f 6460/7860 6183/7528 6186/7531 6462/7862 
f 6451/7848 6461/7861 6464/7864 6452/7849 
f 6452/7849 6464/7864 6425/7865 6420/7854 
f 6461/7861 6463/7863 6465/7866 6464/7864 
f 6464/7864 6465/7866 6426/7867 6425/7865 
f 6466/7868 6467/7869 6468/7870 6469/7871 
f 6469/7871 6468/7870 6198/7872 6197/7873 
f 6467/7869 6470/7874 6471/7875 6468/7870 
f 6468/7870 6471/7875 6199/7876 6198/7872 
f 6466/7868 6469/7871 6472/7877 6473/7878 
f 6473/7878 6472/7877 6474/7879 6475/7880 
f 6469/7871 6197/7873 6208/7881 6472/7877 
f 6472/7877 6208/7881 6210/7882 6474/7879 
f 6466/7868 6473/7878 6476/7883 6477/7884 
f 6477/7884 6476/7883 6442/7885 6436/7886 
f 6473/7878 6475/7880 6478/7887 6476/7883 
f 6476/7883 6478/7887 5746/7888 6442/7885 
f 6466/7868 6477/7884 6479/7889 6467/7869 
f 6467/7869 6479/7889 6480/7890 6470/7874 
f 6477/7884 6436/7886 6435/7891 6479/7889 
f 6479/7889 6435/7891 6439/7892 6480/7890 
f 6481/7893 6482/7894 6483/7895 6484/7896 
f 6484/7896 6483/7895 4964/6066 4959/6061 
f 6482/7894 5586/7897 5585/7898 6483/7895 
f 6483/7895 5585/7898 4965/6067 4964/6066 
f 6481/7893 6484/7896 6485/7899 6486/7900 
f 6486/7900 6485/7899 6416/7813 6415/7812 
f 6484/7896 4959/6061 4958/6060 6485/7899 
f 6485/7899 4958/6060 4961/6063 6416/7813 
f 6481/7893 6486/7900 6487/7901 6488/7902 
f 6488/7902 6487/7901 6489/7903 6490/7904 
f 6486/7900 6415/7812 6428/7825 6487/7901 
f 6487/7901 6428/7825 6430/7827 6489/7903 
f 6481/7893 6488/7902 6491/7905 6482/7894 
f 6482/7894 6491/7905 5591/7906 5586/7897 
f 6488/7902 6490/7904 6492/7907 6491/7905 
f 6491/7905 6492/7907 5592/7908 5591/7906 
f 6493/7909 6494/7910 6495/7911 6496/7912 
f 6496/7912 6495/7911 6449/7913 6446/7914 
f 6494/7910 6497/7915 6498/7916 6495/7911 
f 6495/7911 6498/7916 6450/7917 6449/7913 
f 6493/7909 6496/7912 6499/7918 6500/7919 
f 6500/7919 6499/7918 4973/7920 4972/7921 
f 6496/7912 6446/7914 6445/7922 6499/7918 
f 6499/7918 6445/7922 4974/7923 4973/7920 
f 6493/7909 6500/7919 6501/7924 6502/7925 
f 6502/7925 6501/7924 5611/7926 5606/7927 
f 6500/7919 4972/7921 4983/7928 6501/7924 
f 6501/7924 4983/7928 4985/7929 5611/7926 
f 6493/7909 6502/7925 6503/7930 6494/7910 
f 6494/7910 6503/7930 6504/7931 6497/7915 
f 6502/7925 5606/7927 5605/7932 6503/7930 
f 6503/7930 5605/7932 5608/7933 6504/7931 
f 6505/7934 6506/7935 6507/7936 6508/7937 
f 6508/7937 6507/7936 6509/7938 6510/7939 
f 6506/7935 6511/7940 6512/7941 6507/7936 
f 6507/7936 6512/7941 5624/7942 6509/7938 
f 6505/7934 6508/7937 6513/7943 6514/7944 
f 6514/7944 6513/7943 6515/7945 6516/7946 
f 6508/7937 6510/7939 6517/7947 6513/7943 
f 6513/7943 6517/7947 6518/7948 6515/7945 
f 6505/7934 6514/7944 6519/7949 6520/7950 
f 6520/7950 6519/7949 5980/7310 5973/7303 
f 6514/7944 6516/7946 6521/7951 6519/7949 
f 6519/7949 6521/7951 5981/7311 5980/7310 
f 6505/7934 6520/7950 6522/7952 6506/7935 
f 6506/7935 6522/7952 6523/7953 6511/7940 
f 6520/7950 5973/7303 5972/7302 6522/7952 
f 6522/7952 5972/7302 5975/7305 6523/7953 
f 6524/7954 6525/7955 6526/7956 6527/7957 
f 6527/7957 6526/7956 6528/7958 6529/7959 
f 6525/7955 5991/7321 5990/7320 6526/7956 
f 6526/7956 5990/7320 5994/7324 6528/7958 
f 6524/7954 6527/7957 6530/7960 6531/7961 
f 6531/7961 6530/7960 6532/7962 6533/7963 
f 6527/7957 6529/7959 6534/7964 6530/7960 
f 6530/7960 6534/7964 6535/7965 6532/7962 
f 6524/7954 6531/7961 6536/7966 6537/7967 
f 6537/7967 6536/7966 6538/7968 6539/7969 
f 6531/7961 6533/7963 6540/7970 6536/7966 
f 6536/7966 6540/7970 5640/7971 6538/7968 
f 6524/7954 6537/7967 6541/7972 6525/7955 
f 6525/7955 6541/7972 5999/7329 5991/7321 
f 6537/7967 6539/7969 6542/7973 6541/7972 
f 6541/7972 6542/7973 6000/7330 5999/7329 
f 6543/7974 6544/7975 6545/7976 6546/7977 
f 6546/7977 6545/7976 6230/7978 6226/7979 
f 6544/7975 6463/7980 6462/7981 6545/7976 
f 6545/7976 6462/7981 6186/7982 6230/7978 
f 6543/7974 6546/7977 6547/7983 6548/7984 
f 6548/7984 6547/7983 6549/7985 6550/7986 
f 6546/7977 6226/7979 6225/7987 6547/7983 
f 6547/7983 6225/7987 6228/7988 6549/7985 
f 6543/7974 6548/7984 6551/7989 6552/7990 
f 6552/7990 6551/7989 6553/7991 6554/7992 
f 6548/7984 6550/7986 6555/7993 6551/7989 
f 6551/7989 6555/7993 6556/7994 6553/7991 
f 6543/7974 6552/7990 6557/7995 6544/7975 
f 6544/7975 6557/7995 6465/7996 6463/7980 
f 6552/7990 6554/7992 6558/7997 6557/7995 
f 6557/7995 6558/7997 6426/7998 6465/7996 
f 6559/7999 6560/8000 6561/8001 6562/8002 
f 6562/8002 6561/8001 6563/8003 6564/8004 
f 6560/8000 6565/8005 6566/8006 6561/8001 
f 6561/8001 6566/8006 6567/8007 6563/8003 
f 6559/7999 6562/8002 6568/8008 6569/8009 
f 6569/8009 6568/8008 6238/7583 6237/7582 
f 6562/8002 6564/8004 6570/8010 6568/8008 
f 6568/8008 6570/8010 6239/7584 6238/7583 
f 6559/7999 6569/8009 6571/8011 6572/8012 
f 6572/8012 6571/8011 6471/8013 6470/8014 
f 6569/8009 6237/7582 6250/7598 6571/8011 
f 6571/8011 6250/7598 6199/7600 6471/8013 
f 6559/7999 6572/8012 6573/8015 6560/8000 
f 6560/8000 6573/8015 6574/8016 6565/8005 
f 6572/8012 6470/8014 6480/8017 6573/8015 
f 6573/8015 6480/8017 6439/8018 6574/8016 
f 6575/8019 6576/8020 6577/8021 6578/8022 
f 6578/8022 6577/8021 6579/8023 6580/8024 
f 6576/8020 6581/8025 6582/8026 6577/8021 
f 6577/8021 6582/8026 6583/8027 6579/8023 
f 6575/8019 6578/8022 6584/8028 6585/8029 
f 6585/8029 6584/8028 6586/8030 6587/8031 
f 6578/8022 6580/8024 6588/8032 6584/8028 
f 6584/8028 6588/8032 6589/8033 6586/8030 
f 6575/8019 6585/8029 6590/8034 6591/8035 
f 6591/8035 6590/8034 6558/8036 6554/8037 
f 6585/8029 6587/8031 6592/8038 6590/8034 
f 6590/8034 6592/8038 6426/8039 6558/8036 
f 6575/8019 6591/8035 6593/8040 6576/8020 
f 6576/8020 6593/8040 6594/8041 6581/8025 
f 6591/8035 6554/8037 6553/8042 6593/8040 
f 6593/8040 6553/8042 6556/8043 6594/8041 
f 6595/8044 6596/8045 6597/8046 6598/8047 
f 6598/8047 6597/8046 6599/8048 6600/8049 
f 6596/8045 6565/8050 6574/8051 6597/8046 
f 6597/8046 6574/8051 6439/8052 6599/8048 
f 6595/8044 6598/8047 6601/8053 6602/8054 
f 6602/8054 6601/8053 6603/8055 6604/8056 
f 6598/8047 6600/8049 6605/8057 6601/8053 
f 6601/8053 6605/8057 6606/8058 6603/8055 
f 6595/8044 6602/8054 6607/8059 6608/8060 
f 6608/8060 6607/8059 6609/8061 6610/8062 
f 6602/8054 6604/8056 6611/8063 6607/8059 
f 6607/8059 6611/8063 6612/8064 6609/8061 
f 6595/8044 6608/8060 6613/8065 6596/8045 
f 6596/8045 6613/8065 6566/8066 6565/8050 
f 6608/8060 6610/8062 6614/8067 6613/8065 
f 6613/8065 6614/8067 6567/8068 6566/8066 
f 6615/8069 6616/8070 6617/8071 6618/8072 
f 6618/8072 6617/8071 6619/8073 6620/8074 
f 6616/8070 6621/8075 6622/8076 6617/8071 
f 6617/8071 6622/8076 6623/8077 6619/8073 
f 6615/8069 6618/8072 6624/8078 6625/8079 
f 6625/8079 6624/8078 6588/8032 6580/8024 
f 6618/8072 6620/8074 6626/8080 6624/8078 
f 6624/8078 6626/8080 6589/8033 6588/8032 
f 6615/8069 6625/8079 6627/8081 6628/8082 
f 6628/8082 6627/8081 6629/8083 6630/8084 
f 6625/8079 6580/8024 6579/8023 6627/8081 
f 6627/8081 6579/8023 6583/8027 6629/8083 
f 6615/8069 6628/8082 6631/8085 6616/8070 
f 6616/8070 6631/8085 6632/8086 6621/8075 
f 6628/8082 6630/8084 6633/8087 6631/8085 
f 6631/8085 6633/8087 6634/8088 6632/8086 
f 6635/8089 6636/8090 6637/8091 6638/8092 
f 6638/8092 6637/8091 6611/8093 6604/8094 
f 6636/8090 6639/8095 6640/8096 6637/8091 
f 6637/8091 6640/8096 6612/8097 6611/8093 
f 6635/8089 6638/8092 6641/8098 6642/8099 
f 6642/8099 6641/8098 6643/8100 6644/8101 
f 6638/8092 6604/8094 6603/8102 6641/8098 
f 6641/8098 6603/8102 6606/8103 6643/8100 
f 6635/8089 6642/8099 6645/8104 6646/8105 
f 6646/8105 6645/8104 6647/8106 6648/8107 
f 6642/8099 6644/8101 6649/8108 6645/8104 
f 6645/8104 6649/8108 6650/8109 6647/8106 
f 6635/8089 6646/8105 6651/8110 6636/8090 
f 6636/8090 6651/8110 6652/8111 6639/8095 
f 6646/8105 6648/8107 6653/8112 6651/8110 
f 6651/8110 6653/8112 6654/8113 6652/8111 
f 6655/8114 6656/8115 6657/8116 6658/8117 
f 6658/8117 6657/8116 6659/8118 6660/8119 
f 6656/8115 6661/8120 6662/8121 6657/8116 
f 6657/8116 6662/8121 6663/8122 6659/8118 
f 6655/8114 6658/8117 6664/8123 6665/8124 
f 6665/8124 6664/8123 6666/8125 6667/8126 
f 6658/8117 6660/8119 6668/8127 6664/8123 
f 6664/8123 6668/8127 6669/8128 6666/8125 
f 6655/8114 6665/8124 6670/8129 6671/8130 
f 6671/8130 6670/8129 6626/8131 6620/8132 
f 6665/8124 6667/8126 6672/8133 6670/8129 
f 6670/8129 6672/8133 6589/8134 6626/8131 
f 6655/8114 6671/8130 6673/8135 6656/8115 
f 6656/8115 6673/8135 6674/8136 6661/8120 
f 6671/8130 6620/8132 6619/8137 6673/8135 
f 6673/8135 6619/8137 6623/8138 6674/8136 
f 6675/8139 6676/8140 6677/8141 6678/8142 
f 6678/8142 6677/8141 6679/8143 6680/8144 
f 6676/8140 6644/8145 6643/8146 6677/8141 
f 6677/8141 6643/8146 6606/8147 6679/8143 
f 6675/8139 6678/8142 6681/8148 6682/8149 
f 6682/8149 6681/8148 6683/8150 6684/8151 
f 6678/8142 6680/8144 6685/8152 6681/8148 
f 6681/8148 6685/8152 6686/8153 6683/8150 
f 6675/8139 6682/8149 6687/8154 6688/8155 
f 6688/8155 6687/8154 6689/8156 6690/8157 
f 6682/8149 6684/8151 6691/8158 6687/8154 
f 6687/8154 6691/8158 6692/8159 6689/8156 
f 6675/8139 6688/8155 6693/8160 6676/8140 
f 6676/8140 6693/8160 6649/8161 6644/8145 
f 6688/8155 6690/8157 6694/8162 6693/8160 
f 6693/8160 6694/8162 6650/8163 6649/8161 
f 6695/8164 6696/8165 6697/8166 6698/8167 
f 6698/8167 6697/8166 6699/8168 6700/8169 
f 6696/8165 6701/8170 6702/8171 6697/8166 
f 6697/8166 6702/8171 6518/7948 6699/8168 
f 6695/8164 6698/8167 6703/8172 6704/8173 
f 6704/8173 6703/8172 6668/8174 6660/8175 
f 6698/8167 6700/8169 6705/8176 6703/8172 
f 6703/8172 6705/8176 6669/8177 6668/8174 
f 6695/8164 6704/8173 6706/8178 6707/8179 
f 6707/8179 6706/8178 6708/8180 6709/8181 
f 6704/8173 6660/8175 6659/8182 6706/8178 
f 6706/8178 6659/8182 6663/8183 6708/8180 
f 6695/8164 6707/8179 6710/8184 6696/8165 
f 6696/8165 6710/8184 6711/8185 6701/8170 
f 6707/8179 6709/8181 6712/8186 6710/8184 
f 6710/8184 6712/8186 6713/8187 6711/8185 
f 6714/8188 6715/8189 6716/8190 6717/8191 
f 6717/8191 6716/8190 6691/8158 6684/8151 
f 6715/8189 6718/8192 6719/8193 6716/8190 
f 6716/8190 6719/8193 6692/8159 6691/8158 
f 6714/8188 6717/8191 6720/8194 6721/8195 
f 6721/8195 6720/8194 6722/8196 6723/8197 
f 6717/8191 6684/8151 6683/8150 6720/8194 
f 6720/8194 6683/8150 6686/8153 6722/8196 
f 6714/8188 6721/8195 6724/8198 6725/8199 
f 6725/8199 6724/8198 6726/8200 6727/8201 
f 6721/8195 6723/8197 6728/8202 6724/8198 
f 6724/8198 6728/8202 6535/8203 6726/8200 
f 6714/8188 6725/8199 6729/8204 6715/8189 
f 6715/8189 6729/8204 6730/8205 6718/8192 
f 6725/8199 6727/8201 6731/8206 6729/8204 
f 6729/8204 6731/8206 6732/8207 6730/8205 
f 6733/8208 6734/8209 6735/8210 6736/8211 
f 6736/8211 6735/8210 6521/7951 6516/7946 
f 6734/8209 6386/7779 6385/7778 6735/8210 
f 6735/8210 6385/7778 5981/7311 6521/7951 
f 6733/8208 6736/8211 6737/8212 6738/8213 
f 6738/8213 6737/8212 6702/8171 6701/8170 
f 6736/8211 6516/7946 6515/7945 6737/8212 
f 6737/8212 6515/7945 6518/7948 6702/8171 
f 6733/8208 6738/8213 6739/8214 6740/8215 
f 6740/8215 6739/8214 6741/8216 6742/8217 
f 6738/8213 6701/8170 6711/8185 6739/8214 
f 6739/8214 6711/8185 6713/8187 6741/8216 
f 6733/8208 6740/8215 6743/8218 6734/8209 
f 6734/8209 6743/8218 6391/7784 6386/7779 
f 6740/8215 6742/8217 6744/8219 6743/8218 
f 6743/8218 6744/8219 6392/7785 6391/7784 
f 6745/8220 6746/8221 6747/8222 6748/8223 
f 6748/8223 6747/8222 6731/8206 6727/8201 
f 6746/8221 6749/8224 6750/8225 6747/8222 
f 6747/8222 6750/8225 6732/8207 6731/8206 
f 6745/8220 6748/8223 6751/8226 6752/8227 
f 6752/8227 6751/8226 6534/8228 6529/8229 
f 6748/8223 6727/8201 6726/8200 6751/8226 
f 6751/8226 6726/8200 6535/8203 6534/8228 
f 6745/8220 6752/8227 6753/8230 6754/8231 
f 6754/8231 6753/8230 6406/7801 6400/7793 
f 6752/8227 6529/8229 6528/8232 6753/8230 
f 6753/8230 6528/8232 5994/7802 6406/7801 
f 6745/8220 6754/8231 6755/8233 6746/8221 
f 6746/8221 6755/8233 6756/8234 6749/8224 
f 6754/8231 6400/7793 6399/7792 6755/8233 
f 6755/8233 6399/7792 6403/7796 6756/8234 
f 6757/8235 6758/8236 6759/8237 6760/8238 
f 6760/8238 6759/8237 6761/8239 6762/8240 
f 6758/8236 5618/8241 5617/8242 6759/8237 
f 6759/8237 5617/8242 5592/7908 6761/8239 
f 6757/8235 6760/8238 6763/8243 6764/8244 
f 6764/8244 6763/8243 6705/8245 6700/8246 
f 6760/8238 6762/8240 6765/8247 6763/8243 
f 6763/8243 6765/8247 6669/8128 6705/8245 
f 6757/8235 6764/8244 6766/8248 6767/8249 
f 6767/8249 6766/8248 6517/8250 6510/8251 
f 6764/8244 6700/8246 6699/8252 6766/8248 
f 6766/8248 6699/8252 6518/8253 6517/8250 
f 6757/8235 6767/8249 6768/8254 6758/8236 
f 6758/8236 6768/8254 5623/8255 5618/8241 
f 6767/8249 6510/8251 6509/8256 6768/8254 
f 6768/8254 6509/8256 5624/8257 5623/8255 
f 6769/8258 6770/8259 6771/8260 6772/8261 
f 6772/8261 6771/8260 6728/8262 6723/8263 
f 6770/8259 6533/8264 6532/8265 6771/8260 
f 6771/8260 6532/8265 6535/8266 6728/8262 
f 6769/8258 6772/8261 6773/8267 6774/8268 
f 6774/8268 6773/8267 6775/8269 6776/8270 
f 6772/8261 6723/8263 6722/8271 6773/8267 
f 6773/8267 6722/8271 6686/8272 6775/8269 
f 6769/8258 6774/8268 6777/8273 6778/8274 
f 6778/8274 6777/8273 5643/6901 5638/6896 
f 6774/8268 6776/8270 6779/8275 6777/8273 
f 6777/8273 6779/8275 5608/6862 5643/6901 
f 6769/8258 6778/8274 6780/8276 6770/8259 
f 6770/8259 6780/8276 6540/8277 6533/8264 
f 6778/8274 5638/6896 5637/6895 6780/8276 
f 6780/8276 5637/6895 5640/6898 6540/8277 
f 6781/8278 6782/8279 6783/8280 6784/8281 
f 6784/8281 6783/8280 6492/7907 6490/7904 
f 6782/8279 6762/8240 6761/8239 6783/8280 
f 6783/8280 6761/8239 5592/7908 6492/7907 
f 6781/8278 6784/8281 6785/8282 6786/8283 
f 6786/8283 6785/8282 6787/8284 6788/8285 
f 6784/8281 6490/7904 6489/7903 6785/8282 
f 6785/8282 6489/7903 6430/7827 6787/8284 
f 6781/8278 6786/8283 6789/8286 6790/8287 
f 6790/8287 6789/8286 6672/8133 6667/8126 
f 6786/8283 6788/8285 6791/8288 6789/8286 
f 6789/8286 6791/8288 6589/8134 6672/8133 
f 6781/8278 6790/8287 6792/8289 6782/8279 
f 6782/8279 6792/8289 6765/8247 6762/8240 
f 6790/8287 6667/8126 6666/8125 6792/8289 
f 6792/8289 6666/8125 6669/8128 6765/8247 
f 6793/8290 6794/8291 6795/8292 6796/8293 
f 6796/8293 6795/8292 6797/8294 6798/8295 
f 6794/8291 6680/8144 6679/8143 6795/8292 
f 6795/8292 6679/8143 6606/8147 6797/8294 
f 6793/8290 6796/8293 6799/8296 6800/8297 
f 6800/8297 6799/8296 6498/8298 6497/8299 
f 6796/8293 6798/8295 6801/8300 6799/8296 
f 6799/8296 6801/8300 6450/8301 6498/8298 
f 6793/8290 6800/8297 6802/8302 6803/8303 
f 6803/8303 6802/8302 6779/8304 6776/8305 
f 6800/8297 6497/8299 6504/8306 6802/8302 
f 6802/8302 6504/8306 5608/8307 6779/8304 
f 6793/8290 6803/8303 6804/8308 6794/8291 
f 6794/8291 6804/8308 6685/8152 6680/8144 
f 6803/8303 6776/8305 6775/8309 6804/8308 
f 6804/8308 6775/8309 6686/8153 6685/8152 
f 6805/8310 6806/8311 6807/8312 6808/8313 
f 6808/8313 6807/8312 6429/7826 6424/7821 
f 6806/8311 6788/8285 6787/8284 6807/8312 
f 6807/8312 6787/8284 6430/7827 6429/7826 
f 6805/8310 6808/8313 6809/8314 6810/8315 
f 6810/8315 6809/8314 6592/8316 6587/8317 
f 6808/8313 6424/7821 6423/7820 6809/8314 
f 6809/8314 6423/7820 6426/7823 6592/8316 
f 6805/8310 6810/8315 6811/8318 6806/8311 
f 6806/8311 6811/8318 6791/8288 6788/8285 
f 6810/8315 6587/8317 6586/8319 6811/8318 
f 6811/8318 6586/8319 6589/8134 6791/8288 
f 6812/8320 6813/8321 6814/8322 6815/8323 
f 6815/8323 6814/8322 6605/8324 6600/8325 
f 6813/8321 6798/8326 6797/8327 6814/8322 
f 6814/8322 6797/8327 6606/8328 6605/8324 
f 6812/8320 6815/8323 6816/8329 6817/8330 
f 6817/8330 6816/8329 6438/8331 6437/8332 
f 6815/8323 6600/8325 6599/8333 6816/8329 
f 6816/8329 6599/8333 6439/8334 6438/8331 
f 6812/8320 6817/8330 6818/8335 6813/8321 
f 6813/8321 6818/8335 6801/8336 6798/8326 
f 6817/8330 6437/8332 6448/8337 6818/8335 
f 6818/8335 6448/8337 6450/8338 6801/8336 
f 6819/8339 6820/8340 6821/8341 6822/8342 
f 6822/8342 6821/8341 6744/8343 6742/8344 
f 6820/8340 6823/8345 6824/8346 6821/8341 
f 6821/8341 6824/8346 6392/8347 6744/8343 
f 6819/8339 6822/8342 6825/8348 6826/8349 
f 6826/8349 6825/8348 6827/8350 6828/8351 
f 6822/8342 6742/8344 6741/8352 6825/8348 
f 6825/8348 6741/8352 6713/8353 6827/8350 
f 6819/8339 6826/8349 6829/8354 6830/8355 
f 6830/8355 6829/8354 6831/8356 6832/8357 
f 6826/8349 6828/8351 6833/8358 6829/8354 
f 6829/8354 6833/8358 6834/8359 6831/8356 
f 6819/8339 6830/8355 6835/8360 6820/8340 
f 6820/8340 6835/8360 6836/8361 6823/8345 
f 6830/8355 6832/8357 6837/8362 6835/8360 
f 6835/8360 6837/8362 6838/8363 6836/8361 
f 6839/8364 6840/8365 6841/8366 6842/8367 
f 6842/8367 6841/8366 6843/8368 6844/8369 
f 6840/8365 6845/8370 6846/8371 6841/8366 
f 6841/8366 6846/8371 6847/8372 6843/8368 
f 6839/8364 6842/8367 6848/8373 6849/8374 
f 6849/8374 6848/8373 6750/8225 6749/8224 
f 6842/8367 6844/8369 6850/8375 6848/8373 
f 6848/8373 6850/8375 6732/8207 6750/8225 
f 6839/8364 6849/8374 6851/8376 6852/8377 
f 6852/8377 6851/8376 6853/8378 6854/8379 
f 6849/8374 6749/8224 6756/8234 6851/8376 
f 6851/8376 6756/8234 6403/7796 6853/8378 
f 6839/8364 6852/8377 6855/8380 6840/8365 
f 6840/8365 6855/8380 6856/8381 6845/8370 
f 6852/8377 6854/8379 6857/8382 6855/8380 
f 6855/8380 6857/8382 6858/8383 6856/8381 
f 6859/8384 6860/8385 6861/8386 6862/8387 
f 6862/8387 6861/8386 6712/8388 6709/8389 
f 6860/8385 6828/8351 6827/8350 6861/8386 
f 6861/8386 6827/8350 6713/8353 6712/8388 
f 6859/8384 6862/8387 6863/8390 6864/8391 
f 6864/8391 6863/8390 6865/8392 6866/8393 
f 6862/8387 6709/8389 6708/8394 6863/8390 
f 6863/8390 6708/8394 6663/8122 6865/8392 
f 6859/8384 6864/8391 6867/8395 6868/8396 
f 6868/8396 6867/8395 6869/8397 6870/8398 
f 6864/8391 6866/8393 6871/8399 6867/8395 
f 6867/8395 6871/8399 6872/8400 6869/8397 
f 6859/8384 6868/8396 6873/8401 6860/8385 
f 6860/8385 6873/8401 6833/8358 6828/8351 
f 6868/8396 6870/8398 6874/8402 6873/8401 
f 6873/8401 6874/8402 6834/8359 6833/8358 
f 6875/8403 6876/8404 6877/8405 6878/8406 
f 6878/8406 6877/8405 6879/8407 6880/8408 
f 6876/8404 6881/8409 6882/8410 6877/8405 
f 6877/8405 6882/8410 6883/8411 6879/8407 
f 6875/8403 6878/8406 6884/8412 6885/8413 
f 6885/8413 6884/8412 6719/8193 6718/8192 
f 6878/8406 6880/8408 6886/8414 6884/8412 
f 6884/8412 6886/8414 6692/8159 6719/8193 
f 6875/8403 6885/8413 6887/8415 6888/8416 
f 6888/8416 6887/8415 6850/8375 6844/8369 
f 6885/8413 6718/8192 6730/8205 6887/8415 
f 6887/8415 6730/8205 6732/8207 6850/8375 
f 6875/8403 6888/8416 6889/8417 6876/8404 
f 6876/8404 6889/8417 6890/8418 6881/8409 
f 6888/8416 6844/8369 6843/8368 6889/8417 
f 6889/8417 6843/8368 6847/8372 6890/8418 
f 6891/8419 6892/8420 6893/8421 6894/8422 
f 6894/8422 6893/8421 6662/8121 6661/8120 
f 6892/8420 6866/8393 6865/8392 6893/8421 
f 6893/8421 6865/8392 6663/8122 6662/8121 
f 6891/8419 6894/8422 6895/8423 6896/8424 
f 6896/8424 6895/8423 6897/8425 6898/8426 
f 6894/8422 6661/8120 6674/8136 6895/8423 
f 6895/8423 6674/8136 6623/8138 6897/8425 
f 6891/8419 6896/8424 6899/8427 6900/8428 
f 6900/8428 6899/8427 6901/8429 6902/8430 
f 6896/8424 6898/8426 6903/8431 6899/8427 
f 6899/8427 6903/8431 6904/8432 6901/8429 
f 6891/8419 6900/8428 6905/8433 6892/8420 
f 6892/8420 6905/8433 6871/8399 6866/8393 
f 6900/8428 6902/8430 6906/8434 6905/8433 
f 6905/8433 6906/8434 6872/8400 6871/8399 
f 6907/8435 6908/8436 6909/8437 6910/8438 
f 6910/8438 6909/8437 6911/8439 6912/8440 
f 6908/8436 6913/8441 6914/8442 6909/8437 
f 6909/8437 6914/8442 6915/8443 6911/8439 
f 6907/8435 6910/8438 6916/8444 6917/8445 
f 6917/8445 6916/8444 6694/8162 6690/8157 
f 6910/8438 6912/8440 6918/8446 6916/8444 
f 6916/8444 6918/8446 6650/8163 6694/8162 
f 6907/8435 6917/8445 6919/8447 6920/8448 
f 6920/8448 6919/8447 6886/8414 6880/8408 
f 6917/8445 6690/8157 6689/8156 6919/8447 
f 6919/8447 6689/8156 6692/8159 6886/8414 
f 6907/8435 6920/8448 6921/8449 6908/8436 
f 6908/8436 6921/8449 6922/8450 6913/8441 
f 6920/8448 6880/8408 6879/8407 6921/8449 
f 6921/8449 6879/8407 6883/8411 6922/8450 
f 6923/8451 6924/8452 6925/8453 6926/8454 
f 6926/8454 6925/8453 6622/8455 6621/8456 
f 6924/8452 6898/8457 6897/8458 6925/8453 
f 6925/8453 6897/8458 6623/8459 6622/8455 
f 6923/8451 6926/8454 6927/8460 6928/8461 
f 6928/8461 6927/8460 6929/8462 6930/8463 
f 6926/8454 6621/8456 6632/8464 6927/8460 
f 6927/8460 6632/8464 6634/8465 6929/8462 
f 6923/8451 6928/8461 6931/8466 6932/8467 
f 6932/8467 6931/8466 6933/8468 6934/8469 
f 6928/8461 6930/8463 6935/8470 6931/8466 
f 6931/8466 6935/8470 6936/8471 6933/8468 
f 6923/8451 6932/8467 6937/8472 6924/8452 
f 6924/8452 6937/8472 6903/8473 6898/8457 
f 6932/8467 6934/8469 6938/8474 6937/8472 
f 6937/8472 6938/8474 6904/8475 6903/8473 
f 6939/8476 6940/8477 6941/8478 6942/8479 
f 6942/8479 6941/8478 6943/8480 6944/8481 
f 6940/8477 6945/8482 6946/8483 6941/8478 
f 6941/8478 6946/8483 6947/8484 6943/8480 
f 6939/8476 6942/8479 6948/8485 6949/8486 
f 6949/8486 6948/8485 6653/8112 6648/8107 
f 6942/8479 6944/8481 6950/8487 6948/8485 
f 6948/8485 6950/8487 6654/8113 6653/8112 
f 6939/8476 6949/8486 6951/8488 6952/8489 
f 6952/8489 6951/8488 6918/8490 6912/8491 
f 6949/8486 6648/8107 6647/8106 6951/8488 
f 6951/8488 6647/8106 6650/8109 6918/8490 
f 6939/8476 6952/8489 6953/8492 6940/8477 
f 6940/8477 6953/8492 6954/8493 6945/8482 
f 6952/8489 6912/8491 6911/8494 6953/8492 
f 6953/8492 6911/8494 6915/8495 6954/8493 
f 6955/8496 6956/8497 6957/8498 6958/8499 
f 6958/8499 6957/8498 6633/8087 6630/8084 
f 6956/8497 6930/8500 6929/8501 6957/8498 
f 6957/8498 6929/8501 6634/8088 6633/8087 
f 6955/8496 6958/8499 6959/8502 6960/8503 
f 6960/8503 6959/8502 6961/8504 6962/8505 
f 6958/8499 6630/8084 6629/8083 6959/8502 
f 6959/8502 6629/8083 6583/8027 6961/8504 
f 6955/8496 6960/8503 6963/8506 6964/8507 
f 6964/8507 6963/8506 6965/8508 6966/8509 
f 6960/8503 6962/8505 6967/8510 6963/8506 
f 6963/8506 6967/8510 6968/8511 6965/8508 
f 6955/8496 6964/8507 6969/8512 6956/8497 
f 6956/8497 6969/8512 6935/8513 6930/8500 
f 6964/8507 6966/8509 6970/8514 6969/8512 
f 6969/8512 6970/8514 6936/8515 6935/8513 
f 6971/8516 6972/8517 6973/8518 6974/8519 
f 6974/8519 6973/8518 6975/8520 6976/8521 
f 6972/8517 6977/8522 6978/8523 6973/8518 
f 6973/8518 6978/8523 6979/8524 6975/8520 
f 6971/8516 6974/8519 6980/8525 6981/8526 
f 6981/8526 6980/8525 6640/8096 6639/8095 
f 6974/8519 6976/8521 6982/8527 6980/8525 
f 6980/8525 6982/8527 6612/8097 6640/8096 
f 6971/8516 6981/8526 6983/8528 6984/8529 
f 6984/8529 6983/8528 6950/8487 6944/8481 
f 6981/8526 6639/8095 6652/8111 6983/8528 
f 6983/8528 6652/8111 6654/8113 6950/8487 
f 6971/8516 6984/8529 6985/8530 6972/8517 
f 6972/8517 6985/8530 6986/8531 6977/8522 
f 6984/8529 6944/8481 6943/8480 6985/8530 
f 6985/8530 6943/8480 6947/8484 6986/8531 
f 6987/8532 6988/8533 6989/8534 6990/8535 
f 6990/8535 6989/8534 6582/8536 6581/8537 
f 6988/8533 6962/8538 6961/8539 6989/8534 
f 6989/8534 6961/8539 6583/8540 6582/8536 
f 6987/8532 6990/8535 6991/8541 6992/8542 
f 6992/8542 6991/8541 6993/8543 6994/8544 
f 6990/8535 6581/8537 6594/8545 6991/8541 
f 6991/8541 6594/8545 6556/8546 6993/8543 
f 6987/8532 6992/8542 6995/8547 6996/8548 
f 6996/8548 6995/8547 6997/8549 6998/8550 
f 6992/8542 6994/8544 6999/8551 6995/8547 
f 6995/8547 6999/8551 7000/8552 6997/8549 
f 6987/8532 6996/8548 7001/8553 6988/8533 
f 6988/8533 7001/8553 6967/8554 6962/8538 
f 6996/8548 6998/8550 7002/8555 7001/8553 
f 7001/8553 7002/8555 6968/8556 6967/8554 
f 7003/8557 7004/8558 7005/8559 7006/8560 
f 7006/8560 7005/8559 7007/8561 7008/8562 
f 7004/8558 7009/8563 7010/8564 7005/8559 
f 7005/8559 7010/8564 7011/8565 7007/8561 
f 7003/8557 7006/8560 7012/8566 7013/8567 
f 7013/8567 7012/8566 6614/8067 6610/8062 
f 7006/8560 7008/8562 7014/8568 7012/8566 
f 7012/8566 7014/8568 6567/8068 6614/8067 
f 7003/8557 7013/8567 7015/8569 7016/8570 
f 7016/8570 7015/8569 6982/8571 6976/8572 
f 7013/8567 6610/8062 6609/8061 7015/8569 
f 7015/8569 6609/8061 6612/8064 6982/8571 
f 7003/8557 7016/8570 7017/8573 7004/8558 
f 7004/8558 7017/8573 7018/8574 7009/8563 
f 7016/8570 6976/8572 6975/8575 7017/8573 
f 7017/8573 6975/8575 6979/8576 7018/8574 
f 7019/8577 7020/8578 7021/8579 7022/8580 
f 7022/8580 7021/8579 6555/7993 6550/7986 
f 7020/8578 6994/8581 6993/8582 7021/8579 
f 7021/8579 6993/8582 6556/7994 6555/7993 
f 7019/8577 7022/8580 7023/8583 7024/8584 
f 7024/8584 7023/8583 7025/8585 7026/8586 
f 7022/8580 6550/7986 6549/7985 7023/8583 
f 7023/8583 6549/7985 6228/7988 7025/8585 
f 7019/8577 7024/8584 7027/8587 7028/8588 
f 7028/8588 7027/8587 7029/8589 7030/8590 
f 7024/8584 7026/8586 7031/8591 7027/8587 
f 7027/8587 7031/8591 7032/8592 7029/8589 
f 7019/8577 7028/8588 7033/8593 7020/8578 
f 7020/8578 7033/8593 6999/8594 6994/8581 
f 7028/8588 7030/8590 7034/8595 7033/8593 
f 7033/8593 7034/8595 7000/8596 6999/8594 
f 7035/8597 7036/8598 7037/8599 7038/8600 
f 7038/8600 7037/8599 7039/8601 7040/8602 
f 7036/8598 7041/8603 7042/8604 7037/8599 
f 7037/8599 7042/8604 7043/8605 7039/8601 
f 7035/8597 7038/8600 7044/8606 7045/8607 
f 7045/8607 7044/8606 6570/8608 6564/8609 
f 7038/8600 7040/8602 7046/8610 7044/8606 
f 7044/8606 7046/8610 6239/8611 6570/8608 
f 7035/8597 7045/8607 7047/8612 7048/8613 
f 7048/8613 7047/8612 7014/8614 7008/8615 
f 7045/8607 6564/8609 6563/8616 7047/8612 
f 7047/8612 6563/8616 6567/8617 7014/8614 
f 7035/8597 7048/8613 7049/8618 7036/8598 
f 7036/8598 7049/8618 7050/8619 7041/8603 
f 7048/8613 7008/8615 7007/8620 7049/8618 
f 7049/8618 7007/8620 7011/8621 7050/8619 
f 7051/8622 7052/8623 7053/8624 7054/8625 
f 7054/8625 7053/8624 6394/8626 6390/8627 
f 7052/8623 7055/8628 7056/8629 7053/8624 
f 7053/8624 7056/8629 6358/8630 6394/8626 
f 7051/8622 7054/8625 7057/8631 7058/8632 
f 7058/8632 7057/8631 6824/8346 6823/8345 
f 7054/8625 6390/8627 6389/8633 7057/8631 
f 7057/8631 6389/8633 6392/8347 6824/8346 
f 7051/8622 7058/8632 7059/8634 7060/8635 
f 7060/8635 7059/8634 7061/8636 7062/8637 
f 7058/8632 6823/8345 6836/8361 7059/8634 
f 7059/8634 6836/8361 6838/8363 7061/8636 
f 7051/8622 7060/8635 7063/8638 7052/8623 
f 7052/8623 7063/8638 7064/8639 7055/8628 
f 7060/8635 7062/8637 7065/8640 7063/8638 
f 7063/8638 7065/8640 7066/8641 7064/8639 
f 7067/8642 7068/8643 7069/8644 7070/8645 
f 7070/8645 7069/8644 6857/8382 6854/8379 
f 7068/8643 7071/8646 7072/8647 7069/8644 
f 7069/8644 7072/8647 6858/8383 6857/8382 
f 7067/8642 7070/8645 7073/8648 7074/8649 
f 7074/8649 7073/8648 6402/7795 6401/7794 
f 7070/8645 6854/8379 6853/8378 7073/8648 
f 7073/8648 6853/8378 6403/7796 6402/7795 
f 7067/8642 7074/8649 7075/8650 7076/8651 
f 7076/8651 7075/8650 7077/8652 7078/8653 
f 7074/8649 6401/7794 6410/7807 7075/8650 
f 7075/8650 6410/7807 6374/7761 7077/8652 
f 7067/8642 7076/8651 7079/8654 7068/8643 
f 7068/8643 7079/8654 7080/8655 7071/8646 
f 7076/8651 7078/8653 7081/8656 7079/8654 
f 7079/8654 7081/8656 7082/8657 7080/8655 
f 7083/8658 7084/8659 7085/8660 7086/8661 
f 7086/8661 7085/8660 6361/8662 6356/8663 
f 7084/8659 7087/8664 7088/8665 7085/8660 
f 7085/8660 7088/8665 6326/8666 6361/8662 
f 7083/8658 7086/8661 7089/8667 7090/8668 
f 7090/8668 7089/8667 7056/8629 7055/8628 
f 7086/8661 6356/8663 6355/8669 7089/8667 
f 7089/8667 6355/8669 6358/8630 7056/8629 
f 7083/8658 7090/8668 7091/8670 7092/8671 
f 7092/8671 7091/8670 7093/8672 7094/8673 
f 7090/8668 7055/8628 7064/8639 7091/8670 
f 7091/8670 7064/8639 7066/8641 7093/8672 
f 7083/8658 7092/8671 7095/8674 7084/8659 
f 7084/8659 7095/8674 7096/8675 7087/8664 
f 7092/8671 7094/8673 7097/8676 7095/8674 
f 7095/8674 7097/8676 7098/8677 7096/8675 
f 7099/8678 7100/8679 7101/8680 7102/8681 
f 7102/8681 7101/8680 7081/8656 7078/8653 
f 7100/8679 7103/8682 7104/8683 7101/8680 
f 7101/8680 7104/8683 7082/8657 7081/8656 
f 7099/8678 7102/8681 7105/8684 7106/8685 
f 7106/8685 7105/8684 6373/7760 6368/7752 
f 7102/8681 7078/8653 7077/8652 7105/8684 
f 7105/8684 7077/8652 6374/7761 6373/7760 
f 7099/8678 7106/8685 7107/8686 7108/8687 
f 7108/8687 7107/8686 7109/8688 7110/8689 
f 7106/8685 6368/7752 6367/7751 7107/8686 
f 7107/8686 6367/7751 6342/7755 7109/8688 
f 7099/8678 7108/8687 7111/8690 7100/8679 
f 7100/8679 7111/8690 7112/8691 7103/8682 
f 7108/8687 7110/8689 7113/8692 7111/8690 
f 7111/8690 7113/8692 7114/8693 7112/8691 
f 7115/8694 7116/8695 7117/8696 7118/8697 
f 7118/8697 7117/8696 6329/8698 6324/8699 
f 7116/8695 7119/8700 7120/8701 7117/8696 
f 7117/8696 7120/8701 6294/8702 6329/8698 
f 7115/8694 7118/8697 7121/8703 7122/8704 
f 7122/8704 7121/8703 7088/8705 7087/8706 
f 7118/8697 6324/8699 6323/8707 7121/8703 
f 7121/8703 6323/8707 6326/8708 7088/8705 
f 7115/8694 7122/8704 7123/8709 7124/8710 
f 7124/8710 7123/8709 7125/8711 7126/8712 
f 7122/8704 7087/8706 7096/8713 7123/8709 
f 7123/8709 7096/8713 7098/8714 7125/8711 
f 7115/8694 7124/8710 7127/8715 7116/8695 
f 7116/8695 7127/8715 7128/8716 7119/8700 
f 7124/8710 7126/8712 7129/8717 7127/8715 
f 7127/8715 7129/8717 7130/8718 7128/8716 
f 7131/8719 7132/8720 7133/8721 7134/8722 
f 7134/8722 7133/8721 7113/8723 7110/8724 
f 7132/8720 7135/8725 7136/8726 7133/8721 
f 7133/8721 7136/8726 7114/8727 7113/8723 
f 7131/8719 7134/8722 7137/8728 7138/8729 
f 7138/8729 7137/8728 6341/8730 6336/8731 
f 7134/8722 7110/8724 7109/8732 7137/8728 
f 7137/8728 7109/8732 6342/8733 6341/8730 
f 7131/8719 7138/8729 7139/8734 7140/8735 
f 7140/8735 7139/8734 7141/8736 7142/8737 
f 7138/8729 6336/8731 6335/8738 7139/8734 
f 7139/8734 6335/8738 6310/8739 7141/8736 
f 7131/8719 7140/8735 7143/8740 7132/8720 
f 7132/8720 7143/8740 7144/8741 7135/8725 
f 7140/8735 7142/8737 7145/8742 7143/8740 
f 7143/8740 7145/8742 7146/8743 7144/8741 
f 7147/8744 7148/8745 7149/8746 7150/8747 
f 7150/8747 7149/8746 6297/8748 6292/8749 
f 7148/8745 7151/8750 7152/8751 7149/8746 
f 7149/8746 7152/8751 6262/8752 6297/8748 
f 7147/8744 7150/8747 7153/8753 7154/8754 
f 7154/8754 7153/8753 7120/8701 7119/8700 
f 7150/8747 6292/8749 6291/8755 7153/8753 
f 7153/8753 6291/8755 6294/8702 7120/8701 
f 7147/8744 7154/8754 7155/8756 7156/8757 
f 7156/8757 7155/8756 7157/8758 7158/8759 
f 7154/8754 7119/8700 7128/8716 7155/8756 
f 7155/8756 7128/8716 7130/8718 7157/8758 
f 7147/8744 7156/8757 7159/8760 7148/8745 
f 7148/8745 7159/8760 7160/8761 7151/8750 
f 7156/8757 7158/8759 7161/8762 7159/8760 
f 7159/8760 7161/8762 7162/8763 7160/8761 
f 7163/8764 7164/8765 7165/8766 7166/8767 
f 7166/8767 7165/8766 7145/8768 7142/8769 
f 7164/8765 7167/8770 7168/8771 7165/8766 
f 7165/8766 7168/8771 7146/8772 7145/8768 
f 7163/8764 7166/8767 7169/8773 7170/8774 
f 7170/8774 7169/8773 6309/8775 6304/8776 
f 7166/8767 7142/8769 7141/8777 7169/8773 
f 7169/8773 7141/8777 6310/8778 6309/8775 
f 7163/8764 7170/8774 7171/8779 7172/8780 
f 7172/8780 7171/8779 7173/8781 7174/8782 
f 7170/8774 6304/8776 6303/8783 7171/8779 
f 7171/8779 6303/8783 6278/8784 7173/8781 
f 7163/8764 7172/8780 7175/8785 7164/8765 
f 7164/8765 7175/8785 7176/8786 7167/8770 
f 7172/8780 7174/8782 7177/8787 7175/8785 
f 7175/8785 7177/8787 7178/8788 7176/8786 
f 7179/8789 7180/8790 7181/8791 7182/8792 
f 7182/8792 7181/8791 6265/7620 6260/7613 
f 7180/8790 7183/8793 7184/8794 7181/8791 
f 7181/8791 7184/8794 6222/7621 6265/7620 
f 7179/8789 7182/8792 7185/8795 7186/8796 
f 7186/8796 7185/8795 7152/8797 7151/8798 
f 7182/8792 6260/7613 6259/7612 7185/8795 
f 7185/8795 6259/7612 6262/7615 7152/8797 
f 7179/8789 7186/8796 7187/8799 7188/8800 
f 7188/8800 7187/8799 7189/8801 7190/8802 
f 7186/8796 7151/8798 7160/8803 7187/8799 
f 7187/8799 7160/8803 7162/8804 7189/8801 
f 7179/8789 7188/8800 7191/8805 7180/8790 
f 7180/8790 7191/8805 7192/8806 7183/8793 
f 7188/8800 7190/8802 7193/8807 7191/8805 
f 7191/8805 7193/8807 7194/8808 7192/8806 
f 7195/8809 7196/8810 7197/8811 7198/8812 
f 7198/8812 7197/8811 7177/8787 7174/8782 
f 7196/8810 7199/8813 7200/8814 7197/8811 
f 7197/8811 7200/8814 7178/8788 7177/8787 
f 7195/8809 7198/8812 7201/8815 7202/8816 
f 7202/8816 7201/8815 6277/8817 6272/8818 
f 7198/8812 7174/8782 7173/8781 7201/8815 
f 7201/8815 7173/8781 6278/8784 6277/8817 
f 7195/8809 7202/8816 7203/8819 7204/8820 
f 7204/8820 7203/8819 7205/8821 7206/8822 
f 7202/8816 6272/8818 6271/8823 7203/8819 
f 7203/8819 6271/8823 6245/8824 7205/8821 
f 7195/8809 7204/8820 7207/8825 7196/8810 
f 7196/8810 7207/8825 7208/8826 7199/8813 
f 7204/8820 7206/8822 7209/8827 7207/8825 
f 7207/8825 7209/8827 7210/8828 7208/8826 
f 7211/8829 7212/8830 7213/8831 7214/8832 
f 7214/8832 7213/8831 6227/8833 6220/8834 
f 7212/8830 7026/8586 7025/8585 7213/8831 
f 7213/8831 7025/8585 6228/7988 6227/8833 
f 7211/8829 7214/8832 7215/8835 7216/8836 
f 7216/8836 7215/8835 7184/8837 7183/8838 
f 7214/8832 6220/8834 6219/8839 7215/8835 
f 7215/8835 6219/8839 6222/8840 7184/8837 
f 7211/8829 7216/8836 7217/8841 7218/8842 
f 7218/8842 7217/8841 7219/8843 7220/8844 
f 7216/8836 7183/8838 7192/8845 7217/8841 
f 7217/8841 7192/8845 7194/8846 7219/8843 
f 7211/8829 7218/8842 7221/8847 7212/8830 
f 7212/8830 7221/8847 7031/8591 7026/8586 
f 7218/8842 7220/8844 7222/8848 7221/8847 
f 7221/8847 7222/8848 7032/8592 7031/8591 
f 7223/8849 7224/8850 7225/8851 7226/8852 
f 7226/8852 7225/8851 7209/8827 7206/8822 
f 7224/8850 7227/8853 7228/8854 7225/8851 
f 7225/8851 7228/8854 7210/8828 7209/8827 
f 7223/8849 7226/8852 7229/8855 7230/8856 
f 7230/8856 7229/8855 6244/8857 6236/8858 
f 7226/8852 7206/8822 7205/8821 7229/8855 
f 7229/8855 7205/8821 6245/8824 6244/8857 
f 7223/8849 7230/8856 7231/8859 7232/8860 
f 7232/8860 7231/8859 7046/8610 7040/8602 
f 7230/8856 6236/8858 6235/8861 7231/8859 
f 7231/8859 6235/8861 6239/8611 7046/8610 
f 7223/8849 7232/8860 7233/8862 7224/8850 
f 7224/8850 7233/8862 7234/8863 7227/8853 
f 7232/8860 7040/8602 7039/8601 7233/8862 
f 7233/8862 7039/8601 7043/8605 7234/8863 
f 7235/8864 7236/8865 7237/8866 7238/8867 
f 7238/8867 7237/8866 6970/8514 6966/8509 
f 7236/8865 7239/8868 7240/8869 7237/8866 
f 7237/8866 7240/8869 6936/8515 6970/8514 
f 7235/8864 7238/8867 7241/8870 7242/8871 
f 7242/8871 7241/8870 7243/8872 7244/8873 
f 7238/8867 6966/8509 6965/8508 7241/8870 
f 7241/8870 6965/8508 6968/8511 7243/8872 
f 7235/8864 7242/8871 7245/8874 7246/8875 
f 7246/8875 7245/8874 7247/8876 7248/8877 
f 7242/8871 7244/8873 7249/8878 7245/8874 
f 7245/8874 7249/8878 7250/8879 7247/8876 
f 7235/8864 7246/8875 7251/8880 7236/8865 
f 7236/8865 7251/8880 7252/8881 7239/8868 
f 7246/8875 7248/8877 7253/8882 7251/8880 
f 7251/8880 7253/8882 7254/8883 7252/8881 
f 7255/8884 7256/8885 7257/8886 7258/8887 
f 7258/8887 7257/8886 7259/8888 7260/8889 
f 7256/8885 7261/8890 7262/8891 7257/8886 
f 7257/8886 7262/8891 7263/8892 7259/8888 
f 7255/8884 7258/8887 7264/8893 7265/8894 
f 7265/8894 7264/8893 6978/8895 6977/8896 
f 7258/8887 7260/8889 7266/8897 7264/8893 
f 7264/8893 7266/8897 6979/8898 6978/8895 
f 7255/8884 7265/8894 7267/8899 7268/8900 
f 7268/8900 7267/8899 7269/8901 7270/8902 
f 7265/8894 6977/8896 6986/8903 7267/8899 
f 7267/8899 6986/8903 6947/8904 7269/8901 
f 7255/8884 7268/8900 7271/8905 7256/8885 
f 7256/8885 7271/8905 7272/8906 7261/8890 
f 7268/8900 7270/8902 7273/8907 7271/8905 
f 7271/8905 7273/8907 7274/8908 7272/8906 
f 7275/8909 7276/8910 7277/8911 7278/8912 
f 7278/8912 7277/8911 7253/8882 7248/8877 
f 7276/8910 7279/8913 7280/8914 7277/8911 
f 7277/8911 7280/8914 7254/8883 7253/8882 
f 7275/8909 7278/8912 7281/8915 7282/8916 
f 7282/8916 7281/8915 7283/8917 7284/8918 
f 7278/8912 7248/8877 7247/8876 7281/8915 
f 7281/8915 7247/8876 7250/8879 7283/8917 
f 7275/8909 7282/8916 7285/8919 7286/8920 
f 7286/8920 7285/8919 7287/8921 7288/8922 
f 7282/8916 7284/8918 7289/8923 7285/8919 
f 7285/8919 7289/8923 7290/8924 7287/8921 
f 7275/8909 7286/8920 7291/8925 7276/8910 
f 7276/8910 7291/8925 7292/8926 7279/8913 
f 7286/8920 7288/8922 7293/8927 7291/8925 
f 7291/8925 7293/8927 7294/8928 7292/8926 
f 7295/8929 7296/8930 7297/8931 7298/8932 
f 7298/8932 7297/8931 7299/8933 7300/8934 
f 7296/8930 7301/8935 7302/8936 7297/8931 
f 7297/8931 7302/8936 7303/8937 7299/8933 
f 7295/8929 7298/8932 7304/8938 7305/8939 
f 7305/8939 7304/8938 7262/8891 7261/8890 
f 7298/8932 7300/8934 7306/8940 7304/8938 
f 7304/8938 7306/8940 7263/8892 7262/8891 
f 7295/8929 7305/8939 7307/8941 7308/8942 
f 7308/8942 7307/8941 7309/8943 7310/8944 
f 7305/8939 7261/8890 7272/8906 7307/8941 
f 7307/8941 7272/8906 7274/8908 7309/8943 
f 7295/8929 7308/8942 7311/8945 7296/8930 
f 7296/8930 7311/8945 7312/8946 7301/8935 
f 7308/8942 7310/8944 7313/8947 7311/8945 
f 7311/8945 7313/8947 7314/8948 7312/8946 
f 7315/8949 7316/8950 7317/8951 7318/8952 
f 7318/8952 7317/8951 7293/8927 7288/8922 
f 7316/8950 7319/8953 7320/8954 7317/8951 
f 7317/8951 7320/8954 7294/8928 7293/8927 
f 7315/8949 7318/8952 7321/8955 7322/8956 
f 7322/8956 7321/8955 7323/8957 7324/8958 
f 7318/8952 7288/8922 7287/8921 7321/8955 
f 7321/8955 7287/8921 7290/8924 7323/8957 
f 7315/8949 7322/8956 7325/8959 7326/8960 
f 7326/8960 7325/8959 7327/8961 7328/8962 
f 7322/8956 7324/8958 7329/8963 7325/8959 
f 7325/8959 7329/8963 7330/8964 7327/8961 
f 7315/8949 7326/8960 7331/8965 7316/8950 
f 7316/8950 7331/8965 7332/8966 7319/8953 
f 7326/8960 7328/8962 7333/8967 7331/8965 
f 7331/8965 7333/8967 7334/8968 7332/8966 
f 7335/8969 7336/8970 7337/8971 7338/8972 
f 7338/8972 7337/8971 7339/8973 7340/8974 
f 7336/8970 7341/8975 7342/8976 7337/8971 
f 7337/8971 7342/8976 7343/8977 7339/8973 
f 7335/8969 7338/8972 7344/8978 7345/8979 
f 7345/8979 7344/8978 7302/8936 7301/8935 
f 7338/8972 7340/8974 7346/8980 7344/8978 
f 7344/8978 7346/8980 7303/8937 7302/8936 
f 7335/8969 7345/8979 7347/8981 7348/8982 
f 7348/8982 7347/8981 7349/8983 7350/8984 
f 7345/8979 7301/8935 7312/8946 7347/8981 
f 7347/8981 7312/8946 7314/8948 7349/8983 
f 7335/8969 7348/8982 7351/8985 7336/8970 
f 7336/8970 7351/8985 7352/8986 7341/8975 
f 7348/8982 7350/8984 7353/8987 7351/8985 
f 7351/8985 7353/8987 7354/8988 7352/8986 
f 7355/8989 7356/8990 7357/8991 7358/8992 
f 7358/8992 7357/8991 7333/8967 7328/8962 
f 7356/8990 7359/8993 7360/8994 7357/8991 
f 7357/8991 7360/8994 7334/8968 7333/8967 
f 7355/8989 7358/8992 7361/8995 7362/8996 
f 7362/8996 7361/8995 7363/8997 7364/8998 
f 7358/8992 7328/8962 7327/8961 7361/8995 
f 7361/8995 7327/8961 7330/8964 7363/8997 
f 7355/8989 7362/8996 7365/8999 7366/9000 
f 7366/9000 7365/8999 7367/9001 7368/9002 
f 7362/8996 7364/8998 7369/9003 7365/8999 
f 7365/8999 7369/9003 7370/9004 7367/9001 
f 7355/8989 7366/9000 7371/9005 7356/8990 
f 7356/8990 7371/9005 7372/9006 7359/8993 
f 7366/9000 7368/9002 7373/9007 7371/9005 
f 7371/9005 7373/9007 7374/9008 7372/9006 
f 7375/9009 7376/9010 7377/9011 7378/9012 
f 7378/9012 7377/9011 7379/9013 7380/9014 
f 7376/9010 7381/9015 7382/9016 7377/9011 
f 7377/9011 7382/9016 7383/9017 7379/9013 
f 7375/9009 7378/9012 7384/9018 7385/9019 
f 7385/9019 7384/9018 7342/8976 7341/8975 
f 7378/9012 7380/9014 7386/9020 7384/9018 
f 7384/9018 7386/9020 7343/8977 7342/8976 
f 7375/9009 7385/9019 7387/9021 7388/9022 
f 7388/9022 7387/9021 7389/9023 7390/9024 
f 7385/9019 7341/8975 7352/8986 7387/9021 
f 7387/9021 7352/8986 7354/8988 7389/9023 
f 7375/9009 7388/9022 7391/9025 7376/9010 
f 7376/9010 7391/9025 7392/9026 7381/9015 
f 7388/9022 7390/9024 7393/9027 7391/9025 
f 7391/9025 7393/9027 7394/9028 7392/9026 
f 7395/9029 7396/9030 7397/9031 7398/9032 
f 7398/9032 7397/9031 7065/9033 7062/9034 
f 7396/9030 7399/9035 7400/9036 7397/9031 
f 7397/9031 7400/9036 7066/9037 7065/9033 
f 7395/9029 7398/9032 7401/9038 7402/9039 
f 7402/9039 7401/9038 7403/9040 7404/9041 
f 7398/9032 7062/9034 7061/9042 7401/9038 
f 7401/9038 7061/9042 6838/9043 7403/9040 
f 7395/9029 7402/9039 7405/9044 7406/9045 
f 7406/9045 7405/9044 7360/8994 7359/8993 
f 7402/9039 7404/9041 7407/9046 7405/9044 
f 7405/9044 7407/9046 7334/8968 7360/8994 
f 7395/9029 7406/9045 7408/9047 7396/9030 
f 7396/9030 7408/9047 7409/9048 7399/9035 
f 7406/9045 7359/8993 7372/9006 7408/9047 
f 7408/9047 7372/9006 7374/9008 7409/9048 
f 7410/9049 7411/9050 7412/9051 7413/9052 
f 7413/9052 7412/9051 7414/9053 7415/9054 
f 7411/9050 7390/9024 7389/9023 7412/9051 
f 7412/9051 7389/9023 7354/8988 7414/9053 
f 7410/9049 7413/9052 7416/9055 7417/9056 
f 7417/9056 7416/9055 7072/9057 7071/9058 
f 7413/9052 7415/9054 7418/9059 7416/9055 
f 7416/9055 7418/9059 6858/9060 7072/9057 
f 7410/9049 7417/9056 7419/9061 7420/9062 
f 7420/9062 7419/9061 7421/9063 7422/9064 
f 7417/9056 7071/9058 7080/9065 7419/9061 
f 7419/9061 7080/9065 7082/9066 7421/9063 
f 7410/9049 7420/9062 7423/9067 7411/9050 
f 7411/9050 7423/9067 7393/9027 7390/9024 
f 7420/9062 7422/9064 7424/9068 7423/9067 
f 7423/9067 7424/9068 7394/9028 7393/9027 
f 7425/9069 7426/9070 7427/9071 7428/9072 
f 7428/9072 7427/9071 7429/9073 7430/9074 
f 7426/9070 6832/9075 6831/9076 7427/9071 
f 7427/9071 6831/9076 6834/9077 7429/9073 
f 7425/9069 7428/9072 7431/9078 7432/9079 
f 7432/9079 7431/9078 7320/8954 7319/8953 
f 7428/9072 7430/9074 7433/9080 7431/9078 
f 7431/9078 7433/9080 7294/8928 7320/8954 
f 7425/9069 7432/9079 7434/9081 7435/9082 
f 7435/9082 7434/9081 7407/9046 7404/9041 
f 7432/9079 7319/8953 7332/8966 7434/9081 
f 7434/9081 7332/8966 7334/8968 7407/9046 
f 7425/9069 7435/9082 7436/9083 7426/9070 
f 7426/9070 7436/9083 6837/9084 6832/9075 
f 7435/9082 7404/9041 7403/9040 7436/9083 
f 7436/9083 7403/9040 6838/9043 6837/9084 
f 7437/9085 7438/9086 7439/9087 7440/9088 
f 7440/9088 7439/9087 7353/9089 7350/9090 
f 7438/9086 7415/9091 7414/9092 7439/9087 
f 7439/9087 7414/9092 7354/9093 7353/9089 
f 7437/9085 7440/9088 7441/9094 7442/9095 
f 7442/9095 7441/9094 7443/9096 7444/9097 
f 7440/9088 7350/9090 7349/9098 7441/9094 
f 7441/9094 7349/9098 7314/9099 7443/9096 
f 7437/9085 7442/9095 7445/9100 7446/9101 
f 7446/9101 7445/9100 6846/8371 6845/8370 
f 7442/9095 7444/9097 7447/9102 7445/9100 
f 7445/9100 7447/9102 6847/8372 6846/8371 
f 7437/9085 7446/9101 7448/9103 7438/9086 
f 7438/9086 7448/9103 7418/9104 7415/9091 
f 7446/9101 6845/8370 6856/8381 7448/9103 
f 7448/9103 6856/8381 6858/8383 7418/9104 
f 7449/9105 7450/9106 7451/9107 7452/9108 
f 7452/9108 7451/9107 6874/9109 6870/9110 
f 7450/9106 7430/9074 7429/9073 7451/9107 
f 7451/9107 7429/9073 6834/9077 6874/9109 
f 7449/9105 7452/9108 7453/9111 7454/9112 
f 7454/9112 7453/9111 7455/9113 7456/9114 
f 7452/9108 6870/9110 6869/9115 7453/9111 
f 7453/9111 6869/9115 6872/9116 7455/9113 
f 7449/9105 7454/9112 7457/9117 7458/9118 
f 7458/9118 7457/9117 7280/8914 7279/8913 
f 7454/9112 7456/9114 7459/9119 7457/9117 
f 7457/9117 7459/9119 7254/8883 7280/8914 
f 7449/9105 7458/9118 7460/9120 7450/9106 
f 7450/9106 7460/9120 7433/9080 7430/9074 
f 7458/9118 7279/8913 7292/8926 7460/9120 
f 7460/9120 7292/8926 7294/8928 7433/9080 
f 7461/9121 7462/9122 7463/9123 7464/9124 
f 7464/9124 7463/9123 7465/9125 7466/9126 
f 7462/9122 7310/8944 7309/8943 7463/9123 
f 7463/9123 7309/8943 7274/8908 7465/9125 
f 7461/9121 7464/9124 7467/9127 7468/9128 
f 7468/9128 7467/9127 6882/9129 6881/9130 
f 7464/9124 7466/9126 7469/9131 7467/9127 
f 7467/9127 7469/9131 6883/9132 6882/9129 
f 7461/9121 7468/9128 7470/9133 7471/9134 
f 7471/9134 7470/9133 7447/9135 7444/9136 
f 7468/9128 6881/9130 6890/9137 7470/9133 
f 7470/9133 6890/9137 6847/9138 7447/9135 
f 7461/9121 7471/9134 7472/9139 7462/9122 
f 7462/9122 7472/9139 7313/8947 7310/8944 
f 7471/9134 7444/9136 7443/9140 7472/9139 
f 7472/9139 7443/9140 7314/8948 7313/8947 
f 7473/9141 7474/9142 7475/9143 7476/9144 
f 7476/9144 7475/9143 7240/8869 7239/8868 
f 7474/9142 6934/9145 6933/9146 7475/9143 
f 7475/9143 6933/9146 6936/8515 7240/8869 
f 7473/9141 7476/9144 7477/9147 7478/9148 
f 7478/9148 7477/9147 7459/9119 7456/9114 
f 7476/9144 7239/8868 7252/8881 7477/9147 
f 7477/9147 7252/8881 7254/8883 7459/9119 
f 7473/9141 7478/9148 7479/9149 7480/9150 
f 7480/9150 7479/9149 6906/9151 6902/9152 
f 7478/9148 7456/9114 7455/9113 7479/9149 
f 7479/9149 7455/9113 6872/9116 6906/9151 
f 7473/9141 7480/9150 7481/9153 7474/9142 
f 7474/9142 7481/9153 6938/9154 6934/9145 
f 7480/9150 6902/9152 6901/9155 7481/9153 
f 7481/9153 6901/9155 6904/9156 6938/9154 
f 7482/9157 7483/9158 7484/9159 7485/9160 
f 7485/9160 7484/9159 7469/9131 7466/9126 
f 7483/9158 6913/9161 6922/9162 7484/9159 
f 7484/9159 6922/9162 6883/9132 7469/9131 
f 7482/9157 7485/9160 7486/9163 7487/9164 
f 7487/9164 7486/9163 7273/8907 7270/8902 
f 7485/9160 7466/9126 7465/9125 7486/9163 
f 7486/9163 7465/9125 7274/8908 7273/8907 
f 7482/9157 7487/9164 7488/9165 7489/9166 
f 7489/9166 7488/9165 6946/9167 6945/9168 
f 7487/9164 7270/8902 7269/8901 7488/9165 
f 7488/9165 7269/8901 6947/8904 6946/9167 
f 7482/9157 7489/9166 7490/9169 7483/9158 
f 7483/9158 7490/9169 6914/9170 6913/9161 
f 7489/9166 6945/9168 6954/9171 7490/9169 
f 7490/9169 6954/9171 6915/9172 6914/9170 
f 7491/9173 7492/9174 7493/9175 7494/9176 
f 7494/9176 7493/9175 7034/9177 7030/9178 
f 7492/9174 6998/9179 6997/9180 7493/9175 
f 7493/9175 6997/9180 7000/9181 7034/9177 
f 7491/9173 7494/9176 7495/9182 7496/9183 
f 7496/9183 7495/9182 7497/9184 7498/9185 
f 7494/9176 7030/9178 7029/9186 7495/9182 
f 7495/9182 7029/9186 7032/9187 7497/9184 
f 7491/9173 7496/9183 7499/9188 7500/9189 
f 7500/9189 7499/9188 7249/9190 7244/9191 
f 7496/9183 7498/9185 7501/9192 7499/9188 
f 7499/9188 7501/9192 7250/9193 7249/9190 
f 7491/9173 7500/9189 7502/9194 7492/9174 
f 7492/9174 7502/9194 7002/9195 6998/9179 
f 7500/9189 7244/9191 7243/9196 7502/9194 
f 7502/9194 7243/9196 6968/9197 7002/9195 
f 7503/9198 7504/9199 7505/9200 7506/9201 
f 7506/9201 7505/9200 7507/9202 7508/9203 
f 7504/9199 7260/8889 7259/8888 7505/9200 
f 7505/9200 7259/8888 7263/8892 7507/9202 
f 7503/9198 7506/9201 7509/9204 7510/9205 
f 7510/9205 7509/9204 7042/9206 7041/9207 
f 7506/9201 7508/9203 7511/9208 7509/9204 
f 7509/9204 7511/9208 7043/9209 7042/9206 
f 7503/9198 7510/9205 7512/9210 7513/9211 
f 7513/9211 7512/9210 7010/9212 7009/9213 
f 7510/9205 7041/9207 7050/9214 7512/9210 
f 7512/9210 7050/9214 7011/9215 7010/9212 
f 7503/9198 7513/9211 7514/9216 7504/9199 
f 7504/9199 7514/9216 7266/8897 7260/8889 
f 7513/9211 7009/9213 7018/9217 7514/9216 
f 7514/9216 7018/9217 6979/8898 7266/8897 
f 7515/9218 7516/9219 7517/9220 7518/9221 
f 7518/9221 7517/9220 7519/9222 7520/9223 
f 7516/9219 7220/9224 7219/9225 7517/9220 
f 7517/9220 7219/9225 7194/9226 7519/9222 
f 7515/9218 7518/9221 7521/9227 7522/9228 
f 7522/9228 7521/9227 7289/8923 7284/8918 
f 7518/9221 7520/9223 7523/9229 7521/9227 
f 7521/9227 7523/9229 7290/8924 7289/8923 
f 7515/9218 7522/9228 7524/9230 7525/9231 
f 7525/9231 7524/9230 7501/9232 7498/9233 
f 7522/9228 7284/8918 7283/8917 7524/9230 
f 7524/9230 7283/8917 7250/8879 7501/9232 
f 7515/9218 7525/9231 7526/9234 7516/9219 
f 7516/9219 7526/9234 7222/9235 7220/9224 
f 7525/9231 7498/9233 7497/9236 7526/9234 
f 7526/9234 7497/9236 7032/9237 7222/9235 
f 7527/9238 7528/9239 7529/9240 7530/9241 
f 7530/9241 7529/9240 7306/9242 7300/9243 
f 7528/9239 7508/9244 7507/9245 7529/9240 
f 7529/9240 7507/9245 7263/9246 7306/9242 
f 7527/9238 7530/9241 7531/9247 7532/9248 
f 7532/9248 7531/9247 7533/9249 7534/9250 
f 7530/9241 7300/9243 7299/9251 7531/9247 
f 7531/9247 7299/9251 7303/9252 7533/9249 
f 7527/9238 7532/9248 7535/9253 7536/9254 
f 7536/9254 7535/9253 7228/9255 7227/9256 
f 7532/9248 7534/9250 7537/9257 7535/9253 
f 7535/9253 7537/9257 7210/9258 7228/9255 
f 7527/9238 7536/9254 7538/9259 7528/9239 
f 7528/9239 7538/9259 7511/9260 7508/9244 
f 7536/9254 7227/9256 7234/9261 7538/9259 
f 7538/9259 7234/9261 7043/9262 7511/9260 
f 7539/9263 7540/9264 7541/9265 7542/9266 
f 7542/9266 7541/9265 7543/9267 7544/9268 
f 7540/9264 7190/9269 7189/9270 7541/9265 
f 7541/9265 7189/9270 7162/9271 7543/9267 
f 7539/9263 7542/9266 7545/9272 7546/9273 
f 7546/9273 7545/9272 7329/8963 7324/8958 
f 7542/9266 7544/9268 7547/9274 7545/9272 
f 7545/9272 7547/9274 7330/8964 7329/8963 
f 7539/9263 7546/9273 7548/9275 7549/9276 
f 7549/9276 7548/9275 7523/9229 7520/9223 
f 7546/9273 7324/8958 7323/8957 7548/9275 
f 7548/9275 7323/8957 7290/8924 7523/9229 
f 7539/9263 7549/9276 7550/9277 7540/9264 
f 7540/9264 7550/9277 7193/9278 7190/9269 
f 7549/9276 7520/9223 7519/9222 7550/9277 
f 7550/9277 7519/9222 7194/9226 7193/9278 
f 7551/9279 7552/9280 7553/9281 7554/9282 
f 7554/9282 7553/9281 7346/9283 7340/9284 
f 7552/9280 7534/9250 7533/9249 7553/9281 
f 7553/9281 7533/9249 7303/9252 7346/9283 
f 7551/9279 7554/9282 7555/9285 7556/9286 
f 7556/9286 7555/9285 7557/9287 7558/9288 
f 7554/9282 7340/9284 7339/9289 7555/9285 
f 7555/9285 7339/9289 7343/9290 7557/9287 
f 7551/9279 7556/9286 7559/9291 7560/9292 
f 7560/9292 7559/9291 7200/9293 7199/9294 
f 7556/9286 7558/9288 7561/9295 7559/9291 
f 7559/9291 7561/9295 7178/9296 7200/9293 
f 7551/9279 7560/9292 7562/9297 7552/9280 
f 7552/9280 7562/9297 7537/9257 7534/9250 
f 7560/9292 7199/9294 7208/9298 7562/9297 
f 7562/9297 7208/9298 7210/9258 7537/9257 
f 7563/9299 7564/9300 7565/9301 7566/9302 
f 7566/9302 7565/9301 7567/9303 7568/9304 
f 7564/9300 7158/9305 7157/9306 7565/9301 
f 7565/9301 7157/9306 7130/9307 7567/9303 
f 7563/9299 7566/9302 7569/9308 7570/9309 
f 7570/9309 7569/9308 7369/9003 7364/8998 
f 7566/9302 7568/9304 7571/9310 7569/9308 
f 7569/9308 7571/9310 7370/9004 7369/9003 
f 7563/9299 7570/9309 7572/9311 7573/9312 
f 7573/9312 7572/9311 7547/9274 7544/9268 
f 7570/9309 7364/8998 7363/8997 7572/9311 
f 7572/9311 7363/8997 7330/8964 7547/9274 
f 7563/9299 7573/9312 7574/9313 7564/9300 
f 7564/9300 7574/9313 7161/9314 7158/9305 
f 7573/9312 7544/9268 7543/9267 7574/9313 
f 7574/9313 7543/9267 7162/9271 7161/9314 
f 7575/9315 7576/9316 7577/9317 7578/9318 
f 7578/9318 7577/9317 7386/9319 7380/9320 
f 7576/9316 7558/9288 7557/9287 7577/9317 
f 7577/9317 7557/9287 7343/9290 7386/9319 
f 7575/9315 7578/9318 7579/9321 7580/9322 
f 7580/9322 7579/9321 7581/9323 7582/9324 
f 7578/9318 7380/9320 7379/9325 7579/9321 
f 7579/9321 7379/9325 7383/9326 7581/9323 
f 7575/9315 7580/9322 7583/9327 7584/9328 
f 7584/9328 7583/9327 7168/9329 7167/9330 
f 7580/9322 7582/9324 7585/9331 7583/9327 
f 7583/9327 7585/9331 7146/9332 7168/9329 
f 7575/9315 7584/9328 7586/9333 7576/9316 
f 7576/9316 7586/9333 7561/9295 7558/9288 
f 7584/9328 7167/9330 7176/9334 7586/9333 
f 7586/9333 7176/9334 7178/9296 7561/9295 
f 7587/9335 7588/9336 7589/9337 7590/9338 
f 7590/9338 7589/9337 7591/9339 7592/9340 
f 7588/9336 7126/9341 7125/9342 7589/9337 
f 7589/9337 7125/9342 7098/9343 7591/9339 
f 7587/9335 7590/9338 7593/9344 7594/9345 
f 7594/9345 7593/9344 7373/9007 7368/9002 
f 7590/9338 7592/9340 7595/9346 7593/9344 
f 7593/9344 7595/9346 7374/9008 7373/9007 
f 7587/9335 7594/9345 7596/9347 7597/9348 
f 7597/9348 7596/9347 7571/9310 7568/9304 
f 7594/9345 7368/9002 7367/9001 7596/9347 
f 7596/9347 7367/9001 7370/9004 7571/9310 
f 7587/9335 7597/9348 7598/9349 7588/9336 
f 7588/9336 7598/9349 7129/9350 7126/9341 
f 7597/9348 7568/9304 7567/9303 7598/9349 
f 7598/9349 7567/9303 7130/9307 7129/9350 
f 7599/9351 7600/9352 7601/9353 7602/9354 
f 7602/9354 7601/9353 7382/9355 7381/9356 
f 7600/9352 7582/9357 7581/9358 7601/9353 
f 7601/9353 7581/9358 7383/9359 7382/9355 
f 7599/9351 7602/9354 7603/9360 7604/9361 
f 7604/9361 7603/9360 7605/9362 7606/9363 
f 7602/9354 7381/9356 7392/9364 7603/9360 
f 7603/9360 7392/9364 7394/9365 7605/9362 
f 7599/9351 7604/9361 7607/9366 7608/9367 
f 7608/9367 7607/9366 7136/9368 7135/9369 
f 7604/9361 7606/9363 7609/9370 7607/9366 
f 7607/9366 7609/9370 7114/9371 7136/9368 
f 7599/9351 7608/9367 7610/9372 7600/9352 
f 7600/9352 7610/9372 7585/9373 7582/9357 
f 7608/9367 7135/9369 7144/9374 7610/9372 
f 7610/9372 7144/9374 7146/9375 7585/9373 
f 7611/9376 7612/9377 7613/9378 7614/9379 
f 7614/9379 7613/9378 7400/9036 7399/9035 
f 7612/9377 7094/9380 7093/9381 7613/9378 
f 7613/9378 7093/9381 7066/9037 7400/9036 
f 7611/9376 7614/9379 7615/9382 7616/9383 
f 7616/9383 7615/9382 7595/9346 7592/9340 
f 7614/9379 7399/9035 7409/9048 7615/9382 
f 7615/9382 7409/9048 7374/9008 7595/9346 
f 7611/9376 7616/9383 7617/9384 7612/9377 
f 7612/9377 7617/9384 7097/9385 7094/9380 
f 7616/9383 7592/9340 7591/9339 7617/9384 
f 7617/9384 7591/9339 7098/9343 7097/9385 
f 7618/9386 7619/9387 7620/9388 7621/9389 
f 7621/9389 7620/9388 7609/9370 7606/9363 
f 7619/9387 7103/9390 7112/9391 7620/9388 
f 7620/9388 7112/9391 7114/9371 7609/9370 
f 7618/9386 7621/9389 7622/9392 7623/9393 
f 7623/9393 7622/9392 7424/9394 7422/9395 
f 7621/9389 7606/9363 7605/9362 7622/9392 
f 7622/9392 7605/9362 7394/9365 7424/9394 
f 7618/9386 7623/9393 7624/9396 7619/9387 
f 7619/9387 7624/9396 7104/9397 7103/9390 
f 7623/9393 7422/9395 7421/9398 7624/9396 
f 7624/9396 7421/9398 7082/9399 7104/9397 
f 7625/9400 7626/9401 7627/9402 7628/9403 
f 7628/9403 7627/9402 6176/9404 6175/9405 
f 7626/9401 7629/9406 7630/9407 7627/9402 
f 7627/9402 7630/9407 6150/9408 6176/9404 
f 7625/9400 7628/9403 7631/9409 7632/9410 
f 7632/9410 7631/9409 7633/9411 7634/9412 
f 7628/9403 6175/9405 6188/9413 7631/9409 
f 7631/9409 6188/9413 6190/9414 7633/9411 
f 7625/9400 7632/9410 7635/9415 7636/9416 
f 7636/9416 7635/9415 7637/9417 7638/9418 
f 7632/9410 7634/9412 7639/9419 7635/9415 
f 7635/9415 7639/9419 7640/9420 7637/9417 
f 7625/9400 7636/9416 7641/9421 7626/9401 
f 7626/9401 7641/9421 7642/9422 7629/9406 
f 7636/9416 7638/9418 7643/9423 7641/9421 
f 7641/9421 7643/9423 7644/9424 7642/9422 
f 7645/9425 7646/9426 7647/9427 7648/9428 
f 7648/9428 7647/9427 7649/9429 7650/9430 
f 7646/9426 7651/9431 7652/9432 7647/9427 
f 7647/9427 7652/9432 7653/9433 7649/9429 
f 7645/9425 7648/9428 7654/9434 7655/9435 
f 7655/9435 7654/9434 6209/7554 6206/7551 
f 7648/9428 7650/9430 7656/9436 7654/9434 
f 7654/9434 7656/9436 6210/7555 6209/7554 
f 7645/9425 7655/9435 7657/9437 7658/9438 
f 7658/9438 7657/9437 7659/9439 7660/9440 
f 7655/9435 6206/7551 6205/7550 7657/9437 
f 7657/9437 6205/7550 6170/7515 7659/9439 
f 7645/9425 7658/9438 7661/9441 7646/9426 
f 7646/9426 7661/9441 7662/9442 7651/9431 
f 7658/9438 7660/9440 7663/9443 7661/9441 
f 7661/9441 7663/9443 7664/9444 7662/9442 
f 7665/9445 7666/9446 7667/9447 7668/9448 
f 7668/9448 7667/9447 6136/9449 6135/9450 
f 7666/9446 7669/9451 7670/9452 7667/9447 
f 7667/9447 7670/9452 6110/9453 6136/9449 
f 7665/9445 7668/9448 7671/9454 7672/9455 
f 7672/9455 7671/9454 7630/9407 7629/9406 
f 7668/9448 6135/9450 6148/9456 7671/9454 
f 7671/9454 6148/9456 6150/9408 7630/9407 
f 7665/9445 7672/9455 7673/9457 7674/9458 
f 7674/9458 7673/9457 7675/9459 7676/9460 
f 7672/9455 7629/9406 7642/9422 7673/9457 
f 7673/9457 7642/9422 7644/9424 7675/9459 
f 7665/9445 7674/9458 7677/9461 7666/9446 
f 7666/9446 7677/9461 7678/9462 7669/9451 
f 7674/9458 7676/9460 7679/9463 7677/9461 
f 7677/9461 7679/9463 7680/9464 7678/9462 
f 7681/9465 7682/9466 7683/9467 7684/9468 
f 7684/9468 7683/9467 7663/9443 7660/9440 
f 7682/9466 7685/9469 7686/9470 7683/9467 
f 7683/9467 7686/9470 7664/9444 7663/9443 
f 7681/9465 7684/9468 7687/9471 7688/9472 
f 7688/9472 7687/9471 6169/7514 6166/7509 
f 7684/9468 7660/9440 7659/9439 7687/9471 
f 7687/9471 7659/9439 6170/7515 6169/7514 
f 7681/9465 7688/9472 7689/9473 7690/9474 
f 7690/9474 7689/9473 7691/9475 7692/9476 
f 7688/9472 6166/7509 6165/7508 7689/9473 
f 7689/9473 6165/7508 6130/7511 7691/9475 
f 7681/9465 7690/9474 7693/9477 7682/9466 
f 7682/9466 7693/9477 7694/9478 7685/9469 
f 7690/9474 7692/9476 7695/9479 7693/9477 
f 7693/9477 7695/9479 7696/9480 7694/9478 
f 7697/9481 7698/9482 7699/9483 7700/9484 
f 7700/9484 7699/9483 6096/9485 6095/9486 
f 7698/9482 7701/9487 7702/9488 7699/9483 
f 7699/9483 7702/9488 6070/9489 6096/9485 
f 7697/9481 7700/9484 7703/9490 7704/9491 
f 7704/9491 7703/9490 7670/9452 7669/9451 
f 7700/9484 6095/9486 6108/9492 7703/9490 
f 7703/9490 6108/9492 6110/9453 7670/9452 
f 7697/9481 7704/9491 7705/9493 7706/9494 
f 7706/9494 7705/9493 7707/9495 7708/9496 
f 7704/9491 7669/9451 7678/9462 7705/9493 
f 7705/9493 7678/9462 7680/9464 7707/9495 
f 7697/9481 7706/9494 7709/9497 7698/9482 
f 7698/9482 7709/9497 7710/9498 7701/9487 
f 7706/9494 7708/9496 7711/9499 7709/9497 
f 7709/9497 7711/9499 7712/9500 7710/9498 
f 7713/9501 7714/9502 7715/9503 7716/9504 
f 7716/9504 7715/9503 7695/9479 7692/9476 
f 7714/9502 7717/9505 7718/9506 7715/9503 
f 7715/9503 7718/9506 7696/9480 7695/9479 
f 7713/9501 7716/9504 7719/9507 7720/9508 
f 7720/9508 7719/9507 6129/9509 6126/9510 
f 7716/9504 7692/9476 7691/9475 7719/9507 
f 7719/9507 7691/9475 6130/7511 6129/9509 
f 7713/9501 7720/9508 7721/9511 7722/9512 
f 7722/9512 7721/9511 7723/9513 7724/9514 
f 7720/9508 6126/9510 6125/9515 7721/9511 
f 7721/9511 6125/9515 6090/9516 7723/9513 
f 7713/9501 7722/9512 7725/9517 7714/9502 
f 7714/9502 7725/9517 7726/9518 7717/9505 
f 7722/9512 7724/9514 7727/9519 7725/9517 
f 7725/9517 7727/9519 7728/9520 7726/9518 
f 7729/9521 7730/9522 7731/9523 7732/9524 
f 7732/9524 7731/9523 6056/9525 6055/9526 
f 7730/9522 7733/9527 7734/9528 7731/9523 
f 7731/9523 7734/9528 6030/9529 6056/9525 
f 7729/9521 7732/9524 7735/9530 7736/9531 
f 7736/9531 7735/9530 7702/9532 7701/9533 
f 7732/9524 6055/9526 6068/9534 7735/9530 
f 7735/9530 6068/9534 6070/9535 7702/9532 
f 7729/9521 7736/9531 7737/9536 7738/9537 
f 7738/9537 7737/9536 7739/9538 7740/9539 
f 7736/9531 7701/9533 7710/9540 7737/9536 
f 7737/9536 7710/9540 7712/9541 7739/9538 
f 7729/9521 7738/9537 7741/9542 7730/9522 
f 7730/9522 7741/9542 7742/9543 7733/9527 
f 7738/9537 7740/9539 7743/9544 7741/9542 
f 7741/9542 7743/9544 7744/9545 7742/9543 
f 7745/9546 7746/9547 7747/9548 7748/9549 
f 7748/9549 7747/9548 7727/9550 7724/9551 
f 7746/9547 7749/9552 7750/9553 7747/9548 
f 7747/9548 7750/9553 7728/9554 7727/9550 
f 7745/9546 7748/9549 7751/9555 7752/9556 
f 7752/9556 7751/9555 6089/9557 6086/9558 
f 7748/9549 7724/9551 7723/9559 7751/9555 
f 7751/9555 7723/9559 6090/9560 6089/9557 
f 7745/9546 7752/9556 7753/9561 7754/9562 
f 7754/9562 7753/9561 7755/9563 7756/9564 
f 7752/9556 6086/9558 6085/9565 7753/9561 
f 7753/9561 6085/9565 6050/9566 7755/9563 
f 7745/9546 7754/9562 7757/9567 7746/9547 
f 7746/9547 7757/9567 7758/9568 7749/9552 
f 7754/9562 7756/9564 7759/9569 7757/9567 
f 7757/9567 7759/9569 7760/9570 7758/9568 
f 7761/9571 7762/9572 7763/9573 7764/9574 
f 7764/9574 7763/9573 6016/9575 6015/9576 
f 7762/9572 7765/9577 7766/9578 7763/9573 
f 7763/9573 7766/9578 5969/9579 6016/9575 
f 7761/9571 7764/9574 7767/9580 7768/9581 
f 7768/9581 7767/9580 7734/9528 7733/9527 
f 7764/9574 6015/9576 6028/9582 7767/9580 
f 7767/9580 6028/9582 6030/9529 7734/9528 
f 7761/9571 7768/9581 7769/9583 7770/9584 
f 7770/9584 7769/9583 7771/9585 7772/9586 
f 7768/9581 7733/9527 7742/9543 7769/9583 
f 7769/9583 7742/9543 7744/9545 7771/9585 
f 7761/9571 7770/9584 7773/9587 7762/9572 
f 7762/9572 7773/9587 7774/9588 7765/9577 
f 7770/9584 7772/9586 7775/9589 7773/9587 
f 7773/9587 7775/9589 7776/9590 7774/9588 
f 7777/9591 7778/9592 7779/9593 7780/9594 
f 7780/9594 7779/9593 7759/9595 7756/9596 
f 7778/9592 7781/9597 7782/9598 7779/9593 
f 7779/9593 7782/9598 7760/9599 7759/9595 
f 7777/9591 7780/9594 7783/9600 7784/9601 
f 7784/9601 7783/9600 6049/9602 6046/9603 
f 7780/9594 7756/9596 7755/9604 7783/9600 
f 7783/9600 7755/9604 6050/9605 6049/9602 
f 7777/9591 7784/9601 7785/9606 7786/9607 
f 7786/9607 7785/9606 7787/9608 7788/9609 
f 7784/9601 6046/9603 6045/9610 7785/9606 
f 7785/9606 6045/9610 6006/9611 7787/9608 
f 7777/9591 7786/9607 7789/9612 7778/9592 
f 7778/9592 7789/9612 7790/9613 7781/9597 
f 7786/9607 7788/9609 7791/9614 7789/9612 
f 7789/9612 7791/9614 7792/9615 7790/9613 
f 7793/9616 7794/9617 7795/9618 7796/9619 
f 7796/9619 7795/9618 5974/9620 5966/9621 
f 7794/9617 7797/9622 7798/9623 7795/9618 
f 7795/9618 7798/9623 5975/9624 5974/9620 
f 7793/9616 7796/9619 7799/9625 7800/9626 
f 7800/9626 7799/9625 7766/9627 7765/9628 
f 7796/9619 5966/9621 5965/9629 7799/9625 
f 7799/9625 5965/9629 5969/9630 7766/9627 
f 7793/9616 7800/9626 7801/9631 7802/9632 
f 7802/9632 7801/9631 7803/9633 7804/9634 
f 7800/9626 7765/9628 7774/9635 7801/9631 
f 7801/9631 7774/9635 7776/9636 7803/9633 
f 7793/9616 7802/9632 7805/9637 7794/9617 
f 7794/9617 7805/9637 7806/9638 7797/9622 
f 7802/9632 7804/9634 7807/9639 7805/9637 
f 7805/9637 7807/9639 7808/9640 7806/9638 
f 7809/9641 7810/9642 7811/9643 7812/9644 
f 7812/9644 7811/9643 7791/9614 7788/9609 
f 7810/9642 7813/9645 7814/9646 7811/9643 
f 7811/9643 7814/9646 7792/9615 7791/9614 
f 7809/9641 7812/9644 7815/9647 7816/9648 
f 7816/9648 7815/9647 6005/9649 5998/9650 
f 7812/9644 7788/9609 7787/9608 7815/9647 
f 7815/9647 7787/9608 6006/9611 6005/9649 
f 7809/9641 7816/9648 7817/9651 7818/9652 
f 7818/9652 7817/9651 7819/9653 7820/9654 
f 7816/9648 5998/9650 5997/9655 7817/9651 
f 7817/9651 5997/9655 6000/9656 7819/9653 
f 7809/9641 7818/9652 7821/9657 7810/9642 
f 7810/9642 7821/9657 7822/9658 7813/9645 
f 7818/9652 7820/9654 7823/9659 7821/9657 
f 7821/9657 7823/9659 7824/9660 7822/9658 
f 7825/9661 7826/9662 7827/9663 7828/9664 
f 7828/9664 7827/9663 7829/9665 7830/9666 
f 7826/9662 7804/9667 7803/9668 7827/9663 
f 7827/9663 7803/9668 7776/9669 7829/9665 
f 7825/9661 7828/9664 7831/9670 7832/9671 
f 7832/9671 7831/9670 7643/9672 7638/9673 
f 7828/9664 7830/9666 7833/9674 7831/9670 
f 7831/9670 7833/9674 7644/9675 7643/9672 
f 7825/9661 7832/9671 7834/9676 7835/9677 
f 7835/9677 7834/9676 7836/9678 7837/9679 
f 7832/9671 7638/9673 7637/9680 7834/9676 
f 7834/9676 7637/9680 7640/6661 7836/9678 
f 7825/9661 7835/9677 7838/9681 7826/9662 
f 7826/9662 7838/9681 7807/9682 7804/9667 
f 7835/9677 7837/9679 7839/9683 7838/9681 
f 7838/9681 7839/9683 7808/9684 7807/9682 
f 7840/9685 7841/9686 7842/9687 7843/9688 
f 7843/9688 7842/9687 7652/9689 7651/9690 
f 7841/9686 7844/9691 7845/9692 7842/9687 
f 7842/9687 7845/9692 7653/9693 7652/9689 
f 7840/9685 7843/9688 7846/9694 7847/9695 
f 7847/9695 7846/9694 7848/9696 7849/9697 
f 7843/9688 7651/9690 7662/9698 7846/9694 
f 7846/9694 7662/9698 7664/9699 7848/9696 
f 7840/9685 7847/9695 7850/9700 7851/9701 
f 7851/9701 7850/9700 7814/9646 7813/9645 
f 7847/9695 7849/9697 7852/9702 7850/9700 
f 7850/9700 7852/9702 7792/9615 7814/9646 
f 7840/9685 7851/9701 7853/9703 7841/9686 
f 7841/9686 7853/9703 7854/9704 7844/9691 
f 7851/9701 7813/9645 7822/9658 7853/9703 
f 7853/9703 7822/9658 7824/9660 7854/9704 
f 7855/9705 7856/9706 7857/9707 7858/9708 
f 7858/9708 7857/9707 7775/9709 7772/9710 
f 7856/9706 7830/9666 7829/9665 7857/9707 
f 7857/9707 7829/9665 7776/9669 7775/9709 
f 7855/9705 7858/9708 7859/9711 7860/9712 
f 7860/9712 7859/9711 7861/9713 7862/9714 
f 7858/9708 7772/9710 7771/9715 7859/9711 
f 7859/9711 7771/9715 7744/9716 7861/9713 
f 7855/9705 7860/9712 7863/9717 7864/9718 
f 7864/9718 7863/9717 7679/9719 7676/9720 
f 7860/9712 7862/9714 7865/9721 7863/9717 
f 7863/9717 7865/9721 7680/9722 7679/9719 
f 7855/9705 7864/9718 7866/9723 7856/9706 
f 7856/9706 7866/9723 7833/9674 7830/9666 
f 7864/9718 7676/9720 7675/9724 7866/9723 
f 7866/9723 7675/9724 7644/9675 7833/9674 
f 7867/9725 7868/9726 7869/9727 7870/9728 
f 7870/9728 7869/9727 7871/9729 7872/9730 
f 7868/9726 7685/9731 7694/9732 7869/9727 
f 7869/9727 7694/9732 7696/9733 7871/9729 
f 7867/9725 7870/9728 7873/9734 7874/9735 
f 7874/9735 7873/9734 7782/9736 7781/9737 
f 7870/9728 7872/9730 7875/9738 7873/9734 
f 7873/9734 7875/9738 7760/9739 7782/9736 
f 7867/9725 7874/9735 7876/9740 7877/9741 
f 7877/9741 7876/9740 7852/9742 7849/9743 
f 7874/9735 7781/9737 7790/9744 7876/9740 
f 7876/9740 7790/9744 7792/9745 7852/9742 
f 7867/9725 7877/9741 7878/9746 7868/9726 
f 7868/9726 7878/9746 7686/9747 7685/9731 
f 7877/9741 7849/9743 7848/9748 7878/9746 
f 7878/9746 7848/9748 7664/9749 7686/9747 
f 7879/9750 7880/9751 7881/9752 7882/9753 
f 7882/9753 7881/9752 7743/9544 7740/9539 
f 7880/9751 7862/9754 7861/9755 7881/9752 
f 7881/9752 7861/9755 7744/9545 7743/9544 
f 7879/9750 7882/9753 7883/9756 7884/9757 
f 7884/9757 7883/9756 7711/9758 7708/9759 
f 7882/9753 7740/9539 7739/9538 7883/9756 
f 7883/9756 7739/9538 7712/9541 7711/9758 
f 7879/9750 7884/9757 7885/9760 7880/9751 
f 7880/9751 7885/9760 7865/9761 7862/9754 
f 7884/9757 7708/9759 7707/9762 7885/9760 
f 7885/9760 7707/9762 7680/9763 7865/9761 
f 7886/9764 7887/9765 7888/9766 7889/9767 
f 7889/9767 7888/9766 7718/9768 7717/9769 
f 7887/9765 7872/9730 7871/9729 7888/9766 
f 7888/9766 7871/9729 7696/9733 7718/9768 
f 7886/9764 7889/9767 7890/9770 7891/9771 
f 7891/9771 7890/9770 7750/9772 7749/9773 
f 7889/9767 7717/9769 7726/9774 7890/9770 
f 7890/9770 7726/9774 7728/9775 7750/9772 
f 7886/9764 7891/9771 7892/9776 7887/9765 
f 7887/9765 7892/9776 7875/9738 7872/9730 
f 7891/9771 7749/9773 7758/9777 7892/9776 
f 7892/9776 7758/9777 7760/9739 7875/9738 
f 7893/9778 7894/9779 7895/9780 7896/9781 
f 7896/9781 7895/9780 5650/9782 5649/9783 
f 7894/9779 7897/9784 7898/9785 7895/9780 
f 7895/9780 7898/9785 5298/9786 5650/9782 
f 7893/9778 7896/9781 7899/9787 7900/9788 
f 7900/9788 7899/9787 6512/9789 6511/9790 
f 7896/9781 5649/9783 5656/9791 7899/9787 
f 7899/9787 5656/9791 5624/9792 6512/9789 
f 7893/9778 7900/9788 7901/9793 7902/9794 
f 7902/9794 7901/9793 7798/9623 7797/9622 
f 7900/9788 6511/9790 6523/9795 7901/9793 
f 7901/9793 6523/9795 5975/9624 7798/9623 
f 7893/9778 7902/9794 7903/9796 7894/9779 
f 7894/9779 7903/9796 7904/9797 7897/9784 
f 7902/9794 7797/9622 7806/9638 7903/9796 
f 7903/9796 7806/9638 7808/9640 7904/9797 
f 7905/9798 7906/9799 7907/9800 7908/9801 
f 7908/9801 7907/9800 6542/9802 6539/9803 
f 7906/9799 7820/9654 7819/9653 7907/9800 
f 7907/9800 7819/9653 6000/9656 6542/9802 
f 7905/9798 7908/9801 7909/9804 7910/9805 
f 7910/9805 7909/9804 5668/9806 5666/9807 
f 7908/9801 6539/9803 6538/9808 7909/9804 
f 7909/9804 6538/9808 5640/9809 5668/9806 
f 7905/9798 7910/9805 7911/9810 7912/9811 
f 7912/9811 7911/9810 7913/9812 7914/9813 
f 7910/9805 5666/9807 5665/9814 7911/9810 
f 7911/9810 5665/9814 5327/9815 7913/9812 
f 7905/9798 7912/9811 7915/9816 7906/9799 
f 7906/9799 7915/9816 7823/9659 7820/9654 
f 7912/9811 7914/9813 7916/9817 7915/9816 
f 7915/9816 7916/9817 7824/9660 7823/9659 
f 7917/9818 7918/9819 7919/9820 7920/9821 
f 7920/9821 7919/9820 7898/9822 7897/9823 
f 7918/9819 5834/7144 5833/7143 7919/9820 
f 7919/9820 5833/7143 5298/7147 7898/9822 
f 7917/9818 7920/9821 7921/9824 7922/9825 
f 7922/9825 7921/9824 7839/9826 7837/9827 
f 7920/9821 7897/9823 7904/9828 7921/9824 
f 7921/9824 7904/9828 7808/9829 7839/9826 
f 7917/9818 7922/9825 7923/9830 7924/9831 
f 7924/9831 7923/9830 7925/9832 7926/9833 
f 7922/9825 7837/9827 7836/9834 7923/9830 
f 7923/9830 7836/9834 7640/9835 7925/9832 
f 7917/9818 7924/9831 7927/9836 7918/9819 
f 7918/9819 7927/9836 5839/7152 5834/7144 
f 7924/9831 7926/9833 7928/9837 7927/9836 
f 7927/9836 7928/9837 5840/7153 5839/7152 
f 7929/9838 7930/9839 7931/9840 7932/9841 
f 7932/9841 7931/9840 7845/9842 7844/9843 
f 7930/9839 7933/9844 7934/9845 7931/9840 
f 7931/9840 7934/9845 7653/9846 7845/9842 
f 7929/9838 7932/9841 7935/9847 7936/9848 
f 7936/9848 7935/9847 7916/9849 7914/9850 
f 7932/9841 7844/9843 7854/9851 7935/9847 
f 7935/9847 7854/9851 7824/9852 7916/9849 
f 7929/9838 7936/9848 7937/9853 7938/9854 
f 7938/9854 7937/9853 5866/7181 5861/7176 
f 7936/9848 7914/9850 7913/9855 7937/9853 
f 7937/9853 7913/9855 5327/6473 5866/7181 
f 7929/9838 7938/9854 7939/9856 7930/9839 
f 7930/9839 7939/9856 7940/9857 7933/9844 
f 7938/9854 5861/7176 5860/7175 7939/9856 
f 7939/9856 5860/7175 5863/7178 7940/9857 
f 7941/9858 7942/9859 7943/9860 7944/9861 
f 7944/9861 7943/9860 5898/9862 5897/9863 
f 7942/9859 6456/9864 6455/9865 7943/9860 
f 7943/9860 6455/9865 5727/9866 5898/9862 
f 7941/9858 7944/9861 7945/9867 7946/9868 
f 7946/9868 7945/9867 7928/9869 7926/9870 
f 7944/9861 5897/9863 5907/9871 7945/9867 
f 7945/9867 5907/9871 5840/9872 7928/9869 
f 7941/9858 7946/9868 7947/9873 7948/9874 
f 7948/9874 7947/9873 7639/9875 7634/9876 
f 7946/9868 7926/9870 7925/9877 7947/9873 
f 7947/9873 7925/9877 7640/9878 7639/9875 
f 7941/9858 7948/9874 7949/9879 7942/9859 
f 7942/9859 7949/9879 6459/9880 6456/9864 
f 7948/9874 7634/9876 7633/9881 7949/9879 
f 7949/9879 7633/9881 6190/9882 6459/9880 
f 7950/9883 7951/9884 7952/9885 7953/9886 
f 7953/9886 7952/9885 7934/9887 7933/9888 
f 7951/9884 7650/9889 7649/9890 7952/9885 
f 7952/9885 7649/9890 7653/9891 7934/9887 
f 7950/9883 7953/9886 7954/9892 7955/9893 
f 7955/9893 7954/9892 5922/9894 5920/9895 
f 7953/9886 7933/9888 7940/9896 7954/9892 
f 7954/9892 7940/9896 5863/9897 5922/9894 
f 7950/9883 7955/9893 7956/9898 7957/9899 
f 7957/9899 7956/9898 6478/9900 6475/9901 
f 7955/9893 5920/9895 5919/9902 7956/9898 
f 7956/9898 5919/9902 5746/9903 6478/9900 
f 7950/9883 7957/9899 7958/9904 7951/9884 
f 7951/9884 7958/9904 7656/9905 7650/9889 
f 7957/9899 6475/9901 6474/9906 7958/9904 
f 7958/9904 6474/9906 6210/9907 7656/9905 
s off
